0,1.4,0
0,0.2,0
10.8;0.08;0.04,0.5,200
0,0.4,0|0
0,1.4,0
0,0.4,0|0
0,0.6,0|0
0,0.2,0
0.04,0.5,200
0,0.6,200|204
0,1.4,0
0,0.2,0
0,0.4,0|0
0,1.4,0
0,0.5,0
0,0.6,204
0,0.4,0|0
0,0.6,0|0
0,0.4,0|0
2.6;2.4;2.4;1.16;0.89,1.4,200
0,0.4,204
0,0.2,0
0,1.4,0
0,0.4,0|0
0,0.2,0
0,0.5,204
0,0.6,0|0
0,0.6,0|0
0,0.4,0
0,0.5,0
0,0.6,0|0
0,1.4,0
2.01;0.68;0.45;0.41;0.33,0.8,200
1.37;0.72;0.38,0.2,200
0,0.2,0
0,0.4,0|0
0,0.5,0
0,0.2,0
0,0.5,204
0,0.6,0|0
0,0.2,0
0,0.4,204|204
0,0.4,204|204
0,0.4,0|0
0.02,0.6,200|200
0,0.4,0|0
0,0.5,204
0,1.4,0
0,0.4,0|0
0,0.4,0|0
0.14,0.4,200|200
0,0.4,0|0
0,0.6,0|0
0,0.2,0
0,1.4,0
0,0.6,0|0
0,0.4,0|0
0,0.4,0|0
0,0.4,0|0
0.12;0.08,0.2,200
0,0.5,0
0,1.4,0
0,0.6,0|0
0,1.4,0
0,0.5,204
0,0.4,0|0
0,0.45,0
0.01;0.01,0.4,200|200
0,0.4,0|0
0,1.4,0
2;1.02;1;0.6;0.32,0.2,200
0,0.2,0
0,0.6,204|204
0,0.4,0|0
0,0.2,0
0,1.4,0
0,0.4,0|0
0,1.4,0
0,1.4,0
0,0.2,0
0,0.6,0|0
0,0.2,0
0.03,0.4,200|200
0,0.4,0|0
0,0.5,0
0,0.6,0|0
0,0.4,0|0
0,0.6,0|0
0.01,1.4,200
0,0.4,0|0
0,0.5,0
0,0.4,0|0
0,0.4,0|0
0,0.4,0|0
0,0.4,204|204
0,0.4,0|0
0,0.4,0|0
0,0.6,0|0
0,0.5,0
0.02;0.01,1.4,200
0,1.4,0
0,0.4,0|0
0,0.5,0
0,0.4,0
0,0.6,0|0
0,0.4,0
0,0.4,0|0
0,0.4,204|204
0,0.6,204|204
0,0.2,0
0,1.4,0
0,0.5,0
0,0.4,0|0
0,0.5,0
0,0.5,0
0.38;0.12;0.02,1.4,200
0,0.5,0
0,1.4,0
0,0.6,0|0
0,0.2,0
0,0.2,0
0,1.4,0
0,0.4,0|0
0,1.4,204
0,1.4,0
0.07,0.6,200|200
0,0.4,0|0
0,0.2,204
0,1.4,0
0,0.5,204
0,0.6,0|0
0,0.4,0|0
0,0.4,0|0
0.36;0.12,0.4,200|200
0,0.2,0
1.51;0.12;0.03,1.4,200
2.6;2.41;2;0.54;0.48,0.8,200
0,0.4,204|204
0,0.6,0|0
0,0.4,0|0
0,0.4,0|0
0.28;0.01,0.4,200|200
0,1.4,0
0,0.4,0
0,0.2,204
0,0.6,0|0
0,0.2,0
0,0.4,200|204
0,1.4,0
0.06,0.2,200
0,0.6,0|0
0,1.4,0
0,0.2,0
0,0.6,0|0
0,1.4,0
0.07,0.4,200|200
1.32;1.27;1.2;0.85;0.34,0.2,200
0,0.4,0|0
0,0.2,0
0,0.4,0|0
0,0.2,0
0.8;0.36;0.35;0.28,0.8,200
0,0.4,0|0
0,0.6,204|204
0,0.2,0
0,0.6,0|0
0,0.4,204|204
0,0.5,204
0.01,1.4,200
0,1.4,0
0,0.6,0|0
0,1.4,204
0,0.5,0
0,0.2,0
0,0.4,204|204
0,0.6,0|0
0,0.4,0|0
6.07;4.17;2.66;1.35;0.94,0.2,200
0,1.4,0
1.6;0.02,0.5,200
0,0.6,204|204
0,0.4,0|0
0.31;0.13,0.4,200|200
0,0.5,204
0,1.4,0
0,0.4,0|0
0.02,1.4,200
0,1.4,204
0,0.2,0
0,1.4,0
0,0.2,0
0,1.4,0
0,0.6,0|0
0,0.6,0|0
0,0.5,0
0,0.6,0|0
5.53;2.4;2;1.2;1,0.8,200
0,1.4,0
0,0.6,0|0
0,0.2,0
0,0.6,0|0
0,0.5,0
0,0.4,0
0.17,0.4,200|200
0,0.6,0|0
0,0.5,0
0,0.5,0
0,0.5,0
0,1.4,0
0,0.2,0
0,0.4,204|204
0,0.6,0|0
0,0.4,0|0
0,0.2,0
0,0.4,0|0
0.12;0.02,0.6,200|200
0,0.2,0
0.28;0.06,0.4,200|200
0.48,0.6,204|200
0,1.4,0
0,1.4,0
0,0.6,0|0
0,1.4,0
0,0.6,0|0
0,1.4,0
0,0.5,0
0,0.4,204|204
0.8;0.04;0.01,0.5,200
0,1.4,0
0,0.4,0|0
0,0.5,204
0,0.4,204|204
0,0.6,0|0
2.04;1.8;1.6;1.44;1.09,0.2,200
0,0.6,0|0
0,0.6,0|0
0,0.6,204|204
0,0.4,0|0
0,0.4,0|0
0.38,1.4,200
0,1.4,0
0,1.4,0
0,0.2,0
0,0.6,0|0
0,0.2,0
0,0.2,204
0,0.4,0
0,0.2,0
0,0.4,0|0
0,0.4,0|0
0,0.4,0|0
0,0.2,0
0,0.4,204
1.17;0.4;0.38,1.4,200
0,0.2,0
0,0.5,0
0,0.5,204
0,0.6,0|0
0,1.4,0
0,0.4,0|0
0,0.5,204
0,0.4,0
0,1.4,204
0,1.4,0
0,0.6,0|0
0,0.4,0|0
0,0.4,0|0
0,0.4,0|0
0,0.6,0|0
0,0.4,204|204
0,0.2,0
0,1.4,0
0,0.4,0|0
0,0.4,0|0
0,1.4,0
0,0.4,0|0
0.01;0.01,0.4,200|200
0,1.4,0
0,0.2,204
0,0.4,0|0
0,0.5,0
0,1.4,0
0,0.5,204
0,0.4,204|204
0.28;0.07,0.2,200
0,0.5,204
0,0.4,0|0
0,1.4,0
0,1.4,0
0,0.4,204
0,0.5,0
0.09,0.4,200|200
0,0.4,204|204
0,0.2,204
0,0.5,0
0,1.4,0
0,0.6,0|0
0,0.4,0|0
4.45;0.92;0.86;0.42;0.32,0.2,200
0,1.4,0
0,0.5,0
0,0.2,0
0.71;0.2;0.13,0.4,200|200
0,0.4,204|204
0,0.2,0
0,0.5,204
0,0.5,204
0,1.4,0
0,0.4,0|0
0,0.5,0
0,1.4,0
0,0.4,204|204
0,0.5,0
0,0.2,0
0,0.5,0
0.07;0.03,0.4,200|200
0,0.6,0|0
0,0.4,204|204
0,0.45,0
0,0.45,0
0,0.4,0|0
0.09,0.4,200|200
0,0.4,0|0
0,0.4,0|0
0,1.4,0
0,0.45,0
0,0.4,204|204
0,0.6,204|204
0,0.4,0|0
0,0.6,0|0
0,0.5,0
0,0.5,204
0,1.4,204
0,0.4,0|0
0,1.4,0
0.27,0.6,200|200
0.55,0.4,204|200
0,0.4,0|0
0,0.2,0
0.38;0.12;0.08;0.02,1.4,200
0,0.6,0|0
0,0.5,0
1.16;0.38;0.16;0.02,1.4,200
0,1.4,0
0,0.2,0
0.24;0.08,0.2,200
1.72;1.56;0.6;0.36;0.32,0.2,200
0,0.2,0
0,0.2,0
0.08,0.5,200
0,0.6,0|0
0,0.2,0
0.03,1.4,200
0,0.4,0|0
0,0.2,0
0,0.4,0|0
0,1.4,0
0.12,0.6,200|200
0,0.4,200|204
0,0.4,0|0
0,0.6,204|204
0,0.4,204|204
0,1.4,0
1.14,0.2,200
0,0.2,0
0,1.4,0
0.16;0.01,0.5,200
0.48;0.38;0.02,0.5,200
0,0.2,0
2.55;1.88;1.36;1.36;0.84,0.2,200
0,0.4,0|0
0.12;0.08;0.02,0.4,200|200
0,0.6,204|204
0,1.4,0
0,1.4,0
0,0.2,0
0,0.5,204
2.4;2.2;1.5;1;0.39,0.8,200
0,0.5,0
0,1.4,0
0,0.5,0
0,0.4,0|0
0,0.5,0
0,0.6,0|0
0,0.2,0
0,1.4,0
0.12;0.05,0.4,200|200
0,0.5,0
0,0.5,0
0,0.6,0|0
0,0.4,200|204
0,0.4,204|204
0.02,1.4,200
0,0.2,0
0,1.4,0
0,0.2,0
0,1.4,0
0,0.4,204|204
0,0.4,0|0
0,1.4,204
0,0.5,204
0,0.2,0
0,0.2,0
0,0.4,204|204
0.03,0.4,200|200
0,0.4,0|0
0,1.4,0
0,0.6,0
0.03;0.01;0.01,0.5,200
0,0.2,0
0,1.4,204
0,0.4,0|0
0,1.4,0
1.16;0.78;0.12,0.2,200
0,0.4,0|0
0,1.4,0
0,0.5,204
0,0.4,0|0
0,0.6,0|0
0,1.4,0
0,0.4,0|0
0,0.6,0|0
0,1.4,0
0,0.5,204
0.11;0.08;0.05,0.5,200
2.17;1.86;1.2;1.15;0.37,0.8,200
0,1.4,0
0,0.4,0|0
0.08,0.2,200
0,0.6,0|0
0.42;0.24;0.07,0.2,200
0,0.6,0|0
0,0.6,0|0
0,0.4,0|0
0,1.4,0
0,0.2,0
0.86;0.85;0.8;0.69;0.34,1.4,200
0,0.6,204|204
0,1.4,0
0.5;0.38;0.01,0.5,200
0,0.4,0|0
0,1.4,204
0,0.4,204|204
0,0.4,0|0
0,0.5,0
0,1.4,204
0,0.6,200|204
0,0.4,0|0
0,0.2,0
0,1.4,0
0,0.4,0|0
0,0.4,0|0
0,1.4,0
0.28;0.08,1.4,200
5;2.23;2;1.64;1.27,0.8,200
0,0.5,0
0,0.4,0|0
0,0.4,0|0
0,0.4,0
0,0.6,204|204
0,0.2,0
0,0.6,0|0
0,0.5,0
0,0.4,0|0
0,0.4,204
0,0.2,0
0,0.5,0
0.07,0.4,200|200
0,1.4,0
0.23;0.17,1.4,200
0,0.4,204|204
0,0.4,0|0
0.12;0.05,0.4,200|200
0.96;0.38;0.24;0.02,0.8,200
2.11;0.44;0.02,0.5,200
0,0.5,204
0,0.4,204|204
0,0.2,0
0,0.2,0
0,0.4,0|0
0.88;0.02,0.6,200|200
0,0.6,0
0,0.4,0|0
0,0.4,204|204
0,0.6,0|0
0.4,0.6,200|200
0,0.4,0|0
0,1.4,0
0,1.4,0
0,0.2,0
0,0.6,0|0
0.28;0.04,0.4,200|200
0,1.4,204
0,0.5,204
0,1.4,0
0,0.6,0|0
0,1.4,0
0,0.5,0
0,0.2,0
0,0.4,0|0
0,1.4,0
0,1.4,204
0,0.4,204|204
0,0.4,0|0
0.09,0.4,200|200
0,0.2,0
0.48,0.4,200|200
3.32;2.17;1.48;0.59;0.38,1.4,200
1.71,0.6,204|200
0.02,0.5,200
0,0.4,0|0
2.4;2.4;0.87;0.8;0.65,0.8,200
0,1.4,0
0.68;0.38;0.08,0.6,200|200
0,0.6,0|0
0,0.4,0|0
0,0.4,0|0
0,0.4,0|0
0,1.4,0
0,0.45,0
0,0.4,0|0
0.09;0.02,1.4,200
0.6,0.5,200
2.03;0.96;0.92;0.33;0.14,0.2,200
0,0.4,204|204
0,0.6,0|0
0,1.4,0
0,0.4,204|204
0.96;0.01,1.4,200
0,0.4,204
0,0.4,0|0
0,0.5,0
0.2;0.12,0.2,200
0.12;0.05,0.6,200|200
0,0.4,0|0
0,0.5,0
0,0.5,204
0,0.4,0|0
0,1.4,0
0,0.5,0
0,1.4,204
0,0.4,204
66.66;2.8;0.6;0.36,0.8,200
0.01,0.4,200|200
0,0.2,0
0,0.6,0|0
0,0.4,0|0
0,0.5,0
0.08;0.05,0.4,200|200
0,1.4,204
0.12,1.4,200
0,0.5,0
0.01,0.4,200|200
0,0.6,204|204
0,1.4,0
0,1.4,0
0,0.4,0|0
0,0.4,0|0
0,0.2,0
0,0.4,204|204
0,0.4,204|204
0,0.4,204|204
0,1.4,0
0,1.4,0
0,0.6,0|0
0,0.6,0|0
0,0.4,0|0
0,0.2,0
0,0.2,0
0,1.4,0
0,0.6,0|0
0,0.5,0
0,1.4,0
0,0.6,0|0
0.56;0.12,0.5,200
0,0.4,204|204
0,0.2,0
0,1.4,204
1.4;1.26;0.69;0.34;0.33,1.4,200
0,1.4,0
0,0.2,0
0,0.5,0
0,1.4,0
0.27;0.13;0.08;0.07,0.2,200
0,0.6,204|204
1.84;1.4;1.06;0.93;0.83,1.4,200
0,0.5,0
0,0.4,0|0
0.23,0.4,200|200
0,1.4,0
0.35;0.01,0.5,200
0,0.4,0|0
0,0.6,0|0
0,0.6,0|0
0.59;0.12,0.5,200
0.44;0.12,0.4,200|200
0,0.2,0
0,0.5,0
0,0.4,204
0.04;0.03;0.01,0.2,200
0,0.4,200|204
0,0.4,204|204
0,0.2,0
2;0.86;0.76;0.67;0.62,1.4,200
0,0.2,0
0,0.6,0|0
0,0.6,0|0
0,0.6,0|0
0,0.4,0|0
0,0.5,204
0,0.6,0|0
0,1.4,0
0,1.4,0
0,0.5,0
0,0.5,0
0,0.4,0|0
0,0.4,204
0.32;0.1;0.02,0.2,200
0,0.4,204|204
0,0.4,0|0
0,0.4,0|0
0,0.2,0
0.03,0.5,200
0,0.2,204
0,1.4,0
0,0.6,0|0
0.2,0.4,200|200
0,1.4,0
0.47;0.08,0.4,200|200
0,0.2,0
0.04,0.5,200
0,0.4,0|0
0,0.2,204
0,0.2,0
0,0.5,0
0,0.6,0|0
0,0.6,0|0
0,1.4,0
0,0.4,0|0
0,0.6,0|0
0,0.5,204
0,0.5,0
0.03,1.4,200
0,0.6,0|0
0,0.4,0|0
0,0.5,0
0.03;0.02,0.5,200
0,1.4,0
0,0.5,0
0.17,0.2,200
0.02,0.6,200|200
0,0.2,204
0,0.6,0|0
0.03,0.2,200
0,0.4,0|0
0,1.4,204
0,1.4,0
0,0.4,0|0
0,0.4,0|0
0,0.4,0|0
0,1.4,0
0,0.6,0|0
0,0.5,204
1.72;1.52;1.2;0.92;0.36,0.5,200
0,0.6,204|204
0,0.8,0|0
0,1.4,0
0,0.4,0|0
0,0.4,204|204
0.08;0.03,0.4,200|200
0,0.4,0|0
0.64;0.01,1.4,200
0,0.5,0
0.05;0.01,0.4,200|200
0.12,0.4,200|200
0,0.2,0
0,0.6,0|0
0,1.4,0
0,0.2,204
0,0.4,204
0,1.4,0
0,0.5,0
0,0.6,0|0
0,0.2,0
0,0.6,0|0
0,1.4,0
0,0.6,0|0
0.14,0.4,200|200
0.01,1.4,200
0,0.6,0|0
0.05,0.2,200
0,1.4,0
0,0.5,0
0,0.6,204|204
0,0.2,0
0,1.4,0
0,0.2,0
0,1.4,0
0,0.5,0
0,0.4,204|204
0.14,1.4,200
0,0.6,0
0,1.4,204
0,1.4,0
0,0.6,0|0
0,0.4,0|0
0,0.2,0
0,0.5,0
0,0.5,0
0,0.4,0|0
0,0.6,0
0,0.6,0|0
0,0.2,0
0,1.4,0
0.4,0.5,200
1.36;1.05;0.81;0.64;0.37,0.2,200
0,0.5,0
0,0.4,0|0
4.58;1.77;1.6;0.04,0.2,200
0,0.4,0|0
0.8;0.02,0.8,200
0,0.2,0
0,0.2,204
0,0.4,0|0
0,1.4,0
0.01,0.4,200|200
0,0.2,0
0.02,0.6,200|200
0,1.4,0
0.02,0.5,200
0,0.2,0
0,0.4,0|0
0,1.4,0
0,0.6,0|0
0.46,0.4,204|200
0,0.4,0|0
0,0.5,0
0,0.6,0|0
0,1.4,0
0,1.4,0
0,0.6,0|0
0,0.2,0
0,0.6,0|0
5.45;3.6;2.46;2.4;0.99,1.4,200
0,0.6,0|0
0,1.4,0
0,0.5,0
0,1.4,0
0,0.6,200|204
0,0.2,0
0,0.2,0
0.15,0.5,200
0.07,0.2,200
0,1.4,204
0.08,0.5,200
0,0.6,204|204
0,0.2,0
0,0.6,0|0
0,0.6,0|0
0.01,0.4,200|200
0,0.4,0
0,0.4,0
0,0.5,0
0,0.5,0
0,0.5,0
0.99;0.42;0.34;0.28;0.16,0.2,200
0,0.4,204|204
0,0.4,0|0
0.8;0.12,0.8,200
0,0.2,0
0,0.4,0|0
0,1.4,0
0,0.2,0
0,0.4,0|0
0,0.2,0
0,0.4,0|0
0,0.4,0|0
0,0.2,0
0,1.4,0
0,1.4,204
0,1.4,0
0,0.6,0|0
0,1.4,0
0,0.2,204
0,0.6,0|0
0,0.2,0
0,1.4,0
0,1.4,0
0,0.4,204|204
0,0.6,0|0
0,0.5,0
0,1.4,0
0.3,0.6,200|200
0,0.4,204|204
0,0.2,0
0,0.4,0
0,0.4,0|0
0,0.4,0|0
0,0.4,0|0
0,0.4,0|0
0,0.45,0
1.32;0.01,1.4,200
0.01,0.4,200|200
0,0.4,204|204
0,0.4,0|0
0,0.4,0|0
0,1.4,0
0.06;0.01,0.4,200|200
0,0.4,0|0
0,0.6,0|0
0,0.4,0|0
0,0.5,0
0,0.4,0
0,1.4,0
0.04,0.5,200
0,0.4,204|204
0,0.4,0|0
0.01,0.5,200
0,0.6,0|0
2.8;1,1.4,200
2.56;0.8;0.35;0.28;0.03,0.2,200
0,0.4,0|0
0,0.5,204
3.87;2;1.03;0.86;0.68,1.4,200
0,0.6,0|0
0,0.2,0
0.02,0.5,200
0,1.4,0
0,0.2,0
0,1.4,0
0,0.2,0
1.52;0.8;0.6;0.3;0.12,1.4,200
0,1.4,0
0,0.2,0
0,0.4,0|0
0.68;0.44;0.4;0.27;0.11,0.6,200|200
0,1.4,0
0,1.4,0
0,0.2,0
0,0.5,0
0,0.4,204|204
0,0.2,0
0,0.6,200|204
0,0.5,204
0,0.4,0|0
0,0.6,0|0
0,0.6,0|0
0,0.6,0|0
0,1.4,0
0,1.4,0
0,0.2,204
0,0.4,204|204
0,0.4,0|0
0,0.4,0|0
0.91;0.26;0.02,0.2,200
0,1.4,0
0,1.4,0
0,0.4,0
0,0.4,0|0
0,0.4,0|0
0,1.4,204
0,1.4,0
0,0.4,204
0,0.2,0
0,0.4,204|204
0,0.6,0|0
0,0.4,0|0
0,0.4,0|0
1.2;0.08,0.5,200
0,1.4,0
0,0.6,0|0
0,0.2,0
0,0.6,0|0
0,0.4,204|204
0,1.4,0
0,0.4,0|0
0.06,0.6,200|200
0,0.6,0|0
0,0.6,0|0
0,0.2,0
0,0.2,0
0,0.2,0
0,0.6,0|0
0.2,0.4,200|200
0.03,0.6,200|200
1.6;1.48;1.2;0.81;0.8,1.4,200
0,0.2,0
0,0.5,0
0,0.6,0|0
0,0.4,0|0
0,0.5,0
0,0.4,0|0
0,1.4,0
0,0.4,0|0
0,0.4,0|0
0,0.4,0|0
0,0.2,0
0,0.4,204|204
0,0.4,0|0
0,0.6,0|0
0,0.5,204
0,0.4,0|0
0,0.4,0|0
0,0.6,0|0
0,0.2,0
0.4;0.14;0.08;0.01,0.6,200|200
0.28;0.02,0.4,200|200
0,0.2,0
0,0.6,0|0
0,1.4,204
0,1.4,0
0,0.4,0|0
0,1.4,0
1.6;0.83;0.81;0.72;0.68,0.2,200
0,0.6,0|0
0,0.2,0
0,0.4,0
0,0.2,0
0,0.5,0
0,1.4,204
0,0.4,0|0
0,0.4,0|0
0,1.4,0
0,1.4,0
0,0.4,0|0
0,1.4,0
0,0.2,0
0,0.4,0|0
0.09,0.4,204|200
0,0.4,0|0
0,0.4,0|0
0,0.4,0|0
0,0.4,0|0
4;0.04,0.2,200
0,0.5,0
0,1.4,0
0,0.2,0
0,0.4,0
0,1.4,0
0,0.4,0|0
0,0.2,0
0,0.2,0
0,0.4,204|204
0,0.4,0|0
0,1.4,0
0,0.6,0|0
0,0.2,0
0,0.45,0
0.04,1.4,200
0.02,0.4,200|200
0,0.4,200|204
0,0.2,204
0,1.4,0
0,0.6,0|0
0,0.4,0|0
0,0.6,0|0
0,0.4,204|204
0.05,0.4,200|200
0,0.2,0
0,0.5,0
0,0.2,0
0.34;0.2,0.6,200|200
3.87;2.4;0.86;0.8;0.57,0.2,200
0,0.4,204|204
0,0.2,0
0,0.5,0
0,0.6,0|0
0,0.4,0|0
0,0.4,0|0
0.56,1.4,200
0.01,0.5,200
0,0.6,0|0
0,0.5,0
1.8;0.88;0.68;0.42;0.26,0.2,200
0,1.4,0
0,0.4,204
0,0.6,0|0
0,0.4,0|0
0,0.4,0|0
0,1.4,0
0,1.4,0
0,0.6,0|0
0,0.4,200|204
0,1.4,0
0,1.4,0
0,0.4,204|204
0,1.4,0
0,1.4,0
0.01,0.4,200|200
0,0.2,0
0,0.4,0|0
0,0.6,0|0
0,0.2,0
0,0.2,204
0,0.4,0|0
0,0.2,0
0.8;0.04,0.2,200
0,0.2,0
0,0.5,0
0,0.5,0
0.12,0.2,200
0,0.2,0
0,0.6,0|0
0,1.4,0
0,0.2,0
0,0.6,204|204
0.12;0.01,0.5,200
0,0.5,0
0.64;0.2,0.5,200
2.57;1.79;1;0.8;0.4,0.8,200
0,0.6,0|0
0.8;0.04,1.4,200
0,0.2,0
0,1.4,204
0,0.5,204
0.01,0.5,200
0,0.4,0|0
0,0.4,0|0
0,0.45,0
0,0.4,0|0
0,0.4,0|0
0,0.5,0
0.09,0.6,204|200
0,0.4,204|204
0,0.2,204
0,0.2,0
0,0.6,0|0
0,0.4,204
0,0.6,0
0,0.2,0
0,0.2,0
0.01,0.4,200|200
0,0.2,0
0.12;0.05,0.4,200|200
0,0.2,204
0,0.4,204|204
0,1.4,0
7.06;7.01;0.7;0.55;0.54,0.2,200
0,0.6,0|0
0,1.4,0
0,0.6,0|0
0,0.4,204|204
0,0.4,0|0
0,0.6,0|0
0.08;0.07,0.6,200|200
0,0.5,0
0,0.6,0|0
0,0.2,204
0,0.4,204|204
0,0.2,204
0.02,0.6,200|200
0,0.2,0
0,1.4,204
0,0.6,0|0
0,0.6,204|204
0,0.5,204
0,0.4,204
0,0.4,0|0
0.74,0.5,200
0.68;0.1;0.04,0.6,200|200
0.04,0.4,200|200
5.06;3.96;1.43;0.94;0.68,0.8,200
0,0.4,0
0,0.4,204
0.6;0.19,1.4,200
0,0.5,0
0,0.2,204
0,0.5,0
3;2.8;0.24;0.09,0.5,200
0,0.6,0|0
0,0.4,0
0,0.6,0
0,0.5,0
0,0.6,0|0
0,0.4,0|0
0.05;0.03,0.6,200|200
0,0.4,0|0
0,0.4,0|0
0.72;0.04,0.5,200
0,0.5,0
0,0.4,0|0
0,0.6,0|0
0,0.2,0
0,0.2,0
0,0.4,0|0
0,0.4,204|204
0,0.6,204|204
0,1.4,0
0,1.4,0
0.01,0.2,200
0,0.4,0
0,1.4,0
0.16;0.02,0.2,200
0,1.4,0
0,0.2,0
0,0.2,0
0.03,0.4,200|200
0,0.4,0|0
0,0.6,0|0
0,0.4,0|0
0,1.4,0
0,0.2,0
0,0.4,0|0
0,1.4,0
0.05;0.01,0.4,200|200
0,0.2,0
0,0.4,0|0
0,0.4,0|0
0,0.2,0
0,1.4,0
0,0.2,0
0,0.4,0|0
0,0.6,0|0
0,0.2,204
0,0.4,0|0
0,0.6,204|204
0,0.4,0|0
0,0.4,0|0
0,0.6,0
0.26;0.04,0.4,200|200
0,0.5,204
0,0.4,0|0
0,0.4,0|0
0,0.5,0
0,0.4,0|0
0,0.4,0|0
0,0.2,0
0,0.5,0
0,0.4,0|0
0.02,0.5,200
0.35;0.04,0.2,200
1.44;0.02,1.4,200
0,1.4,0
0,0.2,204
0,0.4,204|204
0,0.4,200|204
0,0.6,204|204
0,0.5,204
0,1.4,0
0,1.4,204
0,0.4,204|204
0,0.4,204
0,0.6,0|0
0,1.4,0
1.44;0.88;0.74;0.28;0.24,1.4,200
0,1.4,0
0,0.4,204|204
0,1.4,0
0,0.4,0|0
0,0.2,0
0.04,0.5,200
0,0.5,204
0,0.6,0|0
0,0.4,0|0
0,0.4,204|204
0,0.4,0|0
0,1.4,204
0,1.4,0
0,0.6,0|0
0,1.4,0
0,1.4,0
0,0.4,204|204
0,0.4,204
0,0.2,0
0,0.4,0|0
0.38;0.12;0.02,0.2,200
0,0.4,0|0
0,0.5,0
0.2,1.4,200
0,0.4,0|0
0,0.4,0
0,0.4,204
0,0.4,204
0.02,0.6,204|200
0,0.4,0|0
0,1.4,0
0,0.4,0|0
0,0.4,204
0,0.5,204
0,0.2,0
0,0.5,204
3.29;0.03,0.5,200
0,0.4,0|0
0,0.6,0|0
0,0.5,204
0,0.4,204|204
0,1.4,0
0,0.4,0|0
0,0.2,0
0,0.6,0|0
0,0.4,0|0
0,0.5,0
0.01,0.4,200|200
0,0.5,204
0,0.5,0
0,0.6,0|0
0,1.4,0
0,0.4,0|0
0,0.2,0
0.07,1.4,200
0,0.4,0|0
0.05,0.6,200|200
0,0.4,0|0
0.23,0.6,204|200
0,1.4,0
0,0.5,0
0,0.6,0|0
0,1.4,204
0,0.5,0
0,1.4,204
0,0.4,0|0
0,0.2,0
0,0.6,0|0
0,0.5,0
0,0.4,0|0
0,0.5,0
0.12,0.4,200|200
0,0.4,0|0
0,0.6,0|0
0,0.4,0|0
0,0.4,0
0,1.4,204
0,0.5,0
0,0.2,0
0,0.6,0|0
0,1.4,204
0,0.5,204
0.14,0.4,200|200
0,0.2,0
0.06,0.4,200
0,0.5,204
0,0.6,0|0
1.03;0.83;0.8;0.36;0.02,0.8,200
0,0.2,0
0,1.4,0
0,0.4,0|0
0.17,0.4,200|200
0,0.4,0|0
0,0.4,0|0
0,0.2,0
0,0.4,0|0
1.29;0.81,0.5,200
0,0.5,0
0,0.6,0|0
0.8;0.68;0.41;0.16;0.16,0.8,200
0,0.5,0
0,0.6,0|0
0,0.2,0
0,0.6,0|0
0,0.4,0|0
0,0.4,204|204
0,0.4,204
0,0.4,0|0
0,0.4,0|0
0.36;0.17;0.13,0.4,200|200
0,0.4,0|0
0,1.4,0
0.42;0.05,0.4,200|200
0,0.2,0
0,1.4,0
0,0.5,0
0,0.2,204
0,0.6,0|0
0.16,0.2,200
3.18;1.12;0.8;0.36;0.32,0.5,200
0,0.5,0
0,0.2,0
0,0.4,0|0
0,0.2,0
0,0.4,0|0
0,0.5,0
0,0.4,0|0
0,0.2,0
0,0.4,0|0
0,0.5,0
0,0.5,0
0,0.2,0
0,0.6,0|0
4;1.8;0.68;0.44;0.25,0.8,200
0,0.2,0
0.8;0.36;0.24;0.09,0.8,200
0,0.2,0
0.24;0.12;0.08;0.03,1.4,200
0,1.4,0
0,0.4,0|0
0,0.2,0
0,0.4,0
0,0.4,0|0
0,0.2,0
0.88;0.04,0.8,200
0,0.4,0|0
0,0.5,0
0,0.5,0
0,0.2,0
0,1.4,0
0,1.4,0
0,1.4,0
0,0.4,0|0
0,1.4,204
0,0.5,204
0.06,1.4,200
0,0.2,0
0,0.6,0|0
0,0.6,0|0
0,1.4,0
0,0.5,204
0.29;0.04,0.4,200|200
0,0.5,0
0,0.4,0|0
0,1.4,0
0,0.6,204|204
1;0.8;0.26;0.07,0.2,200
0,0.2,0
0,0.5,204
0,0.6,0|0
0.12,0.2,200
0,0.2,0
0,0.4,0|0
14.76;6.32;2;1.78;1.64,1.4,200
0,0.2,0
0,0.5,0
0,0.6,0|0
0.04;0.01,0.5,200
0,1.4,0
0,0.4,0|0
0,0.2,0
0,1.4,204
0,0.5,0
0,0.4,0|0
0,1.4,204
0,0.2,0
0.09,0.5,200
0,1.4,204
0,0.5,204
0,1.4,0
0,0.5,0
0,0.2,0
0,0.4,0|0
0,0.2,204
0,0.5,0
0.14,0.5,200
0,0.4,0|0
0,1.4,0
0.12,0.5,200
0,0.6,0|0
0,0.6,0|0
1.32;0.72;0.02,0.8,200
0.59,1.4,200
0.35;0.03;0.02,0.4,200|200
0,0.4,204|204
0,1.4,0
0,0.4,204|204
0,0.6,0|0
0,0.2,0
0,0.5,0
0,1.4,0
0,0.6,0|0
2.6;0.72;0.68;0.55;0.31,0.6,200|200
0,0.2,0
0,0.2,0
0.38;0.02,1.4,200
0,0.5,204
0,0.4,0|0
0,0.2,204
0.14,1.4,200
0.53,0.2,200
0,0.5,0
0,0.4,0|0
0,0.4,0|0
0,0.2,0
0.12;0.02;0.02,0.2,200
0,1.4,204
0,0.2,0
0,0.4,0|0
0.12;0.02,0.2,200
0,0.4,0
0,0.6,0|0
0,0.2,0
0.01,0.6,200|200
0.01,0.4,200|200
0.04;0.01,0.6,200|200
0.12;0.04,0.5,200
0.16,0.5,200
0,0.6,0|0
0,1.4,0
0,0.4,0|0
0,0.4,0|0
0,0.6,0|0
0,0.4,0
0.12,0.2,200
0,0.5,0
0,0.5,0
0,0.2,0
0,0.4,0|0
0,0.4,200|204
0,0.6,0|0
0,0.2,0
0,0.6,0|0
0,0.4,0|0
0,0.4,0|0
0.03,0.2,200
0,0.2,0
0,0.2,0
0,0.4,0|0
0,0.4,0|0
0,0.4,204|204
0.09,0.4,200
0,0.4,0|0
0.26,0.4,200|200
0,0.6,0|0
0,0.5,0
1.37;1.3;1.1;0.99;0.88,1.4,200
0,0.2,0
0,0.6,204|204
0.38,0.4,200|200
0,1.4,0
0,0.6,0|0
0,1.4,0
0.04,0.6,204|200
0,1.4,0
0,0.2,204
0,0.5,0
0,0.4,0|0
0,0.4,0
0,0.2,0
0,0.2,0
0.04;0.02,0.6,200|200
1.18;1;0.82;0.8;0.48,1.4,200
0,0.2,0
0,0.2,0
0,0.2,204
0,0.4,0|0
1.8;0.57;0.39;0.32;0.3,0.2,200
0,0.5,0
0,0.5,0
0,0.5,204
0,0.6,204|204
0,0.6,0|0
0,0.2,0
0.64;0.2,0.2,200
0,0.4,204|204
0,1.4,0
0,0.5,0
0,0.5,0
0,0.5,204
0,1.4,0
0,0.4,204|204
0,0.6,0|0
0,1.4,0
0,1.4,0
0.04,0.4,200|200
0,0.6,0|0
0,1.4,0
0,0.5,0
0,0.6,0|0
0,0.4,0|0
0,0.2,0
0,0.4,0|0
0,1.4,0
0.02,0.4,200|200
0,0.2,0
0,0.2,0
0.39;0.02,0.2,200
0,0.2,0
0,0.6,0|0
0,0.4,0|0
0,0.5,0
0.05,1.4,200
0,0.5,0
0,1.4,0
0,0.4,0|0
0,0.4,0|0
0,0.4,0|0
0,0.4,204|204
0.28,0.5,200
0,0.6,0|0
0,1.4,0
0,0.4,0|0
0,0.5,204
0,1.4,0
5.22;4.4;3.95;1.55;1.17,0.2,200
0,0.4,0|0
0,0.2,204
0,1.4,0
0,0.6,0|0
0,0.4,0|0
0,0.2,204
0,0.2,0
0,0.4,0
0,0.4,0|0
0,0.6,0|0
0,1.4,0
0,0.2,0
0,0.4,0|0
0,0.2,0
0,1.4,0
0,0.6,204|204
0,0.2,0
0,0.6,200|204
0,0.4,0|0
0,0.4,204|204
0,1.4,0
2.12,0.2,200
0,1.4,0
0,0.4,204|204
0,0.4,0|0
0,0.2,0
0,0.2,0
2.8;1.43;0.98;0.6;0.19,1.4,200
0,1.4,0
0,1.4,0
0,0.4,0|0
0.03;0.03,0.4,200
0,0.6,0|0
0,0.4,0|0
1.8;0.68;0.68;0.52;0.36,0.8,200
0,0.5,0
0,1.4,0
0,0.4,0|0
0,0.4,0|0
0,0.5,0
0,0.6,0|0
0.07,0.6,200|200
0,0.6,0|0
0,0.5,0
0,0.4,204
0,0.5,204
0,0.6,0|0
0,0.4,0|0
0,0.4,0|0
0,0.4,0|0
0,0.4,0
0,0.45,0
0,0.4,0|0
0,0.2,0
0,0.5,0
0,0.2,0
0.8;0.08;0.02,0.2,200
0,0.5,0
0,0.6,204|204
0,1.4,204
0.21;0.04,1.4,200
0,0.4,0|0
0,0.4,0
0,0.5,0
2.16;0.12;0.02,1.4,200
0,1.4,0
0,1.4,0
0,0.4,0|0
0,0.2,0
0,0.5,204
0.07;0.06;0.04,0.2,200
4.83;4;1;0.55;0.32,0.2,200
0,0.6,0|0
0,0.4,0|0
0,0.4,0|0
0,0.5,0
0,0.4,0|0
0,1.4,0
0,0.4,204|204
0,0.4,0|0
0,0.4,204|204
0,0.5,0
0,0.2,0
0,0.6,0|0
0,0.5,0
0,0.8,0|0
0,1.4,0
1.28;0.82;0.56;0.24;0.15,0.2,200
1.03;0.76;0.72;0.64;0.57,0.8,200
0,0.6,0|0
0,0.2,0
0,0.2,0
0,0.4,204|204
0,0.5,0
0,0.6,0|0
0,0.4,204
2.9;2.52;2.41;1.76;1.61,0.2,200
0,0.4,204
0,0.4,0|0
0,0.5,0
0.04,0.5,200
0,1.4,0
0,0.6,0|0
0,1.4,204
0,1.4,0
0,1.4,0
0,0.2,0
0,1.4,0
0,0.4,204|204
1.32,0.5,200
1.14;0.93;0.56;0.25,0.2,200
0,0.5,0
0,0.5,0
0,0.5,0
0.13;0.03,0.4,200
0,1.4,204
0,0.4,0|0
0,0.2,0
0.03;0.01,0.5,200
0,0.4,0|0
0,0.4,0|0
0,0.6,0|0
0,1.4,0
0,0.6,0|0
0,1.4,0
0.08,0.5,200
0,0.2,0
0,0.4,0|0
0,0.45,0
0,0.2,204
0,0.5,0
0,0.4,0|0
1.08;0.4;0.02,0.8,200
0,0.6,0|0
0,0.6,0|0
0,0.4,0|0
0,0.6,204|204
0,0.4,0|0
0,0.4,204|204
1.23;0.8;0.41;0.28;0.12,0.5,200
0.08,0.5,200
0,0.4,204
6.08;3.83;2.8;1.44;0.64,0.2,200
0.4;0.08;0.03,0.6,200|200
0,0.6,0|0
0,0.4,0|0
2.8;2;1.2;0.76;0.64,0.8,200
0.17;0.14;0.13,0.5,200
0,1.4,0
0,0.6,200|204
0,0.6,0|0
0,1.4,0
0.07,0.4,200|200
0,0.5,0
0,0.45,0
0,0.4,204|204
1.86;0.12,0.8,200
0,0.6,204|204
0.64,0.2,200
0,1.4,0
0,1.4,0
0,0.4,0
0,0.4,0|0
0,0.2,0
0.07;0.03,1.4,200
0,1.4,204
0,0.4,204
0,0.6,204|204
0,0.4,0|0
0,0.4,0|0
0,0.4,0|0
0,1.4,0
0,0.2,0
0.07;0.05,0.5,200
0,0.6,0|0
0,0.6,0|0
0,0.4,0|0
0,0.6,204|204
0,1.4,0
0,0.5,0
0,1.4,0
0,1.4,204
0,0.5,0
0,1.4,0
0,0.6,0|0
0,0.6,0|0
0,0.4,0|0
0,1.4,0
0,0.6,0|0
0,1.4,0
0,0.4,0
0,1.4,0
0.49,0.2,200
1.76;0.99;0.68;0.26;0.24,1.4,200
0,1.4,0
0,0.6,0|0
0,1.4,0
0,0.2,204
0,0.2,0
0,0.4,0|0
0,0.4,0|0
0,0.2,0
0,0.2,0
0,0.6,0|0
0.93;0.38;0.38;0.32;0.21,0.2,200
0.01,0.4,200|200
0,0.5,0
0,0.4,0|0
0,0.4,200|204
2.4;2.4;1.73;1.17;0.74,1.4,200
1.32;0.02,0.5,200
0,0.4,204
0,0.4,0|0
0,0.4,0
0,0.4,204
0,0.2,0
0,0.2,0
3.43;2.17;1.65;1.64;1.49,0.8,200
0,1.4,0
0,0.6,204|204
0,0.5,204
0.12;0.08;0.02,0.2,200
2.4;2.34,1.4,200
0,0.2,0
0,0.4,0|0
0,1.4,204
0,0.4,0|0
0,0.6,204|204
0,0.4,0
0,1.4,0
0,0.6,204|204
0,0.6,204
0,0.45,0
0,0.4,0|0
0,0.6,204|204
0,0.6,204|204
0,1.4,204
0,0.2,204
0,0.6,0|0
0,0.6,0|0
0,1.4,204
0,0.5,204
0,0.2,0
0,0.5,0
0,0.4,0|0
0,1.4,0
0,0.5,0
0,0.6,0|0
0,1.4,204
0,0.4,204
0,0.4,0|0
0.16;0.02,1.4,200
0,0.4,0|0
0,0.5,0
0.08,0.4,200|200
0,0.4,0|0
0,0.6,0|0
0,0.4,204|204
0,0.8,0
0,0.4,204
0,0.45,0
0,0.2,0
0.03,0.6,200|200
0.4,0.6,200|200
0,0.2,204
0,0.2,0
0,1.4,0
0,0.4,0|0
2.4,0.4,200
0,0.45,0
0.08,0.4,200|200
0,0.6,0|0
0,0.6,0|0
0,0.2,0
0,0.6,0|0
0,0.4,204
0,0.5,0
0,0.5,0
0,1.4,0
0,0.2,0
0,0.2,204
0,0.4,204
0,0.6,0|0
0,0.6,0
0,0.6,0|0
0,0.45,0
0.8,0.2,200
0,1.4,0
0,0.5,0
0,0.45,0
2.45;1.19;0.32;0.1,0.2,200
2.4;2.06;0.93;0.6;0.58,0.5,200
0,0.4,0
0,1.4,0
0.12,0.5,200
1.86;1.2;0.08,0.2,200
0,0.4,204|204
0,0.6,204|204
0,0.4,0|0
2.8;0.57;0.04,0.8,200
0,0.5,0
0,0.5,0
0,0.6,0|0
0.99,0.8,200
0,0.2,0
0,0.5,0
0,1.4,204
4;1.12;0.6;0.56;0.12,0.8,200
0,0.5,204
0.07,1.4,200
0,1.4,0
0,0.5,0
0,0.4,204
0,0.4,204|204
0,0.5,0
0,0.4,204
0,0.5,0
0,0.2,0
0,0.5,0
0,0.5,204
0,1.4,0
0,0.4,204|204
0,0.4,0|0
0,0.6,0|0
0,0.2,0
0,0.5,0
0.28,1.4,200
0,0.4,0|0
0,0.4,0|0
0,0.4,0
0,0.4,204
0,0.2,0
0,0.5,204
0,0.5,0
0,0.6,0|0
0,0.2,204
0,0.4,204
0,0.4,204|204
0,0.2,0
0,0.4,204
0,0.4,204
0,0.45,0
0,0.45,0
0,0.6,0|0
0,0.45,0
0,0.4,0
0,0.45,0
0,1.4,0
0,0.2,0
0,0.45,0
0,0.4,0
0,0.5,204
0,0.5,204
0,0.5,0
0.62,0.2,200
0.22;0.02,0.5,200
0,0.4,0|0
0,1.4,0
0,0.45,0
0.36,0.6,200|200
0.01,0.4,200
0,0.5,204
0,0.2,0
0,0.45,0
0.25;0.13,0.4,200|200
0,0.4,0
0,0.4,0|0
0,0.4,0|0
0,0.4,0
0,0.6,204|204
0,0.6,204|204
0.56;0.05,0.2,200
0,0.2,204
0,0.4,204|204
0,0.4,0
0,0.4,204
0,0.5,0
0,0.2,0
0.36,0.6,200|200
0,0.6,0|0
0,0.6,0|0
0,1.1,0
0,0.4,0|0
0,0.4,0|0
0,0.5,0
0,0.2,0
0,0.6,204|204
0,0.5,204
0.8;0.39;0.24;0.05,0.8,200
0,0.4,0|0
0,0.2,0
0,0.6,0|0
0,0.4,0
0,0.4,204
0,0.2,0
0,0.2,0
0,0.2,0
0.04,0.6,200|200
0,0.5,0
0,0.45,0
2.4,0.4,200
0,0.4,204
0,0.8,204|204
0,0.6,0|0
0,0.2,0
1.7,0.8,200
0,0.4,0
0,0.4,0|0
0,0.45,0
0,0.45,204
0,0.6,0
0,0.5,204
0,1.4,0
0,0.4,0
0,0.2,204
0.36;0.12;0.03,0.2,200
0,0.8,0|0
0,0.6,0|0
0,1.4,0
0,1.4,0
0,0.6,204
0,0.5,0
0,0.2,0
0,0.5,0
0,0.45,204
0,1.4,0
0,0.4,204|204
0,0.6,0|0
0,0.4,0
0.11,0.4,200|200
0,1.4,0
0,0.6,0|0
0,1.4,0
0,0.6,0|0
0,0.4,0
0,0.5,0
0,0.5,0
0,1.4,0
0,0.5,0
0,0.5,204
0,0.2,204
0,0.2,0
0.12,0.4,200
0,0.4,0
0,0.4,204
0,0.2,204
0,0.2,204
0,0.6,0|0
0,0.2,204
0,0.4,0|0
0,0.4,200|204
1.7;0.6;0.19,0.5,200
0,0.6,0|0
0,0.5,204
0,1.4,0
0,0.6,0|0
0,0.5,0
0,0.5,0
0,0.4,0
0,1.4,204
0.69,0.6,200
0,0.4,204
0,0.4,204
0,0.4,204
0,0.5,0
0,0.4,0|0
0,1.4,0
0,0.4,204
0,0.45,204
0,0.2,0
0,1.4,0
0.06,0.2,200
0,0.4,0
0,0.4,0
0.2,0.45,200
0,0.4,204
0,0.5,0
0.04;0.04,0.2,200
0,1.4,0
0,0.5,0
0,0.4,0
0.02,1.4,200
0,0.4,0
0,1.4,0
0,0.6,204
0,0.45,204
0,0.45,0
0,0.6,204|204
0,1.4,0
0.61;0.19;0.05,0.4,200
0,0.4,0
0,1.4,0
0,0.6,204|204
0,0.45,0
0,0.2,0
0,0.6,200|204
0.01,0.6,200|200
0.16;0.08,0.6,200|200
0,0.2,0
0,0.4,204
0,0.45,0
0,0.4,204
0,0.5,0
0,0.4,204|204
0,0.5,0
0,0.4,0
0,0.2,204
0,0.2,0
0,0.45,0
0,1.4,0
0.34,0.4,200
0,0.6,0|0
0,0.45,0
0,0.6,0
0,0.2,0
0,0.4,0|0
0,0.2,0
0,0.6,0|0
0,0.2,204
0,0.4,0|0
0,0.5,0
0,0.4,204
0,0.4,0
0,0.45,0
0,0.6,0
0,0.6,0
0,0.4,204
1.52,0.4,200|200
0,0.45,204
0,0.5,0
0,0.5,204
0,0.6,0|0
0,0.6,0|0
0.07,0.5,200
0,0.4,0
0,0.5,0
0,0.5,204
0,0.4,0
0,0.4,0
0,0.2,0
0.08,0.5,200
0,1.4,204
0,0.6,0|0
0,1.4,0
0,0.45,0
0.04,0.4,200
0.28;0.07,0.4,200
0,0.4,0
0,0.4,204|204
0,0.45,0
0,0.4,0
0,0.4,0|0
0,0.5,0
2.4,0.4,200
0,0.4,0
0.02,0.2,200
0,0.4,204
0,0.4,204
0,0.6,204|204
0,0.5,0
0,0.4,204|204
0,0.2,204
0,0.2,204
0,1.4,0
0,0.5,204
0,0.5,0
0,0.4,204
0.12,0.2,200
0.4;0.32,0.2,200
0,0.4,204
0,0.6,204|204
0,0.45,0
0,0.4,0|0
0,0.45,0
0,0.4,0
0,0.5,0
0,0.2,204
0,0.45,204
0,1.4,0
0,0.4,0
0,0.5,0
0,0.5,0
0,0.5,204
0,0.45,0
0.12;0.12,0.4,200
0,0.5,0
0,0.6,0|0
0,0.4,204
0.08,0.4,200
0,1.4,0
0,0.2,0
0,0.4,204
0,0.2,0
0,0.6,204
0,0.4,0
0,0.45,204
0,0.5,204
0,0.45,0
0,0.6,0
0,0.5,0
0,0.2,0
0,0.4,0
0,0.45,0
0,1.4,204
0,0.6,204|204
0,0.4,204
0,1.1,0
0,0.45,0
0,0.45,0
0,0.5,0
0.35;0.1,0.6,200|200
0,0.5,0
0,0.45,0
0,0.5,204
0,0.6,0|0
0,0.45,0
0,1.4,0
0,0.5,0
0,0.5,0
0,0.4,0
0,0.5,0
0,1.4,0
0.88,0.4,200
0,0.4,204
0,0.2,204
0.04,0.45,200
0,0.45,0
0,0.4,0
0.13;0.09,1.4,200
0,0.2,204
0,0.6,0|0
0,0.2,0
0,0.6,0
0.29;0.13,0.6,200
0,0.5,0
0,0.4,0
0,0.4,0
0.12,0.4,200
0,0.2,0
0,0.45,0
0,1.4,0
0,0.2,0
0,0.5,0
0,0.6,0|0
0,0.4,204
0,0.2,0
0,0.2,0
0,0.45,0
0.24;0.13;0.08,0.45,200
0,0.2,0
0,0.5,204
0,0.45,204
0,0.4,204
0,0.6,0
0,0.8,0|0
0.02,0.5,200
0,0.6,0|0
0,1.4,0
0,0.45,204
0.05,0.4,200
0,0.4,204
0,0.4,0
0,0.6,204|204
0,0.4,0
0,1.4,0
0,0.8,0|0
0,0.6,0|0
0,0.45,0
0,0.4,0
0,0.2,0
0,0.45,0
0,0.45,0
0,0.45,0
0.08,0.4,200
0,0.45,0
0,0.45,0
0,0.5,0
0.04,0.4,200
0.72,0.6,200
0,1.4,0
0,0.4,0
0,0.6,0|0
0,0.6,0
0,0.2,0
0,0.6,0|0
0,0.45,0
0.01,0.45,200
0,0.8,0|0
0,0.6,0
0,0.4,204
0,0.4,204
0,0.4,204
0,0.45,0
0,0.45,0
0,0.45,0
0,1.4,204
0,0.45,0
0.8;0.44;0.18;0.04;0.01,0.2,200
0,0.45,0
0,0.2,0
0,0.5,0
0,0.2,0
0,0.45,0
0,0.5,0
0,0.45,0
0,0.45,0
0,1.4,0
0,0.6,204|204
0,0.45,0
0,0.5,204
0,1.4,204
0,0.4,204
0,1.4,0
0.09,0.6,200|200
0,0.4,204
0,0.5,0
0.02,0.45,200
0.02,0.45,200
0,0.6,0|0
0,0.8,204|204
0,1.4,204
0,0.45,0
0.04,0.45,200
0,0.45,204
0,0.45,204
1.04,0.6,200
0,0.45,0
0,0.4,0
0.28,0.45,200
0,0.45,0
0,1.4,0
0,0.45,0
0,0.5,0
0.02,0.45,200
0,0.45,0
0.07,0.6,200
0.09;0.04,0.45,200
0,0.6,0|0
0,0.45,0
0,0.45,0
0,0.45,0
0,0.45,0
0.48;0.14;0.07,0.45,200
0,0.4,204
0.13,0.6,200
0,0.45,0
0,0.4,0
0,0.6,0|0
0,0.45,0
0,0.45,204
0,0.45,0
0,0.6,0|0
0,0.6,0
