0,0.4,0|0
0,0.4,0|0
0,0.1,0
0,0.4,0
0,0.4,204|204
0,0.6,0|0
0,0.1,0
0,0.6,0|0
0,0.4,0
0,1.2,204
0,1.2,0
0,1.2,0
0,0.1,0
0,0.4,0
0,0.1,0
0.34,0.1,200
0,1.2,0
0,1.2,0
0.01,1.2,200
0,1.2,0
0,0.4,0
0,0.4,204|204
0,0.4,0|0
0,1.2,204
0,0.4,0
0,0.4,0|0
0.4;0.29;0.17;0.16;0.05,1.2,200
0.07,0.1,200
0,0.4,0|0
0,0.1,0
0,0.1,0
0,0.1,0
0,0.4,0
0,0.4,0
0,0.4,0
0.01,0.1,200
0,0.4,0
0,0.6,0|0
0,0.4,0
0,1.2,0
0,1.2,0
0,0.4,0|0
0,0.1,0
0,0.6,0|0
0,0.6,0|0
0,0.4,0
0,0.6,0|0
2.26;0.37;0.33;0.09;0.06,0.4,200
0,0.4,0|0
0,0.4,0|0
0,1.2,204
0.02,0.4,200|200
0,0.4,0|0
0,0.6,0|0
0,0.4,0|0
0,0.6,0|0
0.08;0.01,1.2,200
0,0.4,0
0,0.4,0
0,0.4,204|204
0,0.6,0|0
0,0.6,204|204
0,0.1,0
0,0.4,0|0
0,0.4,0
0,1.2,0
0.46;0.01,0.6,200|200
0,0.6,204|204
0,0.4,204
0,1.2,0
0,0.4,204|204
0,0.1,204
0,0.4,0
0,1.2,0
0,0.4,0|0
0,0.4,0|0
0,1.2,0
0,1.2,0
0,0.4,0
0,0.6,0|0
0,0.6,0|0
0.03,0.4,200|200
0,0.4,0
0,0.1,0
0,0.1,0
0,0.1,0
0,0.6,200|204
0,0.4,0|0
0,0.6,0|0
0,0.6,204|204
0,0.4,0|0
3.2;1.08;0.19;0.16;0.14,1.2,200
0,0.1,204
0,1.2,0
0,0.4,204
0,0.1,204
0,0.6,204|204
0,0.1,0
0,1.2,0
0,0.4,0|0
0,0.4,0|0
0,0.4,0
0,1.2,0
0.14,0.4,200|200
0,0.4,200|204
0,1.2,0
0,0.4,0
0,0.1,0
0,0.6,0|0
0,0.6,204|204
0,1.2,0
0,0.6,0|0
0.8;0.53;0.2,1.2,200
0,0.6,204|204
0,0.1,0
0,0.4,204
0,0.4,204
0,1.2,0
0,0.1,204
0,1.2,0
0,0.4,0|0
0,0.4,0|0
0,1.2,0
0.32,0.4,204|200
0,0.4,204
0,0.4,0
0,0.4,0|0
0.03;0.03,0.4,200|200
0,0.4,0
0,0.6,0|0
0,1.2,0
0.14;0.07;0.04;0.01,0.1,200
0,0.1,0
0,0.1,0
0,1.2,0
0,0.1,0
0,1.2,0
0,0.4,0
0,0.4,0
0.06,0.1,200
0,0.4,0
0,1.2,0
0,0.4,0
0,0.4,0
0,0.4,0|0
0.02,0.4,200
0,0.1,204
0,0.4,0|0
0.02,0.4,200|200
0,0.1,0
0,0.1,204
0,0.4,0
0,0.1,204
0,0.6,0|0
0,0.6,0|0
0.14;0.04,0.1,200
0,0.1,0
0,0.1,0
0,0.4,0|0
0,0.6,0|0
0,0.4,204
0,0.4,0
0,0.4,0|0
0,0.6,0|0
0,0.6,204|204
0,0.4,0|0
0,0.6,204|204
0,0.1,0
0,0.1,0
0,1.2,0
0,0.4,0
0,0.6,0|0
0,0.1,0
0,1.2,0
0,0.4,0
0,0.1,0
0,0.1,0
0,0.4,0
0,0.4,204|204
0,0.4,0|0
0,0.4,0
0,0.4,0|0
0.17,1.2,200
0,0.1,204
0.48,0.6,200|200
0,0.4,0|0
0.05,0.6,200|200
0,0.1,0
0,0.4,0|0
0,0.4,0|0
0,0.4,0
0,0.1,204
0,0.1,0
0,1.2,0
0,0.4,0
0,0.4,0
0,0.4,0
0,0.4,0
0,0.4,204|204
0,0.1,0
0,1.2,0
0,1.2,0
0,0.6,0|0
0,1.2,0
0,0.4,0
0,1.2,204
0,1.2,0
0,0.4,0
0,0.6,0|0
0,0.4,0
0,0.4,0|0
0,0.6,0|0
0,0.4,0|0
0,0.6,204|204
0,1.2,204
0,1.2,204
0,0.6,0|0
0,1.2,0
0,0.4,0|0
0,0.6,204|204
0,0.4,204
0,0.4,204|204
0,0.4,0|0
0,0.4,0
0,1.2,0
0,0.6,0|0
0,0.1,0
0.05,0.4,204|200
1.2;0.03;0.02,0.6,200
0,0.4,0
0,0.1,0
0,0.1,0
0,0.1,204
0,0.6,0|0
0,1.2,0
0,0.4,204|204
0,0.6,0|0
0,1.2,204
0,1.2,0
0,0.4,204
0,0.1,0
0,0.6,0|0
0,0.4,0
0,0.1,0
0,0.4,0
0,0.6,204|204
0,0.4,0
0,1.2,0
0,0.1,204
0,0.6,0|0
0,0.4,204
0,1.2,0
0,0.4,0|0
0,0.6,204|204
0,0.4,0|0
0,0.4,0
0,0.4,204
0,0.6,0|0
0,0.4,0
0,0.4,204
0,1.2,204
0,0.1,0
0,1.2,0
0,1.2,0
0,0.4,0|0
0.06,1.2,200
0,0.6,0|0
0,0.4,0|0
0,0.6,0|0
0,0.1,0
0,0.6,204|204
0,0.1,0
0,0.6,0|0
0,0.4,0|0
0,0.1,204
0,0.6,0|0
0,0.4,0|0
0,0.1,0
0,1.2,0
0,0.4,0|0
0,0.6,204|204
0,0.4,0
0,1.2,0
0,1.2,0
0.06,0.4,200|200
0,1.2,0
0,0.6,0|0
0.01,0.6,200|200
0,1.2,0
0,0.4,0
0,1.2,0
0,0.6,0|0
0,0.6,0|0
0,0.1,0
0.32,0.4,204|200
0,0.6,204|204
0,0.4,204|204
0.14,1.2,200
0,0.4,0
0,0.1,0
0,0.4,0
0,1.2,204
0,0.4,0|0
0,0.1,0
0.32;0.04,0.1,200
0,1.2,0
0,0.6,0|0
0,0.4,0
0,0.6,0|0
0,0.4,204
0,0.4,0
0,0.1,0
0,0.1,0
0,0.4,0|0
0,1.2,204
0,0.4,0
0,0.1,0
0,0.1,0
0,1.2,0
0,0.6,204|204
0,0.6,0|0
0,0.1,0
0,1.2,0
0,0.1,204
0,0.4,0|0
0,1.2,0
0,0.6,0|0
0,1.2,0
0,0.4,0
0,0.4,204|204
0,0.4,0|0
0,1.2,204
0,0.1,204
0,0.4,0
0,1.2,0
0,0.1,204
0,0.6,0|0
0,0.1,0
0,0.6,204|204
0,0.4,0|0
0,1.2,204
0,0.4,0
0,0.4,204|204
0,0.4,0
0.33;0.01,0.4,200
0,1.2,0
0,0.4,0|0
0,0.4,0
0,0.6,0|0
0.03,0.4,200|200
0,0.1,204
0,0.4,0
0,0.4,0|0
0,0.1,0
0,1.2,204
0,0.4,0|0
0,0.6,0|0
0,1.2,0
0,1.2,0
0,0.4,204|204
0,1.2,0
0,0.4,0
0,0.6,204|204
0,0.1,204
0,0.6,0|0
0,1.2,0
0,0.4,0
0,0.4,204
0,0.4,0|0
0,0.4,0
0,1.2,0
0,0.1,0
0,0.4,0|0
0,1.2,0
0,1.2,0
0,0.1,204
0,0.1,0
0.14,0.4,200|200
0,0.6,0|0
0,0.6,0|0
0,0.1,0
0,0.4,0
0,0.4,204|204
0,0.4,0|0
0,1.2,0
0,0.4,0
0,0.1,204
0,0.4,0
0,0.1,0
0,0.1,0
0,0.4,0|0
0,0.4,0
0,1.2,0
0,1.2,0
0,0.4,0|0
0,0.1,0
0,1.2,204
0,0.4,0|0
0,0.6,204|204
0,1.2,204
0,0.1,0
0,0.6,204|204
0,1.2,0
0,0.4,0
0,1.2,0
0,0.6,0|0
0,0.4,0|0
0,1.2,0
0.16;0.03,1.2,200
0,0.1,0
0,0.1,204
0,0.6,0|0
0,1.2,0
0,0.4,0|0
0,0.1,0
0,0.6,0|0
0,0.1,0
0,0.6,204|204
0,0.6,0|0
0,0.6,0|0
0,1.2,0
0,0.6,0|0
0,0.4,204|204
0,0.1,204
0,0.1,0
0,0.6,0|0
0,0.6,0|0
3.2;0.21;0.12;0.1;0.06,1.2,200
0.16;0.03,1.2,200
0,0.6,0|0
0,1.2,204
0,1.2,0
1.32,0.4,200
0,1.2,0
0.46,0.4,200
0,1.2,204
0,0.4,0|0
0,0.4,0|0
0,0.4,0|0
0,0.4,0
0,0.1,0
0,0.4,0|0
0,1.2,204
0,1.2,0
0.03,1.2,200
0,1.2,0
0,0.6,0|0
0,0.1,204
0,0.4,0
0,0.6,0|0
0,0.1,0
0.01,0.6,200|200
0.02,0.1,200
0,0.4,0
0,1.2,0
0,0.4,204|204
0,0.1,0
0,0.6,0|0
0,0.4,0
0,0.6,0|0
0,0.1,0
0,0.4,0
0,1.2,0
0,1.2,0
0,1.2,0
0,1.2,0
0,0.6,0|0
0,0.1,204
0,0.1,0
0,0.6,0|0
0,0.4,0
0,0.4,204|204
0,1.2,0
0.03,0.4,200|200
0,1.2,0
0,0.1,0
0,0.6,0|0
0,0.1,204
0,0.6,0|0
0,0.4,0|0
0,0.1,0
0,0.6,204|204
0,0.4,0|0
0,0.4,204|204
0,1.2,0
0,1.2,0
0.02;0.02,0.6,200|200
0,0.1,0
0,0.4,0|0
0,0.6,0|0
0,0.6,0|0
0,0.4,0|0
0,0.4,0
0,0.4,0|0
0,0.4,204
0,1.2,0
0,0.1,204
0,0.4,204|204
0,0.6,0|0
0,0.4,204|204
0,0.4,0
0,0.4,204
0,0.1,0
0,0.6,0|0
0,0.1,204
0,0.4,0
0.01,0.4,200|200
0,0.6,0|0
0,0.4,0
0,0.4,0
0,0.1,0
0,0.6,0|0
0,0.4,0|0
0,0.1,204
0,0.4,0|0
0,1.2,0
0,1.2,0
0,0.4,0
0,1.2,204
0,0.1,0
0.41;0.01,0.4,200
0,0.4,0|0
0.09,0.6,200|200
0,1.2,0
0,0.6,0|0
0,0.4,0
0,0.4,0
0,0.1,0
0,1.2,0
0,1.2,0
0,0.6,0|0
0,0.4,204|204
0,1.2,0
0,0.4,0
0,0.4,0|0
0,0.1,204
0,0.6,0|0
0,0.4,0|0
0,0.1,0
0,0.4,0
0,0.4,204|204
0,0.6,0|0
0,0.1,0
0,0.4,0|0
0,0.4,0
0,0.6,0|0
0,0.1,204
0,0.6,0|0
0,1.2,204
0,1.2,204
0,1.2,0
0,0.4,0
0,1.2,0
0.05;0.03,0.1,200
0,0.1,204
0,0.6,0|0
0,0.4,0
0,1.2,0
0,1.2,204
0,0.4,204|204
0.03,0.4,200|200
0,0.6,204|204
0,0.1,0
0,0.1,0
0,1.2,0
0,1.2,0
0,1.2,204
0,0.6,204|204
0,0.4,0
0,0.1,0
0,1.2,0
0,0.4,204|204
0,1.2,204
0,0.1,0
0,0.6,0|0
0,0.6,204|204
0,0.6,204|204
0.03;0.02,0.6,200|200
2.67,0.1,200
0,1.2,0
0,0.4,0
0,1.2,0
0.14;0.11,0.1,200
0,0.4,204
0,0.1,0
0,0.1,0
0,0.4,0|0
0,1.2,204
0,0.1,0
0,0.4,0
0,0.6,0|0
0.03,0.4,204|200
0,0.6,0|0
0,0.4,0
0,1.2,204
0.02,0.4,200|200
0,1.2,0
0,0.4,0
0,1.2,0
2.4;0.16;0.04,1.2,200
0,0.4,204|204
0,0.1,0
0,0.1,0
0,0.1,204
0,0.1,204
0,0.6,0|0
0,0.4,0|0
0.06,0.4,200
0,0.4,204
0,0.6,0|0
0,1.2,0
0,1.2,0
0,0.4,0
0,0.6,0|0
0,0.4,204|204
0,0.4,0
0,0.1,204
0,0.6,204|204
0,0.4,0|0
0,1.2,0
0,0.4,204|204
0,0.4,0
0,0.1,0
0,0.4,0
0,0.1,0
0,1.2,0
0,0.4,0
0,1.2,0
0,0.1,0
0,1.2,0
0,1.2,0
0,1.2,0
0,0.4,0|0
0,0.6,0|0
0,0.4,0|0
0,0.6,0|0
0,0.1,204
0,1.2,0
0,0.4,0|0
0.33;0.2,0.1,200
1.01,0.6,200|200
0,0.6,0|0
0,0.6,204|204
0,0.1,0
0,0.6,0|0
0,0.4,0
0,1.2,0
0,0.1,0
0,0.4,0
0,0.4,0|0
0,0.4,0
0,1.2,0
0,0.4,0
0,0.1,0
0,0.1,0
0,0.4,204|204
0,1.2,0
0.02,0.1,200
0,0.1,0
0,0.1,0
0,0.4,0
0,1.2,0
0,1.2,204
0.27,1.2,200
0,0.4,204|204
0,0.4,0
0,0.1,0
0,1.2,204
0,0.6,0|0
0,0.4,0
0,1.2,204
0,0.4,0|0
0,0.6,0|0
0,0.4,0
0,1.2,204
0,1.2,0
0,1.2,0
0,0.1,0
0,0.6,204|204
0,0.4,0|0
0,1.2,204
0,1.2,204
0,1.2,204
0.06;0.02,0.6,200|200
0,1.2,0
0,0.1,0
0,0.4,204
0,0.6,0|0
0,1.2,204
0,1.2,204
0,0.1,0
0.34,0.4,200
0,0.4,0
0,0.4,0
0,0.6,0|0
0,0.4,0|0
0,0.1,0
0,0.4,204|204
0,1.2,204
0,0.6,0|0
0,0.4,0
0,0.4,0
0,1.2,204
0,0.4,0|0
0,0.4,0|0
0,0.4,204
0,0.1,0
0,0.4,0|0
0,0.6,0|0
0.43,0.4,200
0,0.4,0|0
0,0.6,0|0
0,0.4,204
0,0.1,204
0,0.4,204
0,0.4,0
0,0.4,0|0
0,0.1,0
0,0.4,0|0
0,1.2,0
0,0.1,0
0.42,0.1,200
0,0.6,0|0
0,0.1,0
0,0.4,0
0,1.2,204
0,0.6,0|0
0,0.6,204|204
0,0.4,0|0
0,0.4,0|0
0,0.6,0|0
0,0.1,0
0,0.6,204|204
0.26,0.6,200|200
0,1.2,204
0,0.4,0|0
0.6;0.26,0.6,200|200
0,1.2,0
0.02,1.2,200
0,1.2,0
0,0.6,0|0
0,1.2,204
0,0.1,204
0,0.1,0
0,0.1,0
0,0.1,0
0,0.1,204
0,0.6,204|204
0,0.1,0
0,0.1,0
0,0.6,204|204
0,1.2,0
0,0.4,0|0
0,0.4,0|0
0,1.2,0
0,0.4,0
0,0.6,0|0
0.48,0.4,200|200
0,0.1,0
0,1.2,0
0,0.4,0
0,0.1,0
0,0.1,0
0.02,0.4,200
0,0.6,0|0
0,0.4,0|0
0,1.2,0
0,0.4,0|0
0,0.4,0|0
0,0.4,0
0,0.1,0
0,0.4,0|0
0,0.1,0
0,1.2,0
0,0.6,0|0
0,0.1,0
0,0.1,0
0,0.6,200|204
0,1.2,0
0,0.1,0
0,0.1,0
0,0.1,0
0,0.6,204|204
0,1.2,0
0,0.1,204
0,0.4,0
0,0.4,0
0,0.4,0
0,0.4,0
0,0.4,0
0,0.1,204
0,0.4,0
0,0.6,0|0
0,0.4,0
0,0.6,0|0
0,0.1,0
0,0.4,0
0,0.6,0|0
0.42,0.1,200
0,0.4,204|204
0.17;0.02,0.6,204|200
0,0.4,0|0
0.03,0.4,200
0,0.4,204
0,0.6,204|204
0,0.6,0|0
0,0.4,0
0.13;0.02,0.6,200|200
0,0.6,0|0
0,0.4,0|0
0,0.6,204|204
0,1.2,0
0,0.4,0
0,1.2,0
0,0.1,0
0,0.4,0
0,0.6,0|0
0.22;0.16,0.4,200|200
0,0.4,0
0,0.1,0
0,0.4,0
0,0.4,204|204
0,1.2,204
0,0.4,0|0
0,0.4,0|0
0,0.6,0|0
0,0.4,204
0.64;0.42;0.02,0.6,200
0,0.4,0
0,1.2,0
0,1.2,0
0,0.4,204
0,0.1,0
0,0.6,0|0
0,0.1,0
0,0.4,0
0,1.2,0
0,1.2,0
0,0.6,0|0
0.02,0.1,200
0,1.2,204
0,0.4,0
0,0.4,0|0
0,0.4,0
0,0.6,0|0
0.02,0.4,200
0,0.4,0
0,1.2,0
0,1.2,0
0,1.2,0
0,0.4,204|204
0,0.4,0
0,0.1,0
0,0.1,0
0,0.4,0|0
0.04,0.6,200|200
0,1.2,0
0,0.4,0
0,0.4,0
0,0.1,0
0.15,0.1,200
0,1.2,0
0,0.4,200|204
0,0.4,0
0,0.1,204
0,0.1,0
0,1.2,0
0,0.6,204|204
0,0.4,0|0
0,0.4,0|0
0,1.2,204
0,0.1,0
0,0.1,0
0,0.4,0
0,0.4,204|204
0,0.4,0
0,0.1,0
0,1.2,0
0,0.6,0|0
0.42,1.2,200
0,0.6,204|204
0,0.4,0
0,0.1,0
0,0.4,0
0,0.4,0
0,0.4,0
0,1.2,0
0,0.6,200|204
0,0.1,0
0,0.4,0
0,0.1,204
0,1.2,0
0,0.1,0
0,0.4,0
0,0.1,0
0,0.4,204
0,0.4,0
0,0.4,0|0
0,1.2,0
0.67,0.6,200|200
0,0.6,0|0
0,0.4,0|0
0,0.4,0|0
0,0.4,0
0,0.4,0
0,0.4,200|204
0,0.4,204|204
0,0.4,0|0
0,1.2,0
0,0.1,0
0,0.4,0|0
0,0.1,0
0,1.2,0
0,0.1,0
0,0.1,0
0,0.6,204|204
0,0.6,0|0
0,0.6,0|0
0,1.2,0
0,0.6,0|0
0,0.4,0
0.01,0.1,200
0,0.4,204
0.25,0.4,200
0,1.2,0
0,1.2,0
0,0.4,0
0,0.4,0|0
0,0.6,200|204
0,0.4,0|0
0.2;0.17;0.03;0.03,0.4,200
0,0.1,0
0,0.4,0|0
0,0.6,204|204
0,0.6,0|0
0,0.6,0|0
0,0.1,0
0,0.1,204
0.03,0.4,204|200
0,0.4,204|204
0,0.1,0
0,0.1,0
0,0.6,0|0
0,0.6,0|0
0,0.6,0|0
0,0.1,0
0,0.4,0
0,0.4,0|0
0,1.2,204
0,1.2,0
0,0.4,0|0
0,0.4,0|0
0,0.1,0
0,0.1,0
0,0.4,0
0,0.6,0|0
0,0.4,0
0,0.4,204
0,0.1,204
0,0.1,0
0,0.4,0
0,1.2,0
0,0.6,0|0
0,1.2,0
0,0.6,204|204
0,1.2,0
0,0.4,0
0,0.1,204
0,0.4,0
0,0.6,0|0
0,0.1,0
0,1.2,0
0,0.1,0
0.36,0.1,200
0,0.4,204
0,0.4,0
0,0.6,0|0
0,1.2,204
0.32;0.03,0.4,200|200
0,0.1,204
0,0.4,0
0,0.6,0|0
0,1.2,0
0,1.2,0
0,0.6,0|0
0,0.1,0
0,0.4,204|204
0,0.1,0
0,0.6,0|0
0,0.6,0|0
0,0.6,204|204
0,1.2,204
0,0.4,0|0
0,0.4,204|204
0,0.4,204
0,0.6,0|0
0,0.4,0|0
0,0.4,0
0,0.1,0
0,1.2,0
0,0.6,204|204
0,0.4,204
0,0.1,0
0,0.1,0
0,0.4,0|0
0,1.2,204
0,0.4,0
0,0.4,204
0,0.4,0
0,0.4,0|0
0.16,0.1,200
0,0.4,0
0,0.4,0|0
0,0.4,0
0,0.4,0
0,0.4,0
0,0.4,0|0
0,0.4,0|0
0,0.1,204
0,0.1,0
0,1.2,0
0,0.6,0|0
0,0.4,0|0
0,0.4,0
0,1.2,0
0,0.4,204|204
0,0.1,0
0,1.2,0
0,0.1,0
0,0.1,0
0,0.1,0
0,1.2,204
0.86;0.03,0.1,200
0,0.1,0
0,0.4,204|204
0,0.1,204
0,1.2,0
0,0.4,0
0,0.4,0|0
0,0.4,0|0
0,0.1,0
0,0.4,204
0,0.4,204|204
0,0.4,0
0,0.1,0
0,0.1,0
0,0.1,0
0,0.1,0
0,0.6,0|0
0,0.4,204
0.02,1.2,200
0,0.4,0
0,0.6,204|204
0,1.2,0
0,0.1,0
0,0.4,0|0
0,0.6,0|0
0,0.4,0|0
0,0.6,204|204
0,0.4,204
0,1.2,0
0.02,0.4,200|200
0.64;0.01,1.2,200
0,0.4,204
0,0.4,0
0,0.1,0
0,0.6,0|0
0.21,0.4,200
0,1.2,0
0,1.2,0
0,1.2,0
0,0.6,0|0
0,0.4,0
0,0.4,0|0
0,0.4,204
0,0.4,0|0
0,1.2,0
0,0.4,0|0
0,1.2,204
0,1.2,204
0,0.6,0|0
0,0.4,0|0
0.31;0.16,0.4,200
0,1.2,204
0,0.4,0|0
0,0.4,0|0
0,0.4,0
0,0.4,204|204
0,0.4,204
0,0.6,204|204
0,0.4,0
0,1.2,0
0,0.4,0
0,0.4,0|0
0,0.6,0|0
0,0.1,0
0,0.4,0|0
0,0.6,0|0
0,1.2,0
0,0.6,204|204
0,0.4,0|0
0,0.4,204|204
0,0.1,0
0,1.2,0
0,0.1,0
0,0.4,0|0
0,1.2,0
0,0.6,200|204
0.01,0.1,200
0.91;0.02,0.6,204|200
0,0.6,0|0
0,0.6,0|0
0,0.1,0
0,0.1,0
0,0.6,204|204
0,0.1,0
0,0.4,0|0
0,1.2,0
0,0.1,0
0,0.4,0|0
0,0.4,0|0
1.29,0.6,200
0,0.1,204
0,0.6,0|0
0,0.6,0|0
0,0.4,0|0
0,0.6,0|0
0,0.1,0
0,1.2,204
2.03,0.6,204|200
0,0.4,204|204
0,0.4,0|0
0,0.4,0
0.08,0.1,200
0,0.4,200|204
0,1.2,204
0,0.6,0|0
0,0.6,0|0
0,1.2,0
0,1.2,0
0.35;0.19;0.07;0.04,0.6,200|200
0,0.4,0
0,1.2,204
0,0.4,0
0,1.2,0
0.33;0.2;0.01,1.2,200
0,0.1,0
0,0.1,0
0,1.2,0
0,0.4,0
0,0.4,204|204
0,0.1,0
0,0.4,0|0
0,0.4,0|0
0,0.4,0|0
0,1.2,0
0,0.4,0|0
0,0.1,204
0,0.6,0|0
0,1.2,204
0,0.1,204
0,0.4,0
0.02,1.2,200
0,0.1,0
0,0.4,0
0,0.4,0|0
0,0.6,0|0
0,0.6,0|0
0,0.1,0
0,0.4,0|0
0,0.1,204
0,0.1,204
0,0.1,0
0,1.2,0
0,1.2,204
0,0.1,0
0,0.1,0
0,0.4,0|0
0,0.6,0|0
0,1.2,204
0,0.4,0|0
0,0.6,204|204
0,1.2,0
0,0.1,204
0,1.2,204
0,0.4,0
0,0.6,0|0
0,0.6,0|0
0.5;0.42,0.4,200|200
0,1.2,0
0.08,1.2,200
0,1.2,0
0,0.1,0
0,0.4,204
0,1.2,0
0,0.1,0
0.11,0.4,200
0,0.1,0
0.07,1.2,200
0,0.4,0
0,0.4,0|0
0,0.1,0
0,0.4,0
0,1.2,204
0,1.2,0
0,1.2,0
0,0.6,0|0
0,0.4,0|0
0,0.4,0|0
0,0.6,0|0
0,0.1,0
0,1.2,204
0,1.2,0
0.29;0.16;0.04;0.04,0.1,200
0,0.6,0|0
0,0.4,0|0
0,0.4,0|0
0,0.4,0|0
0,0.4,0|0
0,0.4,204|204
0,0.4,0
0,0.6,0|0
0,1.2,0
0,0.4,0
0,0.6,0|0
0,1.2,0
0,0.4,0|0
0,0.1,204
0,0.4,0|0
0,1.2,204
0,0.4,0
0.8;0.17;0.17;0.13;0.06,1.2,200
0,0.6,0|0
0.72;0.03,0.6,200
0,0.6,204|204
0,0.6,0|0
0,0.1,0
0,1.2,0
0,0.4,204
0,1.2,0
0,0.1,0
0,0.1,0
0,0.4,0
0,0.1,0
0,1.2,0
0,0.6,0|0
0,0.1,204
0,0.4,204|204
0,1.2,204
0,0.4,0|0
0.91;0.01,0.4,200
0,0.6,0|0
0,0.1,204
0,0.4,204|204
0,1.2,0
0,0.6,0|0
0,0.4,0|0
0,0.1,0
0,0.6,204|204
0,0.1,0
0,0.4,0|0
0,1.2,0
0,1.2,0
0,0.6,0|0
0,0.6,0|0
0,0.4,0
0,0.6,0|0
0,0.1,0
0,0.6,0|0
0,0.4,204
0,1.2,0
0,0.4,0|0
0,0.1,0
0,0.4,0|0
0,0.1,204
0,1.2,0
0,1.2,204
0,0.1,0
0.2;0.07;0.02,0.1,200
0.2,0.4,204|200
0,0.4,0
0,0.6,204|204
0,0.4,0
0,0.6,0|0
0,0.6,0|0
0,0.4,0|0
0,0.4,0|0
0,0.4,0
0,0.6,204|204
0,0.4,0
0,0.6,204|204
0,0.1,0
0,0.4,0|0
0,1.2,0
0,0.1,0
0.03,0.6,200|200
0,0.1,0
0,0.4,204
0,0.6,204|204
0,0.4,0
0,1.2,0
0,1.2,204
0,1.2,204
0,0.6,0|0
0,0.1,204
0,0.4,0
0,0.1,0
0,1.2,0
0,0.4,204
0,0.6,204|204
0,0.1,204
0,1.2,204
0,0.6,0|0
0,0.4,0
0,0.4,204|204
0,0.4,0
0,0.1,0
0,0.4,200|204
0,1.2,0
0,0.4,204|204
0,0.6,0|0
0,1.2,0
0,0.4,204
0,1.2,0
0,1.2,204
0,0.1,0
0,0.6,0|0
0,0.6,0|0
0,1.2,0
0,1.2,0
0,1.2,204
0.4,0.4,200|200
0.46;0.12;0.03,0.6,200|200
0,0.4,0
0,0.4,0
0,0.1,0
0,0.4,0|0
0,0.6,0|0
0,0.4,0
0,1.2,0
0,1.2,204
0,0.4,0
0,0.6,0|0
0,0.4,204
0,1.2,0
0,0.1,0
0.07,0.4,200
0,0.1,0
0,0.1,0
0,0.1,0
0,0.6,0|0
0,0.1,204
0,0.6,0|0
0,0.6,0|0
0,0.6,0|0
0,0.4,0|0
0,0.4,204|204
0,0.1,204
0,0.6,0|0
0,1.2,0
0,0.1,204
0,0.4,0|0
0.02,0.4,200|200
0.07;0.02,1.2,200
0,0.4,204
0.56;0.16;0.04;0.01,1.2,200
0,0.4,0
0,0.1,0
0,0.4,0
0,0.6,0|0
0,0.1,0
0,1.2,0
0,0.6,0|0
0,0.4,0
0,0.1,0
0,0.4,0|0
0,0.6,0|0
0,1.2,204
0,0.6,0|0
0,1.2,0
0,0.6,0|0
0,0.4,204
0,0.1,0
0,0.4,0
0,0.6,0|0
0,0.4,0
0,0.1,0
0,0.4,204
0,0.4,0
0,1.2,0
0,0.1,0
0,0.4,0
0,1.2,0
0,0.6,0|0
0,0.1,0
0,0.4,200|204
0.83,0.1,200
0,0.4,204|204
0,0.4,0|0
0.08,1.2,200
0,1.2,204
0,0.1,0
0,0.4,0
0,1.2,204
0,0.4,0
0,0.6,204|204
0,0.1,204
0,0.6,0|0
0,0.1,204
0,1.2,0
0,0.6,0|0
0,0.4,0|0
0,1.2,204
0,0.4,0|0
0,0.4,204|204
0,0.6,0|0
0,1.2,0
0,0.4,204|204
0,1.2,0
0,0.1,204
0,1.2,204
0,0.1,0
0.27,1.2,200
0,1.2,0
0,0.4,0|0
0,0.4,0
0,0.1,0
0,1.2,0
0,1.2,0
0,1.2,0
0,0.1,0
0,0.4,0|0
0,0.1,0
0,0.1,0
0,0.4,0
0,1.2,0
0,1.2,204
0,0.6,0|0
0,0.1,0
0,0.1,0
0.04;0.03,0.1,200
0,0.4,0
0,1.2,0
0,1.2,0
0,0.1,204
0,0.6,204|204
0,0.6,0|0
0,1.2,204
0,0.6,0|0
0,1.2,0
0.19,0.4,200
0,0.6,0|0
0,0.4,204
0,0.6,0|0
0,0.4,204
0,0.4,0
0,0.6,0|0
0,0.4,200|204
0,0.4,0
0,0.4,0|0
0.06,1.2,200
0,0.4,204
0,1.2,0
0,1.2,0
0,1.2,0
0,0.1,0
0,0.4,0|0
0,0.1,0
0,1.2,0
0,0.4,0|0
0,0.1,0
0,0.4,204
0,1.2,0
0,1.2,204
0,1.2,204
0,0.4,0
0,1.2,0
0,0.4,0
0,1.2,0
1.06,0.4,200
0,0.6,0|0
0,0.4,0|0
0,0.6,0|0
0.33;0.2,1.2,200
0,0.4,0
0,0.4,0
0,1.2,0
0,1.2,0
0,1.2,0
0.2;0.08;0.03,0.4,200|200
0,0.6,0|0
0,0.1,0
0,0.4,0|0
0,1.2,0
0.03,1.2,200
0,0.1,204
0,0.1,0
0,0.1,0
0,0.6,0|0
0,0.4,0|0
0,0.1,204
0,1.2,0
0,0.6,0|0
0,0.6,204|204
0,0.6,0|0
0,0.1,0
0,0.6,0|0
0,0.4,204|204
0.18,0.4,204|200
0,1.2,0
0,0.4,0
0,0.6,0|0
0,1.2,204
0,0.6,0|0
0.02,0.4,200
0,0.1,0
0,0.4,0|0
0,0.1,204
0,0.4,0|0
0,0.4,204|204
0,1.2,0
0,0.6,0|0
0,0.4,0|0
0,0.4,0
0,1.2,0
0,0.4,0|0
0,0.6,0|0
0,0.6,0|0
0,0.4,0
0,1.2,0
0,0.4,0
0,0.4,0
0,0.4,0
0,1.2,0
0,0.1,0
0,0.1,204
2.39,0.6,200
0,0.4,204|204
0,1.2,0
0,0.6,0|0
0,0.4,0|0
0,0.6,204|204
0,1.2,0
0,0.1,0
0,1.2,0
0,0.4,0
0.26;0.05,1.2,200
0,0.6,0|0
0,0.4,0
0,0.4,0|0
0,0.4,0
0,0.1,0
0,0.1,0
0,0.1,0
0,0.1,204
0,0.1,0
0,0.4,0
0,0.6,204|204
0,0.6,204|204
0,0.6,204|204
0,0.4,204
0,1.2,0
0,0.4,204|204
0,0.1,0
0,0.6,0|0
0,0.4,204
0.03,0.4,200|200
0,0.4,0
0,0.4,204|204
0,0.6,204|204
0,0.4,0|0
0.6;0.35,0.6,200|200
0.02,0.1,200
0,0.1,0
0,0.4,0|0
0,0.4,204
0.07,1.2,200
0,0.6,204|204
0.2,0.4,200
0,0.6,0|0
0,0.4,0
0,0.1,0
0,0.1,0
0,0.4,204
0,0.1,204
0,0.4,0
0,0.1,0
0,0.4,0|0
0,0.4,204|204
0,0.4,0|0
0,0.1,0
0,0.1,0
0,0.4,0
0,1.2,0
0,0.6,0|0
0,1.2,204
0.15;0.07,0.4,200|200
0,0.6,204|204
0,0.6,204|204
0,0.1,0
0.01,0.1,200
0,0.1,0
0,0.1,0
0,1.2,204
0,0.1,0
0,0.4,0
0,1.2,0
0,0.6,0|0
0,0.4,0|0
0,1.2,0
0,0.4,204
0,0.4,0
0,0.4,0|0
0,0.4,0|0
0.2,0.6,200|200
0,1.2,0
0,0.1,204
0,0.1,0
0.42,0.1,200
0,0.6,0|0
0,0.6,0|0
0,1.2,0
0,0.4,0
0,0.4,0|0
0,1.2,204
0,1.2,0
0.08,1.2,200
0,0.1,0
0,0.4,0|0
0,0.1,0
0,0.4,0
0,1.2,0
0.08,0.1,200
0,0.4,0
0,0.4,204
0,1.2,0
0,1.2,0
0,0.6,0|0
0,0.4,0
0,0.1,0
0,1.2,0
0,0.4,0
0,0.6,0|0
0.08,1.2,200
0,1.2,0
0,0.6,0|0
0,1.2,204
0,0.4,0|0
0,0.6,0|0
0,1.2,204
0,0.4,0
0,1.2,0
0,0.4,0
0,0.1,0
0,0.1,0
0,0.6,0|0
0,0.1,204
0,0.4,0|0
0,0.1,0
0,1.2,0
0,0.4,0|0
0,0.4,0|0
0,0.4,0|0
0.14,0.1,200
0,1.2,0
0,0.1,0
0,0.1,0
0,0.6,0|0
0,0.6,0|0
0,1.2,0
0,0.4,0|0
0,0.1,0
0,0.1,0
0,1.2,0
0,0.4,0
0,0.1,0
0,1.2,0
0,0.1,0
0,1.2,0
0,0.1,0
0,1.2,0
0,1.2,0
0,0.4,0|0
0.46,0.6,200|200
0,0.4,204|204
0,0.4,204|204
0,0.4,0|0
0,0.4,204
0,0.1,0
0,0.4,0|0
0,0.4,0
0,0.4,0|0
0,1.2,204
0,0.6,204|204
0,0.6,0|0
0,0.6,204|204
0,0.4,0|0
0,1.2,0
0,1.2,0
0,0.6,0|0
0,0.4,0
0,0.4,0|0
0,0.4,0|0
0,1.2,0
0,0.4,0
0,0.4,204
0,1.2,0
0,0.6,0|0
0,0.4,0
0.01,0.4,200|200
0,0.4,0|0
0,0.4,0|0
0,1.2,0
0.46,0.4,200
0,0.6,0|0
0,1.2,0
0,0.6,0|0
0,0.4,204|204
0,1.2,0
0,0.4,0
0,0.4,0|0
0,0.4,0|0
0,0.1,0
0,1.2,204
0.05,0.4,200
0.91,0.1,200
0,1.2,0
0.07,0.4,200
0,0.4,0|0
0,0.4,0|0
0,0.1,0
0,0.4,200|204
0,0.1,0
0,0.4,0
0,0.1,0
0,0.6,0|0
0,1.2,0
0,0.4,204
0,0.6,0|0
0.02,0.6,200|200
0,0.4,0
0,0.6,0|0
0.07;0.03,0.4,200|200
0,0.1,0
0,0.1,0
0.07;0.03,0.4,200
0,0.1,0
0.48,0.1,200
0,0.4,0
0,0.4,0|0
0,0.6,0|0
0,1.2,0
0,0.6,0|0
0,0.4,0
0,0.4,0|0
0,0.4,0|0
0,0.4,0
0,1.2,0
0,0.6,204|204
0,1.2,0
0,0.1,0
0,0.1,0
0,0.4,0
0,0.4,0|0
0,0.6,204|204
0,0.4,0|0
0,0.1,0
0,0.1,0
0,0.4,0|0
0,1.2,0
0,0.1,204
0,0.4,204|204
0,0.4,0
0,0.4,0|0
0.01,0.1,200
0,0.4,0
0,1.2,0
0,0.6,0|0
0,1.2,0
0,0.4,0
0,0.4,0|0
0,0.4,0|0
0,0.1,0
0,0.4,204
0,0.1,0
0,0.4,0|0
0,0.6,200|204
0,0.6,204|204
0,1.2,0
0,1.2,204
0,0.1,0
0,0.6,0|0
0,0.1,204
0,0.1,204
0,1.2,204
0,0.4,204|204
0,0.4,0|0
0,0.4,204|204
0,1.2,0
0.01,1.2,200
0,0.4,204|204
0,0.4,204|204
0,0.4,0|0
0,0.4,0|0
0,0.4,0
0,0.6,0|0
0,1.2,204
0.07;0.03,0.1,200
0,1.2,204
0,0.4,0|0
0,0.6,0|0
0,0.4,204|204
0,0.4,0|0
0,0.1,0
0.32,0.4,204|200
0,0.4,0|0
0.63;0.01,0.6,200|200
0,1.2,0
0,1.2,204
0,1.2,0
0.03;0.01,1.2,200
0,1.2,0
0,0.1,0
0,0.6,204|204
0,1.2,0
0.05;0.04;0.04,1.2,200
0,0.1,0
0,0.6,204|204
0,1.2,204
0,0.6,0|0
0,1.2,0
0.21;0.02,1.2,200
0,0.4,0
0,0.4,0|0
0,0.6,0|0
0,0.6,204|204
0,1.2,0
0,1.2,0
0,0.1,0
0,1.2,204
0,1.2,0
0,0.1,0
0.03,0.4,200|200
0,0.6,0|0
0,0.4,0|0
0,0.6,204|204
0,1.2,0
0,0.6,204|204
0,0.6,0|0
0,0.4,204|204
0,1.2,0
0,0.4,0
0,0.4,0|0
0,0.1,204
0,0.6,0|0
0,0.4,0|0
0,1.2,0
0,0.6,204|204
0,0.6,0|0
0,1.2,204
0,0.1,0
0,0.4,0
0,0.4,0|0
0,1.2,0
0,0.4,0|0
0.04,0.1,200
0,0.1,204
0,0.4,0
0.46;0.04;0.01,1.2,200
0,1.2,0
0,0.4,0
0,0.4,0
0,0.1,0
0,0.4,204|204
0,0.4,0|0
0,0.1,0
0,0.4,204
0,0.4,0
0,1.2,0
0,0.1,0
0,0.6,204|204
0,1.2,0
0,1.2,204
0.07,0.4,200
0,0.4,0
0,0.6,0|0
0,1.2,0
0,0.4,0|0
0,1.2,0
0,1.2,0
0,0.1,204
0,0.4,0
0,0.4,0
0,0.4,0|0
0,1.2,0
0,1.2,0
0,0.6,0|0
0.01,0.4,200
0,0.6,0|0
0,1.2,0
0,0.4,0|0
0,0.4,0
0,0.6,0|0
0,0.4,204
0,1.2,0
0,0.6,0|0
0.24;0.01,0.4,200
0,1.2,204
0,0.4,0|0
0,0.4,0|0
0,0.4,0|0
0,1.2,0
0,0.6,204|204
0,0.4,0
0,0.1,204
0,0.4,0
0,0.4,0|0
0,0.6,0|0
0,0.6,0|0
0,0.1,0
0.06,0.1,200
0,1.2,204
0,0.4,0|0
0,0.1,0
0,0.4,0|0
0.56,0.4,200
0,1.2,0
0,0.6,0|0
0,0.4,0|0
0.46;0.03,0.4,200
0,1.2,204
0,0.6,0|0
0,1.2,0
0,0.4,204
0,0.1,0
0,1.2,0
0,0.4,0|0
0,0.6,0|0
0,1.2,0
0.03,1.2,200
0,0.6,0|0
0,1.2,0
0,0.4,0|0
0,0.6,204|204
0,0.6,204|204
0,0.4,204
0,0.4,204
0,0.6,0|0
0,0.1,0
0,0.4,204
0,0.6,204|204
0.21;0.02;0.01,0.4,200
0,0.6,0|0
0,0.1,0
0,1.2,0
0,0.6,200|204
0.14,0.4,200
0,1.2,0
0,0.4,0
0,0.4,0|0
0,1.2,0
0,0.4,0|0
0,0.1,204
0,0.6,0|0
0,0.4,204|204
0,0.4,0
0,0.1,0
0,1.2,204
0,0.6,0|0
0,0.4,0
0,1.2,0
0,0.4,0
0,1.2,0
0,0.1,0
0,1.2,0
0,1.2,204
0,1.2,0
0,0.6,204|204
0,0.1,0
0,0.6,0|0
0,0.6,204|204
0,0.1,0
0,0.4,0|0
0,0.4,204
0,0.6,0|0
0,0.1,204
0,1.2,204
0,0.4,204
0,0.4,0|0
0,0.6,0|0
0,1.2,0
0,0.1,204
0,0.6,204|204
0,0.4,0
0,0.4,0|0
1.04;0.64;0.37;0.02;0.01,0.4,200
0,0.1,0
0,0.1,204
0,1.2,0
0,0.4,0|0
0.02,1.2,200
0,0.1,0
0,0.6,0|0
0,0.4,0|0
0,0.6,0|0
0,0.1,0
0,1.2,0
0.14,0.4,200
0,0.4,0
0,0.4,0|0
0,1.2,204
0,0.4,204
0,0.4,0|0
0,0.1,204
0,0.4,0|0
0,1.2,204
0,0.1,204
0,0.4,0
0,1.2,0
0,0.4,0|0
0,1.2,0
0,0.4,0
0,0.4,0
0,1.2,204
0,0.4,0
0,1.2,0
0,0.4,0|0
0,1.2,0
0,1.2,0
0,1.2,0
0,0.4,204
0,1.2,0
0,1.2,0
0,0.6,0|0
0,0.1,0
0,0.6,0|0
0,0.4,0|0
0,1.2,0
0.06;0.03,0.4,200
0,0.1,0
0,0.4,0|0
0,0.4,0
0,0.4,0|0
0,0.6,204|204
0,0.4,0
0.64;0.17,0.4,200
0,0.6,204|204
0.46,1.2,200
0,0.4,204|204
0,0.1,0
0,0.6,204|204
0,1.2,0
0,0.1,0
0,0.4,0
0,0.4,204
0,0.4,0
0,1.2,0
0.8;0.33,0.1,200
0,0.4,0|0
0,0.1,204
0.8;0.23,0.1,200
0,0.4,0
0,0.6,0|0
0,0.4,0
0,0.4,204|204
0,0.1,0
0,1.2,0
0,0.6,0|0
0,0.4,0|0
0,1.2,0
0,0.4,204
0.46;0.09,1.2,200
0,0.4,0
0,0.4,0
0,0.4,0
0,0.4,0
0,0.6,0|0
0,0.6,204|204
0.01,0.4,200|200
1.01,0.1,200
0,0.4,0|0
0,0.4,0|0
0,0.4,0
0,0.4,204
0,0.6,0|0
0,1.2,0
0,0.6,0|0
0,0.6,0|0
0,0.6,0|0
0,1.2,0
0,0.4,0
0,0.4,0|0
0,0.4,0
0,1.2,0
0,0.1,0
0,1.2,0
0,0.1,0
0,0.4,204|204
0,0.1,204
0,0.1,0
0.46;0.02,0.4,200|200
0.04,0.4,204|200
0,0.4,0|0
0,1.2,0
0,0.1,0
0,0.4,204
0,0.1,0
0,0.6,0|0
0,0.4,204
0,0.1,204
0,0.1,0
0,0.4,0
0,0.4,0|0
0,0.1,0
0.07;0.03,0.1,200
0,0.6,0|0
0,0.4,0
0.01,0.6,204|200
0,0.4,0|0
0,0.4,0
0,0.1,0
0,0.4,0
0,0.6,0|0
0,0.6,0|0
0,0.1,0
0,1.2,0
0,0.6,0|0
0,0.1,204
0,0.1,0
0.03,1.2,200
0,1.2,204
0,0.4,204|204
0,0.4,0|0
0,0.4,0
0,0.1,0
0,1.2,204
0,1.2,0
0,0.1,0
0,0.4,0|0
0,0.6,200|204
0,0.1,0
0,0.1,0
0,0.1,0
0,0.1,0
0,0.4,0|0
0,0.6,0|0
0,0.1,0
0,1.2,204
0,0.4,0|0
0,0.4,204|204
0,1.2,204
0.34;0.01,0.4,200
0,0.6,0|0
0,0.6,0|0
1;0.36;0.36;0.16;0.08,0.1,200
0,0.4,0
0,0.4,0|0
0,0.4,0|0
0,0.1,0
0,0.1,0
0,0.4,200|204
0,0.4,0|0
0,0.4,0|0
0,0.4,0|0
0,0.4,0|0
0,0.6,0|0
0,1.2,0
0,0.4,0|0
0,0.4,204
0,1.2,0
0,1.2,0
0.33,0.1,200
0,1.2,0
0,0.4,204|204
0,0.4,0|0
0,0.4,204
0,0.1,0
0,0.4,0|0
0,0.1,0
0,0.1,0
0,0.4,0|0
0,0.4,0|0
0,0.4,0
0,0.6,0|0
0,0.6,204|204
0,0.1,204
0,1.2,0
0,0.4,0|0
0,0.4,204
0.42;0.03,0.4,200
0,0.6,200|204
0,0.4,0
0,0.4,204|204
0,0.4,0|0
0.68,0.4,200
0,0.6,0|0
0,0.4,0
0,0.1,0
0,1.2,0
0,0.6,0|0
0,1.2,0
0,0.6,0|0
0,0.6,0|0
0,0.4,0|0
0,1.2,0
0,1.2,0
0,0.6,0|0
0,0.4,0|0
0,0.6,0|0
0.03,0.1,200
0,0.4,0|0
0,0.4,0
0,1.2,204
0,0.4,204
0,0.4,0|0
0.01,0.1,200
0,0.4,204|204
0,0.4,0
0,0.4,0
0,0.6,0|0
0,0.1,204
0,0.6,204|204
0,1.2,0
0,0.4,0|0
0,0.6,204|204
0,1.2,0
0,1.2,204
0,1.2,0
0,0.6,0|0
0,0.4,0
0.19;0.03,1.2,200
0,0.1,0
0,0.1,0
0,0.1,0
0,0.4,0|0
0,1.2,204
0,0.4,0
0,1.2,204
0,0.6,0|0
0,0.1,204
0,0.4,0
0,0.6,204|204
0,0.4,0
0,0.1,0
0,0.1,0
0,0.4,0
0,0.4,204|204
0,0.6,0|0
0,0.6,0|0
0,0.1,0
0,0.6,0|0
0,1.2,0
0,0.4,0
0,0.4,0|0
0,0.4,0
0,1.2,0
0,0.6,204|204
0,0.1,0
0,1.2,0
0,0.4,0|0
0,0.1,0
0,0.4,0|0
0.73,0.6,200
0,0.6,204|204
0,0.1,204
0,0.1,204
0,0.4,204|204
0.03,1.2,200
0,0.1,0
0,0.6,204|204
0,0.4,0|0
0,1.2,0
0,0.1,0
0,0.4,0|0
0,0.4,0
0,0.1,204
0,1.2,0
0,0.6,0|0
0,0.4,0
0,0.1,0
0,1.2,0
0,0.4,204
0,0.4,0
0,0.4,204
0,0.1,0
0,0.4,0
0,0.4,0|0
0,0.4,0
0,0.4,0|0
0,0.6,0|0
0,0.4,204|204
0.08,0.1,200
0,0.1,0
0,0.6,204|204
0.02,0.4,200
0,0.6,204|204
0,0.1,0
0,0.6,0|0
0,1.2,204
0,0.1,204
0.01,0.4,204|200
0,0.4,0|0
0,1.2,204
0,0.4,0|0
0,0.4,0|0
0,0.6,0|0
0,0.6,204|204
0,0.4,204|204
0,0.6,0|0
0,0.1,0
0,1.2,0
0,0.1,0
0,0.6,0|0
0,0.4,204
0,0.6,204|204
0,0.4,0|0
0,0.6,0|0
0,0.4,0
0,0.1,0
0,0.1,0
0,0.6,204|204
0,0.4,200|204
0,0.1,0
0,0.4,204
4.38,1.2,200
0.8,0.6,200
0,0.1,0
0,0.1,0
0,0.1,204
1.37,0.4,200
0,0.1,204
0,1.2,0
0,0.4,0|0
2.39,1.2,200
0,0.1,204
0,0.1,204
0.08,0.4,204|200
0.03,1.2,200
0,0.6,0|0
0,0.6,0|0
0,0.6,0|0
0,0.4,204|204
0,0.4,0
0,0.6,204|204
0,0.4,0
0,0.1,0
0,0.6,0|0
0,0.1,0
0,0.1,0
0,1.2,0
0,1.2,0
0,1.2,0
0,0.1,204
0,0.4,0|0
0,1.2,0
0,1.2,0
0,0.6,0|0
0,1.2,0
0,0.4,0|0
0,0.1,0
0,1.2,0
0,0.1,0
0,0.4,0|0
0,0.1,0
0.03,0.6,200|200
0,0.4,0|0
0,0.4,204
6.19,0.4,200
0,0.6,0|0
0,0.6,0|0
0,0.1,204
0,1.2,0
0,0.1,0
0,0.6,0|0
0,0.4,0
0.34,0.4,200
0,0.1,204
0,0.4,0
0,0.4,0|0
0,0.4,204
0,0.4,0|0
0,0.1,0
2.4;0.03,0.4,200
0,0.4,0
0.01,0.6,200|200
0.4,0.6,200|200
0,0.4,0|0
0.14,0.1,200
0,0.1,0
0,0.1,204
0.03,1.2,200
0,0.6,0|0
0,0.4,0|0
0,0.4,204
0,0.6,200|204
0,0.4,0|0
0,0.4,0|0
0,0.4,0|0
0,0.1,0
0,0.1,0
0,0.1,204
0,0.1,0
0.16,0.6,200|200
0,1.2,204
0,0.4,204
0,0.6,0|0
0,1.2,0
0,0.6,200|204
0,0.6,204|204
0,0.6,204|204
0,1.2,0
0.03,1.2,200
0,0.4,0|0
0,0.6,0|0
0,0.4,0
0,1.2,0
0,0.1,204
0,1.2,0
0,0.4,204
0,0.4,0|0
0,0.1,0
0.03,0.6,200|200
0,0.4,0
0,1.2,0
0,1.2,0
0,0.4,0
0,0.4,0
0,0.6,0|0
0,0.6,0|0
0,0.4,204
0,0.4,0
0,1.2,204
0,0.4,0|0
0,0.4,204|204
0.06;0.03,0.4,200|200
0,0.6,200|204
0,0.4,204|204
0,0.1,0
0,0.6,204|204
0,0.4,0|0
0,0.4,0|0
1.01,1.2,200
0,1.2,0
0,0.6,0|0
0.01,0.4,200
0,0.4,0
0,1.2,0
0,1.2,0
0,0.6,0|0
0,0.1,0
0,0.4,204|204
0,0.1,204
0,0.1,204
0,0.4,0|0
0,1.2,0
0,0.6,0|0
0,1.2,204
0,0.1,0
0,1.2,0
0,0.1,204
0,0.6,204|204
0.03,1.2,200
0.03,1.2,200
0,1.2,204
0,0.6,204|204
0,1.2,0
0,1.2,0
0,1.2,0
0,0.6,0|0
0.4,0.6,200|200
0,0.4,0|0
0,0.6,0|0
0,1.2,0
0,1.2,0
0,0.4,0|0
0,0.4,0
0,0.4,0|0
3.52;0.1,1.2,200
0,1.2,0
0,1.2,204
0,0.4,204
0,0.6,0|0
0,0.4,0|0
0,0.4,0
0.03,0.4,200|200
0,1.2,0
0,1.2,0
0,0.4,0
0,0.4,0|0
0,0.4,204
0,0.4,0
0,0.4,0
0,0.6,204|204
0,0.4,0|0
0,0.4,0
0,0.4,0
0,1.2,0
0,0.4,0|0
0,0.6,0|0
0,0.1,0
0,0.4,0|0
0,0.4,0
0,0.4,0
0,1.2,0
0,0.1,0
0,0.4,0|0
0,0.6,0|0
0,1.2,0
0,0.4,0
0,1.2,0
0,0.4,0|0
0,0.1,204
0,0.6,0|0
0,0.4,0|0
0,0.4,0
0,0.6,0|0
0,0.6,204|204
0,0.1,0
0,0.6,204|204
0,0.4,0|0
0,0.4,204
0,0.4,0|0
0,0.4,0
0,1.2,0
0,0.4,204|204
0,1.2,0
0,1.2,0
0,0.4,0
0,0.4,204|204
0,0.4,0|0
0,0.1,204
0,0.4,0|0
0,0.6,0|0
0,1.2,204
0,0.1,0
0,0.4,0|0
0,0.4,0|0
0.02,1.2,200
0,0.4,0|0
0,0.4,0|0
0,1.2,204
0,0.4,0|0
0,0.4,0
0,0.1,204
0,0.1,0
0,1.2,0
0,1.2,204
0,0.4,0
0,0.6,0|0
0,0.1,0
0,1.2,0
0,0.1,0
0,0.1,0
0,0.4,0|0
0,0.1,0
0,1.2,0
0,0.4,0
0,0.6,0|0
0,1.2,0
0,0.4,0
0,0.4,0|0
0,1.2,0
0,1.2,0
0,1.2,0
0,0.4,204|204
0,0.4,204
0,1.2,0
0,0.4,0|0
0,0.4,0|0
0,0.4,0
0,0.6,0|0
0,0.1,0
0,0.4,0
0,0.4,0|0
0,0.4,0
0.03,0.4,200
0,0.1,204
0,0.6,0|0
0,0.6,200|204
0,1.2,0
0,0.6,0|0
0,1.2,0
0,0.6,0|0
0,0.4,204|204
0,0.4,0
0,0.4,0
0,0.4,0
0,0.4,204|204
0,1.2,0
0,1.2,204
0,0.6,0|0
0,0.1,0
0,0.4,204
0.32,0.4,200
0,0.1,0
0,0.4,0
0,0.4,204|204
0,0.6,0|0
0,1.2,0
0,0.4,0|0
0,0.1,0
0,0.1,0
0,0.4,0
0,0.4,0|0
0,0.6,0|0
0,0.4,204|204
0,1.2,0
0,0.1,0
0,0.4,0|0
0,0.4,0|0
0,0.4,204|204
0.05,0.6,200|200
0,0.1,0
0,0.1,0
0,1.2,0
0,0.1,0
0,0.6,0|0
0,1.2,0
0,0.1,204
0,0.6,0|0
0,0.4,0|0
0,0.6,0|0
0,0.1,0
0,0.4,0|0
0,0.6,0|0
0,0.1,0
0,0.4,0
0,0.6,0|0
0,0.4,0
0.33;0.27,0.4,200
0,0.6,0|0
1.09,0.6,200
0,0.1,0
0,0.4,204|204
0,0.4,204|204
0,0.1,204
0,1.2,0
0,1.2,0
0,0.4,0|0
0,1.2,0
0,1.2,0
0,0.4,0|0
0,0.4,0|0
0,0.4,0|0
0,0.4,0|0
0,1.2,0
0,0.4,0
0,1.2,0
0,0.6,0|0
0,0.1,0
0,0.6,0|0
0,1.2,0
0,0.4,0|0
0,1.2,204
0,0.4,0
0,0.4,0|0
0,0.1,0
0,0.4,204
0,1.2,0
0,0.4,0|0
0,1.2,0
0,0.4,0|0
0,0.6,0|0
0,0.1,0
0,0.6,0|0
0,0.1,204
0,0.4,0|0
0,0.6,0|0
0,0.4,0
0,1.2,0
0,0.4,204|204
0,0.4,0|0
0,0.4,0|0
0,1.2,0
0,0.1,0
0,1.2,204
0,0.4,0
0,0.4,0
0,0.4,0|0
0,0.6,0|0
0,1.2,0
0,0.4,0
0,1.2,0
0,0.6,204|204
0,0.1,0
0,0.6,0|0
0,0.4,0|0
0,0.4,204
0,0.1,0
0.01,0.4,200|200
0,0.6,0|0
0.17;0.02,1.2,200
0,0.4,200|204
0,0.1,204
0,0.4,0|0
0,0.1,0
0,0.1,0
0.02,0.4,200
0,0.1,0
0,0.4,0
0,1.2,0
0,1.2,0
0,0.6,0|0
0.07,0.6,200|200
0,0.1,0
0,0.4,0
0,0.1,0
0,0.1,0
0,0.1,0
0,0.4,0
0,0.4,0
0,0.4,0
0,1.2,0
0,0.6,0|0
0,0.4,0|0
0,0.6,0|0
0,0.4,0
0,0.6,0|0
0,1.2,0
0,0.4,0
0.15;0.01,1.2,200
0.14,1.2,200
0,0.4,204|204
0,0.4,0|0
0,1.2,0
0,0.4,0|0
0,0.1,0
0,1.2,0
0,0.4,0|0
0,0.6,0|0
0,0.4,204|204
0,0.6,204|204
0,1.2,0
0,0.6,0|0
0,0.4,0|0
0,1.2,0
0,1.2,0
0,1.2,0
0,0.1,0
0,0.4,204|204
0,0.4,0|0
0,0.1,204
0,0.4,0
0.42,1.2,200
0,1.2,0
0,0.4,0|0
0,0.4,0|0
0,0.4,204
0,1.2,0
0,0.6,204|204
0,0.1,0
0,1.2,0
0,1.2,204
0,0.1,0
0,1.2,0
0,0.4,0|0
0,0.4,204
0,0.6,0|0
0,0.4,0
0,0.4,0|0
0,0.4,0|0
0,0.4,0
0,0.1,0
0,0.4,0|0
0,0.1,204
0,1.2,0
0,0.1,0
0,0.1,0
0.03,1.2,200
0,0.1,204
0,0.4,0
0,0.4,0
0,0.1,0
0,0.6,0|0
0,0.1,0
0,1.2,0
0,1.2,0
0,0.6,0|0
0,0.1,0
0,0.1,0
0,0.6,0|0
0,0.1,0
0,1.2,0
0,0.4,0
0,0.1,0
0,0.4,0|0
0,0.6,0|0
0,0.4,0
0,0.6,0|0
0,0.4,0|0
0,0.4,0|0
0,0.1,204
0,0.4,204
0.4,1.2,200
0,0.6,0|0
0,0.1,0
0,0.1,0
0,0.4,204|204
0,0.1,0
0,0.4,0
0,0.4,0
0.07,0.1,200
0.33,0.1,200
0,1.2,0
0,0.1,0
0,0.4,0
0,0.6,204|204
0,0.6,0|0
0,1.2,0
0,0.1,0
0,1.2,204
0.42,0.4,200
0,0.4,0|0
0,1.2,0
0,0.4,0|0
0.48;0.16;0.11;0.06,0.4,200
0,0.1,0
0,0.4,0|0
0,0.1,0
0,0.4,0|0
0,0.1,0
0,0.4,0
0,0.1,0
0,0.1,204
0,0.1,0
0,1.2,0
0,0.6,0|0
0,1.2,204
0,0.4,0
0,0.1,0
1.7,0.6,200
0.01,0.6,200|200
0,0.6,204|204
0,0.6,0|0
0,0.4,0
0,0.4,0|0
0.91,0.1,200
0,0.6,204|204
0,1.2,0
0,0.4,204|204
0,0.4,0
0,0.6,0|0
1.44,0.6,200
0,0.4,204
0,0.6,204|204
0,0.4,0|0
0,1.2,204
0,0.1,204
0.8;0.01,0.1,200
0,0.4,204
0,0.6,200|204
0,0.6,200|204
0,1.2,0
0,1.2,204
0,0.1,0
0.06,0.6,200|200
0,1.2,0
0,1.2,204
0,0.4,0
0,0.4,0
0,0.1,0
0,0.1,0
0,0.4,0|0
0,0.4,0|0
0,1.2,0
0,0.1,204
0,0.1,0
0,0.1,0
0,0.6,0|0
0,0.6,204|204
0,0.1,0
0,0.4,0|0
0,0.1,0
0,0.6,0|0
0,1.2,0
0,0.6,0|0
0,0.6,204|204
0,0.6,0|0
0,0.4,0|0
0,0.4,204|204
0,1.2,204
0.2;0.02,0.4,200
0,0.4,0|0
0,1.2,0
0,0.4,0|0
0,0.1,0
0,0.1,0
0,1.2,0
0.03,0.4,200|200
0,0.4,0
0,1.2,0
0,1.2,0
0,0.6,0|0
0.03,0.1,200
0,0.6,0|0
0,0.4,0|0
0,1.2,0
0,0.1,0
0,1.2,0
0,0.6,0|0
0,0.4,204|204
0,0.4,0
0.21;0.02,0.1,200
0,0.6,0|0
0,1.2,0
0,0.4,0|0
0,0.6,0|0
0,0.4,0|0
0,0.6,0|0
0,0.4,0|0
0,0.4,0|0
0,0.6,204|204
0,0.6,0|0
0,1.2,0
0,0.4,0|0
0,0.4,0|0
0,0.1,0
0.02,0.4,200
0,0.4,0
0.2,0.4,200|200
0,0.1,0
0,1.2,0
0.31,0.4,200|200
0,1.2,0
0,0.4,0
0,0.4,0
0,0.4,204
0,0.6,0|0
0,1.2,204
0.26,0.4,200
0,0.6,0|0
1.56,0.4,200
0,0.6,0|0
0,0.6,0|0
0,0.4,0
0,0.4,0
0,0.1,0
0,0.4,0
0,1.2,0
0,0.6,0|0
0,0.6,0|0
0,1.2,0
0,0.4,0|0
0.25,0.1,200
0,0.1,0
0,0.4,0|0
0,0.1,0
0,0.4,204|204
0,1.2,0
0.06;0.02,0.4,200
0,0.1,204
0,0.6,0|0
0,0.6,0|0
0,0.1,0
0.47;0.16;0.01;0.01,1.2,200
0,0.1,204
0,0.4,0|0
0,0.4,0|0
0,0.6,0|0
0,0.1,204
0,0.6,0|0
0,0.1,0
0,0.1,0
0,0.1,0
0,0.4,0|0
0,0.6,0|0
0,0.6,0|0
0,0.6,0|0
0,0.4,0
0,0.6,204|204
0,0.4,0|0
0,0.4,0|0
0,0.1,0
0,1.2,0
0,0.4,204|204
0,0.1,0
0,1.2,0
0,1.2,0
0,0.1,204
0,0.4,204|204
0,0.4,204|204
0,0.4,204|204
0,0.6,0|0
0,0.6,0|0
0,0.6,0|0
0,0.4,200|204
0,1.2,0
0,1.2,204
0,0.4,0|0
0,0.4,0
0,0.4,0|0
0,0.6,0|0
0,1.2,0
0,1.2,0
0,0.6,0|0
0,0.4,0|0
0,1.2,0
0,1.2,0
0,0.4,0
0,0.1,0
0,0.1,0
0,0.4,0
0,0.4,204|204
0,0.6,0|0
0,0.4,0|0
0,1.2,0
0,0.4,0|0
0,0.4,0
0.17,1.2,200
0,1.2,0
0,0.4,204|204
0,0.4,204|204
0,0.1,0
0,0.1,0
0,0.4,0
0,0.1,0
0,0.6,0|0
0,0.4,0|0
0,0.6,0|0
0,0.6,200|204
0.14,1.2,200
0,1.2,204
0,0.4,0
0,0.6,0|0
0,0.1,0
0,0.4,0
0,0.4,204
0.4,0.4,200|200
0,0.1,0
0,0.6,0|0
0,0.4,0|0
0,0.6,204|204
0.03,1.2,200
0,0.1,0
0,0.4,204
0,0.4,204
0,0.6,0|0
0,0.6,0|0
0,0.4,0
0,1.2,0
0,0.1,0
0,1.2,0
0,1.2,0
0,0.6,0|0
0,1.2,0
0,0.1,0
0,1.2,0
0,0.1,0
0,0.6,0|0
0,0.4,0
0,0.4,0|0
0,0.4,0|0
0,1.2,204
0,0.4,0|0
0,0.4,204
0,1.2,0
0,0.6,204|204
0,0.4,0
0,0.4,0|0
0,0.4,0
0,0.4,204
0,0.4,0
0,0.1,0
0,0.6,0|0
0,0.4,0|0
0,0.4,204|204
0,1.2,204
0,0.6,0|0
0,1.2,0
0,1.2,0
0,0.4,0|0
0,1.2,204
0,0.4,0
0.06,1.2,200
0,0.6,0|0
0,1.2,0
0,1.2,0
0,0.1,204
0,1.2,0
0,0.4,0|0
0,0.6,0|0
0,0.4,0|0
0,0.4,0
0,0.4,204
0,0.1,0
0,0.6,204|204
0,0.1,0
0,0.1,204
0,0.1,0
0,1.2,0
0,0.6,0|0
0,0.4,0|0
0,0.4,0|0
0,0.6,0|0
0,0.4,0|0
0,0.6,0|0
0,0.4,0|0
0,0.4,0|0
0,0.6,0|0
0,0.6,0|0
0,0.4,0|0
0,1.2,0
0,0.1,0
0,1.2,0
0,0.6,0|0
0,0.4,204
0,0.4,0|0
0,0.4,200|204
0,0.1,0
0,0.4,0|0
0,0.4,0
0,0.6,0|0
0,1.2,0
0,1.2,0
0,0.1,204
0,1.2,0
0,0.4,0
0,1.2,0
0,0.4,0|0
0,0.4,0|0
0,0.4,0
0,0.1,0
0,0.6,0|0
0,1.2,0
0,0.1,204
0,1.2,0
0,0.4,0
0,1.2,0
0,0.6,0|0
0,1.2,0
0,0.4,0|0
0,0.6,0|0
0,1.2,204
0,0.6,0|0
0,0.6,0|0
0,1.2,0
0,0.6,0|0
0,0.6,0|0
0,0.4,204
0,0.6,0|0
0,0.1,0
0,1.2,204
0,0.4,0
0,0.1,0
0,0.4,0|0
0,0.4,0|0
0,0.1,204
0,0.6,204|204
0,0.1,204
0,0.4,0|0
0,0.4,0|0
0,0.4,0
0,0.4,0|0
0,0.1,0
0,0.6,0|0
0,0.4,0|0
0,0.4,0
0,0.4,0|0
0,0.4,0|0
0,0.6,0|0
0,0.6,0|0
0,0.1,0
0,0.6,0|0
0,0.4,0|0
0,1.2,0
0,0.4,0|0
0,0.4,204
0,0.4,0|0
0,0.1,0
0,1.2,0
0,0.4,0|0
0,1.2,0
0,0.1,0
0.02,0.4,200
0,1.2,0
0.73,0.4,200|200
0,0.4,0|0
0,1.2,0
0,0.4,204
0,1.2,0
0,1.2,0
0,1.2,0
0,1.2,0
0.14,0.1,200
0,1.2,0
0,0.1,204
0,1.2,0
0,1.2,0
0,0.4,204
0,0.1,0
0.03,1.2,200
0,1.2,0
0,0.4,204|204
0,0.4,204|204
0,1.2,0
0,0.4,0
0,0.1,204
0,0.6,0|0
0,0.1,0
0.07,0.6,200|200
0,0.1,0
0,0.6,0|0
0,0.1,204
0,0.1,0
0,0.6,0|0
0,1.2,204
0,0.4,0
0,0.4,204|204
0,0.6,0|0
0,0.4,0|0
0,0.4,0
0,0.4,0|0
0,0.4,0
0,0.6,204|204
0,0.4,0
0,1.2,204
0,0.6,204|204
0,1.2,0
0,0.4,204
0,0.4,204
0,1.2,204
0,1.2,0
0,0.1,0
0,0.4,0|0
0,1.2,0
0,0.4,0
0,0.4,204|204
0,0.1,204
0,0.4,0
0,1.2,0
0,0.4,0|0
0,0.1,0
0.02,0.4,200
0,0.4,0|0
0,0.1,0
0,0.1,0
0,0.4,0|0
0,0.1,0
0.06,0.6,200|200
0,0.6,0|0
0.03,0.4,200|200
0,0.4,0
0.08,0.4,200
0,0.1,0
0,0.1,0
0,1.2,0
0,0.6,204|204
0,1.2,0
0,0.1,0
0,0.6,204|204
0,0.4,0
0,1.2,0
0,0.6,204|204
0,0.6,0|0
0,1.2,0
0,1.2,0
0,0.4,204|204
0,0.1,0
0,0.1,0
0,1.2,0
0,0.6,0|0
0,0.4,0|0
0,0.4,0
0,1.2,0
0,0.4,204|204
0,0.1,0
0,0.4,0
0,0.1,0
0.07,0.6,200|200
0.01,0.4,200
0,0.4,0|0
0,0.4,204
0,0.1,204
0,0.4,0|0
0,0.6,0|0
0,0.4,0
0,0.4,0
0,0.6,204|204
0,0.4,0|0
0,1.2,0
0,0.4,0|0
0,0.4,0
0,0.4,204|204
0,0.6,0|0
0,0.1,0
0,1.2,0
0,0.4,204|204
0,0.4,0|0
0,0.1,0
0,1.2,0
0,0.6,0|0
0,0.1,0
0,0.1,0
0,0.4,204|204
0,1.2,0
0,0.6,204|204
0,0.1,204
0,0.4,204
0.24,0.1,200
0,0.6,204|204
0,0.4,0|0
0,0.4,0|0
0,0.1,0
0.25;0.02,0.6,200|200
0,0.4,0|0
0,1.2,204
0.33;0.02,1.2,200
0,0.4,204|204
0,1.2,204
0,1.2,0
0,0.1,204
0,0.1,0
0,0.4,0|0
0.03,0.6,204|200
0,0.4,0|0
0,0.6,0|0
0,0.4,0|0
0,1.2,0
0,0.4,0|0
0,0.6,204|204
0,0.6,204|204
0.02,0.4,200
0.14,0.6,200|200
3.2,0.6,200
0.16;0.06,1.2,200
0,1.2,0
0,0.1,0
0,0.4,0|0
0,0.4,0|0
0,1.2,0
0,1.2,0
0,0.1,0
0,1.2,0
0,0.1,0
0,0.4,0|0
0,0.1,204
0.03,0.4,200
0,1.2,0
0.8;0.2,0.6,200
0,0.4,0|0
0,0.4,204|204
0,0.4,0|0
0,1.2,0
0,1.2,0
0,0.4,0|0
0,0.1,0
0,0.4,0|0
0,0.4,0
0,0.1,0
0,0.4,0
0,0.1,0
0,0.6,0|0
0,0.1,0
0,0.4,204
0,0.4,0|0
0,0.1,204
0,0.1,0
0,0.1,0
0,0.1,0
0,0.6,0|0
0,0.1,0
0,0.4,204|204
0,0.4,0
0,0.6,204|204
0,0.6,0|0
0,1.2,0
0,0.4,0|0
0,0.1,0
0,0.1,0
0,0.4,0
0,0.1,0
0.8;0.2;0.02,0.4,200
0,0.6,0|0
0,0.4,0|0
0,0.4,0|0
0,0.6,0|0
0,0.4,0|0
0,0.4,0|0
0,0.4,0|0
0,0.1,204
0,0.4,0|0
0,1.2,0
0,0.4,0|0
0,0.4,0|0
0,0.4,204|204
0,0.4,0|0
0,1.2,0
0,0.4,204
0.22;0.17;0.04,0.1,200
0,1.2,0
0,0.1,0
0,0.4,204
0,0.4,0
0.34,0.1,200
0,0.4,0
0.3,1.2,200
0,0.4,0|0
0.03,0.1,200
0.08,0.6,200|200
0,1.2,204
0,0.4,0|0
0,0.6,0|0
0,0.4,0|0
0,0.4,0|0
0.32,0.6,200|200
0,1.2,0
0,1.2,204
0,1.2,0
0,0.4,0|0
0,0.4,0|0
0,0.4,204
0,0.4,204
0,0.4,0
0.56;0.24,1.2,200
0,0.4,204|204
0,1.2,0
0,0.6,0|0
0,1.2,0
0,1.2,0
0,1.2,0
0.42,1.2,200
0,0.4,0
0,0.4,0|0
0,0.1,0
0,0.4,204|204
0,1.2,0
0,0.6,0|0
0,1.2,0
0,0.4,0|0
0,0.4,0|0
0,0.4,0|0
0,1.2,204
0,0.6,0|0
0,0.1,204
3.1;0.02,0.1,200
0.11,0.6,200|200
0,1.2,204
0,0.6,0|0
0,0.4,0
0,0.1,0
0,0.4,0
0,0.1,0
0,0.1,0
0,0.4,204|204
0,0.6,204|204
0,0.1,0
0,0.1,0
0,0.4,0
0,0.1,0
0,1.2,0
0,0.1,0
0,0.1,0
0,0.4,0
0,0.1,204
0,0.4,0|0
0,0.1,0
0,0.6,0|0
0,1.2,0
0,0.6,0|0
0,0.1,0
0,0.6,0|0
0,0.1,204
0,0.4,0|0
0.35,0.1,200
0,0.4,0|0
0,0.6,0|0
0,0.6,0|0
0,1.2,0
0,0.4,0|0
0,0.4,0
0,1.2,0
0,0.4,0
0,0.1,0
0,1.2,0
0,0.6,0|0
0,0.1,0
0,0.6,0|0
0,0.4,0|0
0,1.2,0
0,0.4,0|0
0,1.2,0
0,0.4,204|204
0,0.4,204
0,0.1,204
0,0.1,0
0,1.2,0
0,0.6,0|0
0,1.2,0
0,0.6,0|0
0,1.2,0
0,0.6,0|0
0,0.1,0
0.64,0.1,200
0,1.2,0
0,0.1,204
0,0.1,204
0.17,0.6,200|200
0,1.2,0
0,0.4,0
0,0.4,0
0,0.6,0|0
0,0.6,0|0
0,0.1,0
0,0.1,0
0,0.4,0
0.44,0.4,204|200
0,0.6,204|204
0,0.1,204
0,0.4,204|204
0,1.2,0
0,0.4,204
0,0.4,204
0,1.2,204
0,0.6,204|204
0,0.6,0|0
0,0.1,0
0,0.4,204|204
0,1.2,0
0,1.2,0
1.29,1.2,200
0,0.4,204|204
0,0.1,0
0,0.6,0|0
0.17,0.4,200|200
0,0.1,0
0,0.4,0
0,0.6,204|204
0,0.4,0
0,0.1,204
0,1.2,0
0,0.6,204|204
1.56,0.6,200
0,0.6,204|204
0,0.6,0|0
0,0.6,204|204
0,0.6,0|0
0,1.2,0
0,0.4,204|204
0,0.1,0
0,0.1,204
0,1.2,204
0,0.6,0|0
0.08,1.2,200
0,0.1,0
0,0.6,0|0
0,0.1,0
0,0.4,0
0,0.4,204|204
0,0.6,0|0
0,0.6,204|204
0,0.1,0
0,0.6,0|0
0,0.4,204
0,0.4,0
0,0.4,0
0.2;0.02;0.01,0.4,200|200
0,0.6,0|0
0,0.4,0|0
0,0.4,0
0,0.1,0
0,0.1,204
0,0.6,0|0
0,1.2,204
0,0.4,0|0
0,0.4,0|0
0,0.4,0|0
0,0.6,0|0
0,0.4,0|0
0,0.4,204
0,0.4,0|0
0.63,1.2,200
0,0.6,0|0
0,1.2,0
0,0.4,0
0,1.2,204
0,0.1,204
0.8;0.2;0.01,0.1,200
0,1.2,0
0,1.2,204
0,0.4,0|0
0,0.4,0|0
0,0.4,0
0,0.6,204|204
0,0.6,204|204
0,0.4,204|204
0,0.4,0
0,0.6,204|204
0.01,0.4,200
0,0.1,0
0,0.4,0|0
0,0.4,0
0,0.4,0
0,0.1,0
0.06,1.2,200
0,0.6,204|204
0,0.6,0|0
0,0.4,0
0,0.1,0
0,1.2,204
0,0.6,0|0
0,1.2,0
0,0.6,0|0
0.18,0.1,200
0,0.4,204
0,0.6,204|204
0,0.4,0|0
0,1.2,0
0,0.4,200|204
0,0.1,0
0,0.4,0|0
0,0.4,0
0,1.2,0
0,0.4,0|0
0,1.2,0
0,1.2,0
0,0.4,0|0
0,0.4,0|0
0,0.4,0
0,0.4,0
0,0.6,0|0
0,0.4,204|204
0,0.4,0
0,0.6,0|0
0,0.1,0
0,1.2,0
3.2,0.6,200
0,0.1,204
0,0.6,0|0
0,0.4,204
0,1.2,0
0,0.4,0
0,0.6,204|204
0,0.4,0
0,0.4,0
0,0.6,0|0
0.91;0.01,0.6,200
0.34;0.2,0.4,200
0,0.1,204
0,0.4,0
0,1.2,0
0,0.6,0|0
0,1.2,0
0,0.1,0
0.46,0.4,200
0.01,0.6,200|200
0,1.2,204
0,0.6,204|204
0,0.4,0|0
0,0.4,0
0,0.4,0|0
0,0.6,204|204
0,0.4,0|0
0.01,0.1,200
0,1.2,0
0,0.4,204
0,1.2,0
0,1.2,0
0,1.2,0
0,0.4,0|0
2.8;0.03,1.2,200
0,0.6,0|0
0,1.2,0
0,0.4,0|0
0.05,0.1,200
0,0.4,0|0
0,0.6,0|0
0,0.1,0
0,0.4,0|0
0,0.6,204|204
0,0.1,0
0,1.2,204
0,0.6,204|204
0,0.1,0
0,1.2,0
0,0.1,0
0,0.1,0
0,0.6,0|0
0,0.1,0
0,0.4,0|0
0,0.4,0
0,0.4,0|0
0,0.4,0|0
0,1.2,204
0,1.2,204
0,0.4,0|0
0,1.2,204
0,1.2,204
0,0.4,0|0
0,0.4,0
0,0.4,0|0
0,0.6,0|0
0.04,0.1,200
0,0.1,204
0,0.4,0
0,0.4,204
0,0.4,200|204
0.2,0.4,204|200
0,0.4,204
1.35;0.48;0.46;0.23,0.1,200
0,0.4,0|0
0,0.4,204|204
0,0.4,0
0,0.4,204|204
0,0.4,0
0,0.1,0
0,1.2,0
0,0.4,0
0,0.1,0
0.04,0.4,200|200
0,0.6,0|0
0,1.2,204
0,0.4,204|204
0.01,0.4,200|200
0,0.4,204
0,0.4,204
0,0.1,0
0,1.2,0
0,1.2,0
0,0.1,0
0.97;0.42;0.02,0.4,200
0,1.2,204
0,0.6,0|0
0,0.4,0
0,0.4,0|0
0,0.6,204|204
0,0.4,0
0,0.1,0
0,0.4,0
0,0.6,0|0
0,0.6,0|0
0,0.4,0
0,0.4,204
0,0.6,0|0
0,1.2,204
0,0.4,0
0,0.4,0
0,0.1,204
0,0.4,0
0,0.4,0|0
0,0.4,0
0,1.2,204
0,1.2,204
0,0.4,204
0,0.4,0|0
0,0.4,0
0,0.6,0|0
0,0.4,0
0,0.4,0|0
0,0.1,0
0.08,0.1,200
0,0.1,0
0.46,0.6,200|200
0,0.4,0|0
0,0.1,204
0,0.1,0
0,0.6,0|0
0,0.4,0
0.04,0.4,200
0,0.4,204|204
0,0.6,0|0
0,0.4,0|0
0,1.2,0
0,0.4,0|0
0,0.6,0|0
0,0.4,0
0.8;0.67;0.63;0.07;0.06,0.6,200
0,0.6,204|204
0,0.4,0|0
0,1.2,0
0,0.4,0
0,0.4,204|204
0,0.4,0
0.99;0.8;0.29;0.22;0.03,1.2,200
0,1.2,204
0,1.2,0
0,0.4,204|204
0,0.1,0
0.02,1.2,200
0,0.6,0|0
0,0.1,0
0,0.6,204|204
0,0.6,0|0
0,0.6,0|0
0,0.4,0
0,0.4,0
0,0.4,204
0,0.1,0
0,1.2,0
0,0.1,0
0,1.2,0
0.91;0.01,0.6,200
0,1.2,0
0,0.4,0
0.01,1.2,200
0,1.2,0
0,0.4,204
0,1.2,0
0,0.4,0|0
0,1.2,204
0,0.1,0
0,0.6,0|0
0,0.1,204
0,0.6,204|204
0,0.6,0|0
0,0.4,0
0,0.1,204
0,0.1,0
0,0.1,204
0.08,0.1,200
0,0.6,0|0
0,0.6,204|204
0,0.4,0|0
0,0.1,0
0,1.2,0
0,1.2,0
0,0.4,0
0.04,0.1,200
0.03,0.4,200
0,0.4,204
0,0.4,0
0,0.4,0
0.06,0.4,200|200
0,1.2,204
0,0.4,0|0
0,0.1,0
0,0.4,0|0
0,0.4,0|0
1.07;0.36,0.1,200
0,1.2,204
0,0.1,204
0,0.6,0|0
0,0.4,0
0,0.4,0
0,0.6,0|0
0,0.4,204
0,0.1,0
0,0.6,0|0
0,1.2,0
0,1.2,204
0,0.4,0|0
0,0.4,0|0
0,0.4,0|0
0,0.4,0|0
0,0.4,0
0,0.4,0|0
0,0.6,204|204
0.01,0.1,200
0,0.1,0
0,0.4,0|0
0,0.1,0
0,0.6,0|0
0,1.2,0
0,1.2,204
0,0.4,0
0,0.4,204|204
0,0.4,204|204
0,1.2,0
0,0.6,204|204
0,1.2,204
0,0.1,204
0,1.2,204
0,1.2,204
0,1.2,0
0,0.6,0|0
0,0.6,0|0
0,1.2,0
0,0.1,0
0,0.6,0|0
0,0.4,0
0,0.1,0
0,0.1,0
0,0.4,0|0
0,0.1,0
0,0.4,0
0,0.4,0|0
0,0.4,204
0,0.6,0|0
0,0.1,0
0,0.4,0|0
0,0.4,0
0,0.6,0|0
0,0.1,0
0,1.2,204
0.02,0.4,200
0,0.4,0|0
0,0.6,0|0
0,0.1,0
0,0.4,0
1.05;0.17;0.04,0.6,200
0,0.4,0
0,0.4,0|0
0,0.6,0|0
0,0.4,204|204
0,0.4,0|0
0,0.1,0
0,0.6,0|0
0,1.2,204
0,1.2,0
0,0.1,0
0,1.2,204
0,0.4,0|0
0,0.4,0
0,1.2,204
0,0.6,0|0
0,0.6,204|204
0,0.6,0|0
0,0.4,0
0,0.1,204
0,1.2,0
0,0.1,0
0,0.4,0|0
0,0.4,0|0
0,0.4,0|0
0,0.4,0|0
0,0.4,0|0
0,0.4,0
0,0.6,0|0
0,1.2,0
0,0.1,0
0,0.4,0|0
0,0.4,204|204
0,0.1,0
0,1.2,0
0,0.6,0|0
0,1.2,0
0,0.4,0|0
0,0.4,0
0,1.2,0
0,0.6,204|204
0,0.6,0|0
0,0.4,0
0,0.6,0|0
0,0.1,0
0,0.4,0
0,0.4,0
0,0.6,0|0
0,1.2,204
0,0.6,0|0
0,0.4,0|0
0,1.2,204
0,1.2,0
0,0.1,204
0,0.6,0|0
0,0.6,0|0
0,1.2,0
0,0.4,0|0
0,0.4,0|0
0,0.6,204|204
0,1.2,0
0,0.6,0|0
0,0.6,204|204
0,0.4,204|204
0,0.4,0|0
0,0.1,0
0,1.2,204
0,0.4,204|204
0,1.2,0
0,0.1,204
0.08,0.4,200|200
0,0.1,0
0,0.4,0
0,0.4,204
0.16,1.2,200
1.44,0.6,200
0,0.4,0
0,0.1,0
0,0.4,0|0
0,0.1,0
0,0.1,0
0,0.4,204|204
0,0.4,0
0,0.4,204|204
0,1.2,204
0,1.2,204
0,0.4,0
0,0.4,0
0,1.2,0
0,0.4,204|204
0.04;0.01,0.4,200|200
0,0.6,0|0
0,0.4,204
0,0.4,0|0
0,0.6,0|0
0,1.2,0
0,0.4,0
0,0.4,0|0
0,0.1,0
0,0.6,204|204
0,0.1,0
0,0.4,204
0,1.2,204
0,0.4,0|0
0,0.1,204
0,0.4,204
0,0.1,0
1.61,0.1,200
0,0.1,0
0.17,0.6,200|200
1.32;0.73,0.4,200
0,0.1,204
0,1.2,0
0,0.6,0|0
0,0.1,0
0.63,0.4,200
0,0.4,204
0,1.2,204
0,0.6,0|0
0,1.2,0
0,1.2,0
0,0.6,0|0
0,0.1,0
0,0.4,0|0
0,1.2,204
0,1.2,0
0,0.4,0
0,0.4,204|204
0,0.4,0|0
0,0.4,0
0,0.6,204|204
0,0.4,0
0,0.4,0
0,0.4,0|0
0.46,0.4,204|200
0,0.4,204|204
0,0.1,204
0,1.2,0
0,0.1,204
0,1.2,0
0,1.2,0
0,0.1,0
0,0.4,0|0
0,0.6,0|0
0,0.6,204|204
0.33,0.4,200
0,0.4,0
0,0.4,204
0,1.2,0
0,0.4,0|0
0,0.6,0|0
0,0.4,0|0
0,1.2,0
0,0.4,204|204
0,0.1,0
0,0.1,204
0,0.1,204
0,0.1,204
0,0.6,204|204
0,0.4,0
0,0.6,0|0
0,1.2,0
0,0.6,0|0
0,0.4,204
0,0.1,0
0,0.4,0|0
0,0.6,204|204
0,0.4,200|204
0,1.2,0
0,0.4,204|204
0,0.1,0
0,0.1,0
0,0.4,0
0,0.6,204|204
0,0.4,204
0,0.1,0
0,1.2,204
0,1.2,0
0,0.4,204
0,0.6,0|0
0,0.6,0|0
0,0.1,0
0,0.4,0|0
0,0.1,0
0,1.2,0
0,0.6,0|0
0,1.2,204
0,1.2,0
0,0.4,0|0
0,0.1,0
0,0.6,0|0
0,0.1,0
0,0.6,0|0
0,0.6,200|204
0,1.2,0
0,0.4,0|0
0,0.4,204
0,1.2,0
0,1.2,204
0,0.4,0
0,1.2,0
0,1.2,0
0,1.2,0
0,0.6,0|0
0,0.4,0|0
0,0.4,0|0
0,0.4,204
0,0.4,0
0,0.6,0|0
0,1.2,0
0,0.4,0
0,0.4,0|0
0,0.1,0
0,0.1,0
0,0.6,0|0
0,0.4,0|0
0,0.6,0|0
0,0.4,0
0,1.2,0
0,0.1,204
0,0.4,0
0,0.4,204|204
0,0.1,0
0,1.2,204
0,0.4,0
0,0.4,0|0
0,1.2,0
0,0.4,0
0,0.1,0
0,0.1,204
0,0.4,0
0,1.2,204
0,1.2,0
0,0.4,204|204
0,0.4,204
0,0.1,0
0,0.4,0
0,0.4,0|0
0,0.4,0
0,0.1,0
0,0.4,0
0,0.4,204|204
0,0.1,0
0,0.1,0
0,1.2,204
0,0.1,0
0,0.4,0|0
0,0.4,0
0,0.1,0
0,1.2,204
0,0.1,204
2.39;0.08,1.2,200
0,1.2,204
0,0.4,0
0,0.4,0
0,0.4,0|0
0,0.4,0
0,0.1,0
0,0.1,0
0,0.6,0|0
0,1.2,0
0,0.1,0
0,0.4,0|0
0,0.1,204
0,0.1,204
0,1.2,204
0,0.4,204
0,0.6,0|0
0,0.6,204|204
0,0.4,0
0,0.6,204|204
0,1.2,0
0,0.1,0
0,0.1,0
0,1.2,204
0,0.1,204
0,0.1,0
0,0.4,0
0,1.2,0
0,1.2,0
0,0.6,204|204
0.42,0.1,200
0,0.1,0
0,0.1,0
0,1.2,0
0,0.6,0|0
0,1.2,204
0.03,0.6,204|200
0,0.6,0|0
0,0.6,204|204
0,0.4,0
0,0.1,204
0.31;0.02,1.2,200
0,0.4,204|204
0,0.4,0|0
0,0.4,0|0
0,0.4,0|0
0,0.6,204|204
0,0.4,0|0
0.03,1.2,200
0,0.4,0|0
0,1.2,0
0,1.2,0
0,0.4,0
0,0.4,0|0
0,1.2,204
0.14,0.1,200
0,1.2,0
0,1.2,0
0,1.2,0
0,0.1,0
2;0.28;0.02,0.6,200
0,0.4,0|0
0,0.4,0|0
0.01,0.6,200|200
0,0.4,0|0
0,0.1,0
0,0.4,0
0,0.4,204|204
0,0.4,0|0
0,1.2,204
0,0.6,0|0
0,0.6,204|204
0,0.4,0|0
0,0.4,0|0
0,0.4,0|0
0,0.6,0|0
0,0.4,0|0
0,0.6,0|0
0,1.2,0
0,0.6,0|0
0,1.2,204
0,0.6,0|0
0,0.4,0
0,0.4,204|204
0,0.6,0|0
0,0.6,0|0
0,0.1,0
0,0.4,0|0
0,0.4,0
0.14,0.4,200
0,1.2,0
0,0.4,0
0,0.6,0|0
0,0.4,204
0,0.4,0|0
1.35;0.93;0.89;0.79,0.1,200
0,0.4,204|204
0,0.1,0
0,1.2,0
0,0.4,0|0
0,0.6,0|0
0,1.2,204
0,0.4,0|0
0,0.6,0|0
0.64,0.6,200
0,0.1,0
0,0.1,0
0,0.4,0
0,1.2,0
0,0.4,0
0,1.2,204
0,1.2,0
1.28;1.08;0.64;0.16;0.05,1.2,200
0.03;0.01,1.2,200
0,0.4,0
0,0.1,204
0,0.4,0|0
0,1.2,0
0,0.4,204
0,1.2,204
0,0.4,0
0,0.4,204|204
0.03,0.4,200
0,0.4,204
0,0.4,0|0
0,0.1,0
0,0.4,0
0,0.4,0
0,0.4,0|0
0,1.2,0
0,0.4,0
0,0.4,0
0,0.4,0|0
0.89,0.6,200|200
0,0.1,0
0,0.6,0|0
0.08,0.4,200
0,0.6,0|0
0,0.4,0
0,0.1,0
0.26,0.4,200|200
0,0.1,0
0,0.6,0|0
0,0.4,0
0,0.4,204|204
0,0.4,0
0,0.1,0
0,1.2,0
0,1.2,0
0,0.4,0
0,0.4,204
0,0.6,204|204
0,0.4,0|0
0,0.4,204|204
0,1.2,0
0,0.4,0
0,0.6,0|0
0,0.4,0|0
0,0.1,204
0,0.1,0
2.4;0.34;0.06,1.2,200
0,1.2,0
0,0.4,204|204
0,0.4,0|0
0,0.4,0|0
0,1.2,0
0,0.1,0
0,0.6,0|0
0,0.6,0|0
0.01,0.6,200|200
0,0.6,0|0
0,0.1,0
0,0.4,0
0,0.1,204
0,0.4,0|0
0.16;0.1,1.2,200
0.01;0.01,0.4,200
0,0.6,200|204
0.64;0.06,0.1,200
0,0.4,0|0
0,1.2,0
0,0.4,0|0
0,0.4,204
0,0.4,0|0
0,1.2,0
0,1.2,0
0,0.4,0|0
0,0.1,0
0,1.2,0
0,0.4,0|0
0,0.4,200|204
0,0.1,204
0,0.6,0|0
0,0.4,0|0
0,0.4,0
0,0.6,204|204
0,1.2,0
0.23,0.6,200|200
0,0.1,0
0,0.4,0|0
0,0.4,0|0
0,0.1,0
0,1.2,0
0,0.4,204
0,1.2,0
0,0.1,0
0,0.1,0
0,0.4,0|0
0,0.4,204|204
0,0.6,0|0
0,0.4,0|0
0,0.4,0
0,0.6,0|0
0,0.1,0
0,0.1,0
0,0.4,0
0,0.4,0|0
0,0.4,0|0
0,0.6,0|0
0,0.1,204
0,0.1,0
0.01,1.2,200
0,0.6,0|0
0,0.1,204
0,1.2,204
0,0.4,0
0,0.4,0
0,1.2,0
0,1.2,0
0,0.4,204
0,1.2,0
0,1.2,204
0,0.6,204|204
0,1.2,0
0,0.4,0
0,0.4,0
0,0.1,204
0.2;0.08,0.4,200|200
0,0.4,204|204
0,0.6,200|204
0,0.6,0|0
0,1.2,0
0,0.6,0|0
0,1.2,204
0,0.4,0
0,0.4,0|0
0,0.4,204
0,1.2,0
0,0.4,0
0,0.4,0|0
0,0.4,204|204
0,1.2,0
0,0.4,0|0
0,0.1,0
0,0.4,0
0,0.1,0
0,1.2,204
0.06,0.1,200
0,0.1,0
0,1.2,204
0,1.2,204
0,0.4,200|204
0,0.6,204|204
0,0.6,0|0
0,0.6,0|0
0,0.6,204|204
0,1.2,0
0,0.4,0|0
0,0.6,204|204
0,0.4,0|0
0,1.2,204
0,0.4,0
0,0.4,0
0,0.1,0
0,0.6,0|0
0,0.4,0
0,0.6,0|0
0,0.6,0|0
0,0.6,0|0
0,0.4,0|0
0,0.1,204
0,1.2,0
0,0.4,0|0
0,0.4,204|204
0,1.2,0
0,0.4,0|0
0,0.4,204
0,1.2,204
0,0.6,0|0
0,0.4,0|0
0,0.4,0|0
0,1.2,0
0,0.6,0|0
0,0.4,0
0,0.4,0
0,0.6,0|0
0,1.2,0
0,0.1,0
0,0.4,0|0
0,0.6,0|0
0,0.6,0|0
0.21,0.4,200
0,0.6,0|0
0,0.6,200|204
0,0.4,204
0,0.6,0|0
0,0.1,0
0,0.4,0|0
0,0.4,204|204
0,0.4,0
0,0.6,0|0
0,0.1,204
0,0.4,0
0,0.1,0
0.06,0.4,200|200
0,0.6,0|0
0.34,0.4,200
0,0.4,204
0,0.1,0
0,0.4,0
0,0.1,204
0,0.4,0
0,0.4,204|204
0,0.4,0
0,0.4,204|204
0,0.4,0|0
0,0.4,0|0
0,1.2,0
0,0.1,0
0,0.1,0
0,1.2,204
0,0.4,0
0,0.1,0
0,0.1,0
0,0.4,0
0,0.1,0
0,1.2,0
0,0.4,0|0
0,0.1,204
0,0.4,0|0
0.88,0.4,200
0,0.6,0|0
0,1.2,0
0,0.6,204|204
0,0.6,0|0
0,0.4,0|0
0,0.6,0|0
0,0.4,0
0,0.4,204
0,0.6,204|204
0,0.4,0|0
0,1.2,0
0,0.4,204
0,0.1,0
0,0.4,0|0
0,0.4,0
0,1.2,0
0,0.1,0
0,0.1,0
0,0.4,204|204
0,0.1,0
0,0.1,0
0.4,0.4,200
0.05,0.1,200
0,0.4,204|204
0,0.4,204|204
0,0.1,0
0,0.1,0
0,1.2,0
0,0.4,0|0
0,0.4,204|204
0,0.4,204|204
0,0.4,0
0,0.1,0
0,0.4,0|0
0,0.1,0
0,0.6,204|204
0,0.1,0
0,0.6,0|0
0,1.2,0
0,1.2,0
0,0.6,204|204
0,0.4,0
0,0.4,0|0
0,1.2,204
0,0.4,0|0
0,0.1,0
0,0.4,0
0,0.6,0|0
0,0.4,204
0,0.6,0|0
0,0.1,0
0,0.4,204|204
0,0.4,204|204
0,0.4,204|204
0,1.2,0
0,1.2,0
0,0.4,0|0
0,0.4,0
0,0.1,0
0,1.2,204
0,1.2,0
0,0.6,0|0
0,1.2,0
0,0.6,0|0
0,0.1,0
0,1.2,0
0.08,0.6,204|200
0,1.2,0
0,0.1,0
0,0.4,0|0
0,0.6,0|0
0,0.6,0|0
0,0.4,0
0,0.4,0|0
0,0.4,204
0,0.6,200|204
0,0.4,0
0.14,0.1,200
0,0.4,0|0
0,1.2,204
0,0.1,204
0,1.2,0
0,0.6,0|0
0,0.4,0
0,0.6,0|0
0,0.6,0|0
0,0.6,0|0
0,0.6,0|0
0,0.1,204
2.4,1.2,200
0,0.4,204|204
0,0.6,0|0
0,0.4,204|204
0,0.4,0
0,1.2,0
0.03,0.1,200
0,0.4,0
0,1.2,204
0,1.2,0
0,1.2,204
0,0.1,0
0,0.4,200|204
0,0.1,204
0,0.4,0|0
0,1.2,204
0,0.1,0
0,0.4,0
0,1.2,0
0.16;0.13,0.4,200|200
0,0.4,0
0,0.6,0|0
0.16;0.04;0.01,0.4,200|200
0,0.4,200|204
0,1.2,0
0,0.4,204
0,0.4,204
0,0.6,0|0
0,0.6,204|204
0.17;0.04,0.6,204|200
0,0.1,204
0,0.1,204
0,0.6,0|0
0,0.4,204
0,0.6,0|0
0.06;0.02,0.1,200
0,0.1,0
0,0.4,0
0,0.1,0
0,1.2,0
0,1.2,204
0,0.4,0
0,0.1,0
0,0.4,0|0
0,0.1,204
0.26,0.1,200
0,0.4,0
0,0.1,204
0,0.1,204
0,0.6,0|0
0,0.4,0|0
0,0.1,204
0.01,0.1,200
0,0.4,0
0,0.1,0
0,0.6,200|204
0,0.1,0
0,0.1,0
0,0.4,0|0
0,0.1,0
0,1.2,0
0,0.1,0
0,0.1,0
0,0.6,204|204
0,1.2,204
0,0.6,0|0
0,0.4,204
0,0.4,0
0,1.2,0
0,0.6,0|0
0,0.4,0|0
0,0.1,0
0,0.4,204
0,0.4,0|0
0,0.6,0|0
0,0.4,204
0,0.4,0|0
0,0.1,0
0,0.4,0
0,1.2,0
0,1.2,0
0,1.2,0
0,0.4,0|0
0,0.6,204|204
0.6,0.4,200
0.8;0.22,0.6,200
0,0.1,0
0,0.6,0|0
0,0.4,0
0,0.4,204|204
0,0.4,0|0
0,1.2,0
0,0.6,204|204
0,0.4,204
0,0.1,204
0,0.6,0|0
0,0.4,0|0
0,0.1,204
0,0.4,0
0,0.4,204
0,0.4,204
0,0.1,0
0,0.4,0|0
0,0.4,0
0,0.6,0|0
0,0.4,0
0,0.6,0|0
0,0.6,0|0
2.39,0.6,200
0.61,0.6,200
1.44,0.4,200
0,1.2,0
0,0.1,0
0,0.4,0|0
0,1.2,0
0,0.4,0|0
0,0.1,204
0,0.1,204
0,0.4,0
0,0.6,0|0
0,0.6,0|0
0,0.4,0|0
0,0.1,0
0,0.4,0
0,0.6,0|0
0,0.6,0|0
0,0.4,0|0
0,0.4,0|0
0,1.2,0
0,0.1,204
0,0.4,204|204
0,0.4,0
0,0.1,204
0.34,0.4,200|200
0,1.2,0
0,0.4,0|0
0,0.6,0|0
0,0.4,0
0,0.6,204|204
0,1.2,0
0,0.4,0
0,0.4,204
0,0.4,0|0
0,1.2,0
0,1.2,0
0,0.1,0
0,0.6,0|0
0,0.1,0
0,0.4,0
0,0.4,0|0
0,0.4,204|204
0,0.4,0|0
0,1.2,0
0,0.4,0
0,1.2,0
0,1.2,0
0,0.4,0
0,0.4,0|0
0,0.1,0
0,0.4,200|204
0,0.4,0|0
0,0.4,0
0,0.4,0
0,0.1,0
0,0.6,0|0
0,0.1,0
0,0.4,0|0
0,0.4,0
0,1.2,204
0,0.4,204
0,0.4,0|0
0,0.4,0|0
0,1.2,0
0,0.4,0
0.16,0.4,200
0,1.2,0
0.64;0.33,1.2,200
0,1.2,0
0,1.2,0
0,0.6,204|204
0,1.2,0
0,1.2,0
0,0.4,0
0,1.2,0
0,0.4,0|0
0,0.6,0|0
2.49;0.63,0.1,200
0,0.4,204|204
0.01,0.1,200
0,1.2,204
0,1.2,0
0,1.2,0
0,0.6,0|0
0,0.4,0|0
0,0.1,204
0,0.4,204
0,0.1,0
0,0.6,0|0
0,0.4,204
0,1.2,0
0,0.4,0
0,0.4,0|0
0,0.1,0
0,0.4,0
0,0.4,0
0,0.6,0|0
0,0.4,0
0,0.6,0|0
0,0.4,0
0.26,0.4,200
0,0.1,0
0,1.2,0
0,0.1,0
0,0.4,0|0
0,0.4,0
0,0.4,0|0
0,1.2,0
0,0.6,0|0
0,1.2,0
0,0.1,0
0,1.2,204
3.2;0.23,0.6,200
0.27;0.26,0.4,200|200
0.2,0.4,204|200
0,0.4,0
0,0.4,0|0
0,0.4,0
0,1.2,204
0,0.4,0|0
0,1.2,0
0,0.1,0
0.01,0.6,200|200
0,1.2,204
0,0.4,0
0,0.1,204
0,0.1,0
0,0.6,0|0
0,0.1,0
0,1.2,0
0,0.4,0
0,1.2,204
0,0.1,0
0,0.6,0|0
0,1.2,0
0,0.4,204|204
0.2,0.6,204|200
0,0.1,0
0,0.4,0|0
0,0.4,0
0,0.1,0
0,0.4,0
0,0.4,204
0.12,0.1,200
0,0.6,0|0
0,0.6,0|0
0,0.4,0
0,0.1,0
0,0.1,0
0,0.4,0
0,0.4,204
0,1.2,0
0,1.2,0
0,0.4,0
0,0.4,0|0
0,0.4,204|204
0,0.6,0|0
0,0.4,0
0,0.6,0|0
0,0.6,0|0
0,0.1,0
0,0.4,204
0,0.4,0|0
0,1.2,0
0,0.6,204|204
0,0.6,0|0
0,0.1,0
0,0.4,0|0
0,0.1,0
0,0.6,204|204
0,0.1,0
0,1.2,0
0.02,0.1,200
0,0.4,0|0
0,0.6,0|0
0,0.4,0|0
0,0.6,0|0
0,1.2,0
0,0.1,0
0,0.4,0|0
0,0.6,0|0
0,1.2,204
0,0.1,0
0,0.4,204|204
0,1.2,0
0,0.4,0|0
0,0.6,0|0
0,0.4,0
0.07,0.4,200
0,0.6,0|0
0,0.4,0
0,0.1,0
0,0.4,0
0,0.6,0|0
0,0.4,0|0
0,0.6,204|204
0,1.2,204
0,0.6,204|204
0,0.6,0|0
0,0.4,0|0
1.08;0.42,0.6,200
0,0.6,0|0
0,0.6,0|0
0,0.4,204
0,0.4,0
0,0.4,0|0
0,0.1,0
0.34,1.2,200
0,0.4,204
0.14,0.4,200
0,0.4,204
0,0.4,0
0,0.6,200|204
0,0.6,0|0
0,1.2,0
0,0.1,0
0,0.4,0
0,0.4,0|0
0,0.6,0|0
0.01,0.4,200|200
0,0.4,204
0,0.1,0
0,0.4,0
0,0.4,204
0,1.2,0
0,0.1,0
0,1.2,0
0,1.2,0
0,0.4,200|204
0,0.1,0
0,1.2,0
0,0.6,204|204
0,0.1,0
0,0.1,0
0,0.4,0
0,0.4,204
0,0.1,0
0.16;0.12,1.2,200
0,1.2,204
0,1.2,204
0,0.4,0
0,0.1,204
0,0.6,0|0
0,0.1,0
0,1.2,0
0,0.4,0
0,0.4,0|0
0.34;0.06,0.4,200
0,1.2,0
0,1.2,0
0,0.4,204
0,0.4,0
0,0.4,204
0,0.6,0|0
0,1.2,0
0,0.4,0|0
0,1.2,0
0,0.4,204|204
0.46,0.4,200|200
0,0.6,204|204
0,1.2,0
0,0.6,0|0
0,0.6,0|0
0,1.2,0
0,0.1,0
0,1.2,204
0,0.4,0
0,0.4,204
0,0.1,0
0,0.4,204|204
0,0.4,0
0,0.4,0
0,1.2,0
0,0.4,0|0
0,0.4,0|0
0,0.6,0|0
0.16,0.1,200
0,1.2,0
0.01,0.6,200|200
0.34,0.4,200|200
0,0.4,204
0,1.2,204
0,0.6,0|0
0,0.6,0|0
0,1.2,204
0,0.4,0
0.26;0.08;0.02,0.4,200
0,1.2,204
0,0.6,204|204
0,0.4,0|0
0,0.4,0|0
0,0.4,204
0.02,0.1,200
0,0.4,0
0,0.6,0|0
0,0.1,204
0,0.6,0|0
0,0.1,0
0,0.4,0|0
0,0.4,0
0,0.6,0|0
0,0.4,0
0,1.2,204
0,0.6,204|204
0,0.6,0|0
0,0.6,0|0
0,0.4,204
0,0.4,0|0
0,0.6,204|204
0,0.6,0|0
0,0.1,204
0,0.4,204|204
0,0.6,0|0
0,1.2,0
0.04,0.4,200
0,0.4,204|204
0,0.1,0
0,0.4,0|0
0,0.4,204|204
0,1.2,0
0,0.6,0|0
0,0.6,0|0
0,0.1,0
0,0.1,0
0,0.4,0|0
0,0.6,0|0
0,0.1,204
0,0.6,0|0
0,1.2,204
0,0.4,204|204
0,0.4,204|204
0,0.4,0|0
0,1.2,0
0,1.2,0
0,0.4,0|0
4.76;0.03,0.4,200
0,0.6,204|204
0,0.1,0
0,0.4,0
0,1.2,0
0,0.6,0|0
0,0.1,0
0,0.1,0
0,0.4,204
0,0.4,0|0
0,0.4,0
0,0.6,204|204
0,0.4,0
0,0.4,0|0
0,0.4,0
0,0.4,204
0,0.1,0
0,0.6,204|204
0,0.6,0|0
0,1.2,0
0,0.6,204|204
0,0.1,204
1.05,0.1,200
0,0.4,0
0,1.2,0
0,0.4,0|0
0,0.6,0|0
0,0.1,204
0,0.4,0|0
0,0.1,0
0,1.2,0
0,0.1,204
0.12,0.6,200|200
0,0.4,0
0,0.4,0|0
0,0.4,0
0,0.6,0|0
0,0.6,0|0
0,1.2,0
0,1.2,0
0,0.4,0
0,0.4,0
0.01,0.4,200|200
0,0.4,0|0
0,0.6,204|204
0,0.4,0
0,1.2,204
0,1.2,0
0,0.6,0|0
0,0.4,204|204
0,1.2,204
0,0.1,0
0,0.4,0|0
0,0.1,204
0,1.2,204
0,0.6,200|204
0,1.2,0
0,1.2,0
0,1.2,204
0,0.4,0|0
0,0.1,204
0,1.2,204
0,0.6,0|0
0,0.4,204
0,0.1,204
0,0.4,0
0,1.2,0
0,0.6,204|204
0,1.2,204
0,0.4,0|0
0,1.2,0
0,0.1,0
0,0.1,0
0,0.1,204
0,0.6,0|0
0,0.4,0
0,0.1,0
0,0.4,200|204
