0.44;0.29;0.27;0.16;0.08,1.35,200
0,1.35,0
0,1.35,0
1.48;1.12;0.8;0.4;0.22,1.75,200
0.38,1.35,200
0,0.95,0|0
0,1.35,204
0,1.35,0
0,0.65,0
1;0.54;0.4;0.27;0.24,1.35,200
0,0.65,0
0,0.75,0
0,0.85,0
0,0.55,0
0,1.35,0
2.8;0.9;0.15,1.75,200
0,0.95,0
0,0.65,0
0.07;0.03,0.95,200
0.12,1.75,200
2.47;2.26;0.85;0.36;0.2,1.15,200
2.24;0.02,1.35,200
11.09;1.12;0.81;0.8;0.8,0.95,200
0,1.75,0
0,1.35,0
2.34;1.28;0.73;0.27;0.24,1.35,200
0,0.75,0
0.84;0.21;0.04,0.65,200
0,0.85,0
0,0.65,0
2.2;1.32;1.15;0.8;0.24,1.15,200
0.8;0.52,0.95,200
0.48;0.32;0.32;0.19,1.35,200
0,1.45,0
3.12;0.34;0.12,1.15,200
0,0.65,0
0,1.35,0
0,1.15,204|204
0,0.75,0
0.24;0.12,0.95,200
0,0.75,0
2.14;2;0.93;0.69;0.57,1.35,200
9.76;2.32;0.95;0.88;0.72,1.35,200
0,1.15,0|0
0,0.95,0
0.39,1.15,200|200
0,0.95,0|0
0,1.35,0
0.12;0.08,1.35,200
0,1.15,0|0
0,0.55,0
0.83;0.12;0.05;0.02,0.95,200|200
0,1.35,0
1.84;0.64;0.55;0.07,1.35,200
0.2,0.85,200
0,0.65,0
0,0.95,0
0,0.75,0
0,1.35,0
0,1.35,0
0,1.35,0
0,0.95,0
0.8;0.27;0.25;0.2;0.2,1.35,200
0,1.35,0
0.51;0.44;0.32;0.08;0.07,1.75,200
0,0.95,0
0,1.35,0
2.47;0.8;0.61;0.36;0.09,0.95,200
2.4;1.6;1.58;0.48;0.41,1.75,200
3.05;0.6,1.35,200
0,1.35,0
0,1.35,0
0.02,0.85,200
0,1.45,204
0.84;0.8;0.56;0.09;0.09,0.55,200
2.4;1.24;0.8;0.4;0.3,1.15,200
0,0.75,0
0,0.65,0
1.98;1.62;0.4;0.1;0.09,0.95,200
0,0.55,0
2.8;0.32;0.31;0.12;0.07,0.95,200
0.16,0.75,200
0,0.55,0
0,0.75,204
0,0.95,0
1.37,0.95,200
0.8;0.64;0.25,1.45,200
0,1.45,0
1.37;0.01,1.35,200
0,0.55,0
0.98;0.96;0.95;0.93;0.32,1.35,200
0,0.65,0
0,1.35,0
0.2,1.35,200
2.4;1.11;0.79;0.13;0.06,1.45,200
0,0.85,0
0,0.65,0
0,1.35,0
0,1.35,0
0.27,0.75,200
0.84;0.8;0.61;0.36;0.33,1.35,200
3.75;0.33;0.2,0.95,200
0,1.75,0
0,1.35,0
0,0.75,204
0,0.75,0
3.03;0.56;0.48;0.33;0.32,1.15,200
0,1.35,0
0,1.35,0
4.12;2.2;2.01;1.86;0.84,1.45,200
1.96;1.26;0.93;0.8;0.55,1.35,200
0,1.35,0
1.2;0.89;0.12,1.75,200
0,0.55,0
0,1.35,0
0,1.45,0
2.35;0.8;0.5;0.5;0.36,1.15,200
1.65;0.93;0.64;0.41;0.32,1.45,200
0.8;0.68;0.09,1.45,200
0.1;0.03,0.85,200
2.4;1.85;0.38;0.35;0.2,1.35,200
24.05;2.66;1.65;1.49;1.41,0.55,200
0,1.35,0
0,1.35,0
0,1.35,0
0,1.15,0|0
0,0.95,0
0.17,0.95,200
0,1.35,0
0,0.65,0
0.84;0.02,1.35,200
0,1.35,0
0.6;0.28;0.2;0.14,0.85,200
0,1.35,0
0.8;0.33;0.26;0.16;0.09,1.35,200
0,1.35,0
0,1.35,0
1.32;1.22;0.8;0.66;0.32,1.75,200
1.96;0.21,1.15,200
0.86;0.52;0.37;0.28;0.1,1.35,200
0.8;0.29;0.04,0.95,200|200
0,1.75,0
0,1.35,0
0,0.65,0
0.8;0.36;0.2;0.09;0.06,1.15,200|200
0,0.65,0
0,0.75,0
2.24;0.85;0.51;0.32;0.22,1.35,200
0,1.15,0|0
0,1.35,0
0,0.95,0|0
0,0.65,0
0.16,1.35,200
0.02,0.95,200
1.6;1.04;0.25;0.2;0.12,1.35,200
0,0.65,0
0,0.85,0
2;0.5;0.36;0.32;0.3,1.35,200
0,0.55,0
4.76;3.22;1.72;1.7;0.8,1.35,200
0,1.35,0
0.13,1.15,200|200
0.23;0.08;0.02,1.35,200
0,1.35,0
0,1.35,0
0.86;0.57;0.21;0.21;0.12,0.65,200
0,1.35,0
0.07;0.02,1.35,200
0,1.35,0
0,1.35,0
0,0.55,0
0,1.35,0
0.48;0.12;0.07,1.35,200
1.03,0.75,200
0,1.35,0
0.3;0.11,0.55,200
0,1.45,0
0.16,1.35,200
0,1.35,0
0,0.85,0
0,1.35,0
1.47;0.64;0.2;0.12;0.07,0.95,200
0,0.95,0
0,1.35,0
0,1.15,0|0
1.08;0.86;0.12;0.08,1.35,200
0.84;0.08,0.95,200
0.8;0.61;0.36;0.35;0.24,0.95,200|200
0.6;0.32;0.17;0.08,1.35,200
0,0.85,0
0,0.85,0
0,0.75,0
0,0.85,0
0,0.95,0|0
0,0.95,0
2.47;0.8;0.8;0.12;0.07,1.35,200
1;0.52;0.38,1.35,200
0,1.35,0
0,0.95,0
0,1.35,0
0,0.85,0
0,0.85,0
0,1.15,0|0
0,0.95,204
0,0.95,0
0,1.35,0
0.64;0.6;0.43;0.4;0.27,0.95,200
0,1.35,0
0,1.35,0
0,1.35,0
0.56;0.1,0.85,200
0,0.75,0
0,0.75,204
0,1.35,0
0,1.15,0|0
0,0.95,0
0,0.65,0
0,0.95,0|0
2.85;2;1.44;0.95;0.62,1.35,200
0,1.15,204|204
0,1.35,0
0.44,1.35,200
0,0.65,0
0.8;0.28;0.22;0.08,1.35,200
0,1.35,0
0.04,1.35,200
0,1.15,0|0
2.18;0.28;0.07,1.35,200
0,0.65,0
0,0.95,0
0,1.45,204
1.6;0.03;0.01,0.75,200
0,0.95,0
0,0.85,0
1.91;0.88;0.68;0.14;0.08,1.35,200
2.66;2.09;1.84;1.08;0.72,1.35,200
0,1.35,204
0,0.85,0
1.12;0.36;0.33;0.28;0.11,1.35,200
0,1.15,0|0
0,1.35,0
0.08;0.06;0.01,1.35,200
0,1.75,0
0,0.85,0
1.2;0.64;0.48;0.43;0.2,1.35,200
0,1.35,0
2;0.2;0.04,0.65,200
0,0.85,0
0.52;0.11,0.75,200
0.93;0.92;0.26,1.75,200
0,0.95,0|0
0.76,1.35,200
0.8;0.74;0.62;0.4;0.27,1.35,200
0,1.35,0
0,1.35,0
3.2;1.89;1.6;1.07;1.01,1.35,200
0,0.85,0
0,0.65,0
1.4;0.93;0.6;0.32;0.17,0.95,200
0,0.65,0
0,1.35,0
0.05,1.45,200
0,0.85,0
0,0.65,0
0,1.45,0
0,1.35,0
0,1.35,0
0,0.85,0
0.8;0.02,1.35,200
0,1.15,0|0
3.12;1.28;0.8;0.74;0.34,1.35,200
0.05,1.35,200
0,0.65,0
0,0.65,0
2.4;0.75;0.72;0.7;0.68,1.35,200
0,1.35,0
0,1.35,0
0,0.95,0|0
1.44;0.2,0.95,200
1.16;1.12;0.93;0.84;0.64,1.35,200
0,1.35,204
1.83;1.22;0.76;0.59;0.33,1.35,200
0,0.85,0
0,0.65,0
0,1.35,0
1;0.88;0.8;0.75;0.68,0.55,200
1.68;1.38;1;0.86;0.34,1.35,200
1.12;0.8;0.36,1.75,200
0,1.35,0
0,0.55,0
0,0.65,0
0,0.55,204
0,0.85,0
0.8;0.61;0.59;0.52;0.25,1.45,200
0,0.55,0
5.7;1.2;0.36;0.2,1.35,200
2;1.56;1.01;0.4;0.32,0.95,200
0,0.95,0|0
0,1.45,0
0,0.95,0|0
0,1.45,0
0,0.95,0
0.57;0.2;0.09,0.55,200
0,0.55,0
0,1.35,0
0,1.35,0
0,1.45,0
0,1.35,0
0,1.15,0|0
0.04,0.65,200
0,0.85,0
0,1.35,0
0,1.35,0
0.16,1.35,200
2.4;0.8;0.8;0.8;0.49,1.35,200
0,1.35,0
0.6;0.04,0.95,200
0,0.65,0
0,0.55,0
0,1.35,204
1.6;0.83;0.8;0.59;0.32,1.35,200
0,0.75,0
0,0.75,0
0.79;0.4;0.32;0.1;0.08,0.85,200
0.83;0.6;0.36;0.04,1.35,200
0,1.35,0
0,1.35,204
0,1.35,204
0,0.55,0
0,0.75,0
0,1.15,0|0
0,0.65,0
0.23;0.1,1.45,200
0,0.55,0
2.87;1.86;1.68;0.8;0.52,0.95,200
0,1.35,0
0,0.75,0
0.84;0.56;0.49;0.45;0.35,0.55,200
0,0.55,0
0,0.95,0|0
0,1.75,0
0,0.85,0
0,0.85,0
1;0.24;0.07,1.75,200
0,0.85,0
0.83;0.52;0.09,0.75,200
0,0.55,0
0.84;0.38,1.35,200
0,1.35,0
2.6;0.3;0.02,1.35,200
0,1.75,0
0,0.75,0
0.08;0.02,1.35,200
0,1.35,0
0,1.35,0
0,1.35,0
0,0.75,0
0,0.75,0
2.4;1.8;1.8;1.12;1.12,1.45,200
0.57;0.14;0.02,1.35,200
3.8;2.1;1.5;0.93;0.62,1.35,200
0,0.65,204
0,1.35,0
0,1.35,0
2.4;0.83;0.49;0.2;0.08,1.15,200
1.2;1.12;0.37;0.28;0.24,0.55,200
0,1.35,0
0,1.35,0
3.8;2.86;1;0.84;0.74,1.35,200
0,1.35,0
0.8;0.4;0.27;0.26;0.23,1.35,200
0.85;0.2;0.12;0.08,0.95,200
0,1.35,0
0,0.95,0|0
0,0.85,0
0,1.35,0
0,1.35,0
0,0.85,0
0,0.75,204
0,0.55,0
0,0.95,0
0,1.35,204
0,0.75,0
0.08;0.02,0.55,200
0.61;0.02,1.35,200
1.11;0.12,0.55,200
3.48;3.15;1.42;1.2;0.84,1.35,200
0.91;0.43;0.4;0.27;0.25,0.55,200
1.32;1.12;1;0.89;0.6,1.45,200
0,0.95,0
0,1.35,0
0,1.45,0
0,0.75,0
1.83;0.59;0.54;0.36;0.34,1.75,200
0.08,1.15,200|200
0,0.65,0
0,1.75,0
9.52;1.46;1;0.51;0.21,1.45,200
0,1.35,0
1.06;0.6;0.2;0.19;0.1,1.35,200
0,0.75,0
0,0.85,0
2.4;0.12,1.35,200
0,0.75,0
6.26;3.61;0.72;0.36;0.32,1.35,200
0,0.75,0
0.98;0.85;0.68;0.6;0.55,0.55,200
0,1.35,0
0,1.35,0
0,0.55,0
1.66;1.3;0.23;0.18;0.14,0.95,200
0,0.75,204
6.4;1.6;0.79;0.75;0.62,0.95,200
0,0.55,0
0,1.35,0
0,0.95,0
0,0.85,0
0,0.75,0
0,0.75,0
0,0.85,0
0,0.85,0
0,1.35,0
0,1.35,0
0,0.95,0
0.15;0.08;0.06,0.65,200
0.64;0.26;0.24;0.07;0.06,0.65,200
0,0.75,0
0,1.35,0
0,0.95,0|0
0,1.35,0
0,0.55,0
0,1.35,0
0,0.75,204
0,0.65,0
2.4;2.32;0.96;0.77;0.5,1.45,200
5.93;2.53;1.27;1;1,1.35,200
4.24;1.04;0.8;0.75;0.36,1.15,200
0,1.35,0
0,0.65,0
0.55;0.3;0.12,0.95,200
1.68;1.6,0.95,200
2.54,0.95,200|200
0,1.35,0
0,1.45,0
0,0.55,0
0,1.45,0
0,0.95,0|0
0.99;0.8;0.77;0.56;0.39,1.35,200
0.57;0.38,1.75,200
0,1.35,0
0,0.65,0
1.01;0.8;0.6;0.44;0.33,0.95,200|200
0,1.35,0
0,1.35,0
0.01,1.15,200|200
0,0.85,0
0.11;0.07,0.85,200
0,0.65,0
0,0.95,0|0
0,1.35,0
0,0.75,0
1;0.47;0.32;0.04,0.55,200
0,0.95,0|0
0,1.35,0
0,1.35,0
0,1.15,0|0
0,1.45,0
0.88;0.71;0.23;0.09,0.85,200
0,1.35,0
0,1.35,0
0,1.35,0
0.34;0.11,1.45,200
0,0.65,0
1.84;1.22;0.75;0.65;0.3,1.35,200
0,1.45,0
0.24;0.09;0.08;0.07,1.35,200
0,0.85,0
0,1.35,204
0,1.35,0
0,1.75,0
1.8;0.23;0.2;0.03,1.15,200
0,0.95,0
0,1.35,0
0.22,0.95,200|200
0,1.15,0|0
0,0.85,0
0,0.85,0
0,1.35,0
0,1.75,0
0,0.95,0|0
1.72;1.28;0.79;0.52;0.43,1.15,200
0,0.75,0
0.72;0.51;0.43;0.07,0.95,200
0.06,0.75,200
1;0.96;0.82;0.66;0.64,1.35,200
0,0.95,0
0,0.85,0
0,1.75,0
6.6;3.01;1;0.93;0.61,1.45,200
0,0.75,0
0,1.35,0
0,1.45,0
3.92;1.92;0.4;0.17;0.03,0.95,200
0,0.85,0
0,1.75,204
0,0.55,204
0.56;0.38,0.95,200|200
0,1.35,0
0.38,1.45,200
0,1.35,0
0.04,1.15,204|200
0.12,0.95,204|200
0,0.75,0
0,0.75,0
0.88;0.12,1.35,200
0.38;0.02,0.95,200
0,1.35,0
0,1.35,0
0,1.35,0
0,0.75,0
0,1.45,0
0.04,1.35,200
0.8;0.4;0.32;0.23;0.2,1.75,200
0,1.35,0
0,1.35,0
0,0.95,0
0,0.95,0|0
0,1.35,0
0.04,0.95,200|200
0,0.85,0
2.4,1.15,200
0,0.85,0
0,1.15,0|0
1.29;0.71;0.19;0.14;0.12,1.75,200
0,1.35,0
0,0.55,0
0.8;0.8;0.66;0.24;0.14,0.95,200
0,1.35,0
0.8;0.8;0.57;0.34;0.32,1.15,200|200
0,1.35,0
1.16;1.04;0.91;0.65;0.27,1.35,200
0.66;0.35,1.35,200
0,0.85,0
0.24;0.23;0.17;0.05,0.95,200
0,1.35,0
0,1.45,204
1.43;0.21;0.13,0.75,200
0,0.75,0
0,1.45,0
0,0.75,0
0.07;0.02,1.35,200
0,1.35,0
0,1.35,0
2.32;1.27;1.12;0.43;0.36,0.55,200
0,1.35,0
0,1.15,0|0
0,0.85,0
0.26;0.02,1.35,200
0.8;0.8;0.64;0.44;0.32,1.35,200
0,0.55,0
0,1.35,0
2.4;1.75;0.64;0.4;0.31,1.35,200
0,0.95,0
2.4;1.8;1.09;0.89;0.8,1.45,200
0.44;0.01,1.35,200
0,1.35,0
0.38;0.32,1.45,200
0,0.55,0
0,1.35,0
0,0.85,0
0,1.35,0
0,0.85,0
2.1;0.91;0.64;0.42;0.37,0.95,200
0,0.95,0
0,1.35,0
0.12,1.15,200|200
0,0.75,0
0.01,0.85,200
0.2;0.1,0.95,200|200
0,0.85,0
0.38;0.12;0.01,1.35,200
2.77;1.84;1.4;0.39;0.36,1.35,200
0,1.35,0
0,0.75,0
0.05,0.55,200
0,0.95,0
0,1.35,0
8;1.48;0.93;0.28;0.22,1.35,200
0,1.35,0
0.14,1.35,200
0,1.35,0
0,0.95,0
3;2.4;1.84;0.99;0.82,1.75,200
1;0.67;0.63;0.6;0.52,0.95,200
11.87;0.86;0.8;0.52;0.28,0.55,200
0,0.95,204|204
0.99;0.8;0.53;0.52;0.36,1.35,200
2.08;0.72;0.66;0.64;0.45,1.15,200
2;1.3;1;0.96;0.91,1.35,200
0,0.75,0
0,0.75,0
0,0.85,0
0,0.95,0|0
5;2.45;0.98;0.84;0.8,1.35,200
0,0.75,0
0,0.95,0
0,0.65,0
0.8;0.27;0.21;0.12,1.35,200
0,0.75,0
0.84;0.8;0.74;0.59;0.47,1.35,200
0,1.35,0
0,1.35,0
0,0.55,0
0,1.15,0|0
0,1.35,0
0,1.35,0
0.91;0.68;0.64;0.39;0.21,0.95,200
0.36;0.15,0.85,200
0,1.35,0
0,1.35,0
0,0.85,0
0,0.65,0
2.84;2.07;1.15;0.8;0.36,1.35,200
0.44;0.36,1.15,200|200
0,0.75,0
0,1.35,0
1.6;0.8;0.22;0.18;0.16,1.35,200
2.4;0.37;0.18;0.15;0.12,1.35,200
0,0.65,0
0,1.75,0
0,0.75,0
0.2;0.1,1.15,200|200
0.84;0.8;0.66;0.64;0.45,0.55,200
0,0.75,204
0,1.45,0
0,1.35,0
1.27;0.85;0.68;0.46;0.32,0.95,200
0,0.85,0
0,1.45,0
1.61;0.64;0.41;0.32;0.27,1.75,200
2.4;0.59;0.54;0.2;0.13,1.35,200
0.85;0.42;0.3;0.18;0.02,0.95,200
0,0.95,0
0,1.35,0
0,0.55,0
0,1.35,0
0,1.35,0
0,1.35,0
0,1.15,204|204
0,1.35,0
0,0.95,0|0
0,0.65,0
0.91;0.27;0.2;0.07;0.02,0.95,200
0,1.15,0|0
3;2.67;2.16;1.01;0.68,1.35,200
0,1.35,0
1;0.43;0.41;0.36;0.33,0.95,200
0,0.95,204
4.97;0.8;0.08,1.75,200
0,1.35,0
0,1.35,0
0.8;0.01,1.35,200
0,1.45,0
0.64;0.47;0.4;0.36;0.1,0.85,200
0,1.35,0
0.82;0.64;0.58;0.16;0.08,0.95,200
0,0.65,0
0,0.75,0
0,0.85,0
1.12;0.8;0.76;0.62;0.59,1.35,200
0,0.75,0
0,1.35,0
4.32;1.6;0.35;0.03,1.35,200
0,1.35,0
0,1.75,0
0,0.95,0|0
0,1.45,0
0,1.35,0
0,1.45,0
0,0.85,0
0,0.85,0
0,0.85,0
0,0.75,0
9.28;6.13;3.32;2.4;1.84,1.15,200
0,1.75,0
0.07,0.55,200
5.99;1.6,1.15,200
1.28;1;0.68;0.54;0.25,1.35,200
0.2;0.03,1.35,200
2.12;1.47;1.29;1;0.69,1.75,200
6.04;2.8;1.32;1.12;1,1.15,200
0,0.95,0
0,0.95,0|0
0.76;0.53;0.32;0.04,1.35,200
0,1.35,0
0,1.15,0|0
0,1.15,0|0
0,0.65,0
1;0.64;0.48;0.32;0.09,1.35,200
1;0.08;0.06,1.35,200
0,1.35,0
0,1.35,0
1.05;0.6;0.16;0.07,1.35,200
0.44;0.08,0.75,200
0.44;0.08,0.75,200
0,0.65,0
0.28;0.08,0.75,200
0.8;0.8;0.43;0.24,1.75,200
1.6;0.62;0.29;0.28;0.24,1.35,200
0.2;0.08,1.35,200
0,1.35,0
0,1.15,0|0
0,1.35,0
0,0.75,0
0.91;0.91;0.8;0.72;0.08,0.95,200|200
2.07;0.98;0.8;0.48;0.43,1.45,200
0,1.45,0
0,1.15,0|0
0,0.85,0
0,1.35,0
11.74;0.04,1.35,200
0,1.35,0
0.78;0.27;0.25;0.12;0.12,1.35,200
0,1.35,204
0,1.75,0
0,0.95,0|0
0,0.95,0
0,1.35,0
0,1.15,0|0
0,0.85,0
0,0.75,0
0,1.35,0
0,1.35,0
0,0.55,0
2.4;2.11;1.4;1.08;0.83,1.35,200
0,0.55,0
0,1.35,0
0,0.55,0
0,0.55,0
0,1.15,0|0
0,0.65,0
0,0.95,0
40;0.96;0.53;0.44;0.3,1.35,200
0,1.45,0
0.24;0.24;0.17;0.06,1.35,200
0,0.75,0
0.97;0.93;0.8;0.52;0.29,0.95,200
0,1.75,0
0,1.35,0
0,0.65,0
0,1.35,0
0.64;0.24;0.12,0.95,200
0,1.35,0
0.15;0.02,1.35,200
1.84;0.8;0.25;0.21;0.09,1.35,200
3.36;3.03;0.92;0.43;0.3,1.35,200
0,0.95,0
2.88;0.68;0.48;0.2;0.2,1.35,200
2.4;0.88;0.4;0.21;0.13,0.95,200
0,0.95,204
0,0.55,0
2.38;1;0.78;0.34;0.2,1.35,200
0,1.35,0
2.47;1;0.69;0.68;0.5,1.35,200
0.07,1.35,200
0,1.75,0
0,0.65,0
0,1.35,0
0.76;0.52;0.19;0.12;0.09,1.35,200
0,1.35,0
10.09;6.28;3.2;2.48;2.4,1.35,200
0,0.55,0
0,1.35,0
0.68,1.35,200
0,1.35,0
0,1.35,0
0,1.15,0|0
0,0.85,0
0,1.45,0
0.2,0.55,200
0.64;0.4;0.12,1.35,200
0,0.65,0
0.68;0.44;0.2,1.35,200
0,1.45,0
0,0.65,0
0.84;0.07;0.04,0.65,200
18.52;0.8;0.6;0.55;0.31,1.35,200
1.12;0.88;0.68;0.4;0.24,1.35,200
0,0.55,0
0,0.75,0
1.46;0.93;0.86;0.18;0.13,1.35,200
0,1.35,0
0.24;0.2;0.08,1.35,200
0.16,1.15,200|200
0,0.75,0
0.33,1.35,200
0.69;0.54;0.44;0.09;0.05,1.35,200
1.91;0.38,1.15,200
6.62;3.2;1.44;0.97;0.35,0.55,200
3.22;3.2;1.93;1.49;0.82,1.35,200
0,1.35,0
0,0.75,0
0.83;0.51;0.46;0.24;0.16,1.75,200
0.76;0.66;0.58;0.56;0.48,0.95,200|200
0,0.55,0
0,0.95,204|204
2.07;1.14;0.52;0.36;0.34,1.35,200
0.1;0.05,0.95,200
0,0.55,0
0.38,1.75,200
0.38;0.12,1.35,200
0.07;0.02,1.75,200
0,1.35,0
0,1.35,0
0,0.95,0
0,1.35,0
0,1.35,0
0,0.55,0
0,1.45,0
0,0.75,0
1.6;0.72;0.68;0.49;0.32,1.45,200
0,0.75,0
0,1.45,0
0,1.35,0
0,0.65,0
0,0.65,0
1.08;1.04;0.59;0.16;0.12,0.95,200|200
0.18,0.75,200
0,0.65,0
0,0.65,0
0.79;0.76;0.52;0.48;0.46,1.35,200
0,1.35,0
0,0.65,0
0,1.75,0
0,1.45,0
0.93;0.84;0.79;0.74;0.56,1.35,200
0,1.35,0
1.5;0.8;0.69;0.35;0.12,0.55,200
0,0.95,0
0,0.75,0
0,0.85,0
0,1.35,0
0.64;0.08,0.65,200
0.24;0.07,0.95,200
0,0.85,0
3.64;2.4;1.8;1.56;0.8,1.75,200
0,1.35,204
0.96;0.55;0.29;0.08,1.35,200
2.38;2;1.38;0.74;0.69,1.35,200
0.97;0.07,0.55,200
0.8;0.27;0.27;0.25;0.2,1.75,200
0,1.45,0
0,0.65,0
0.97;0.05,1.15,200|200
0.12;0.11,1.35,200
0.04,1.35,200
0,0.95,0
0,0.55,0
0,1.35,0
0.03,1.35,200
0.08,1.75,200
0,1.75,0
0,0.75,0
2.24;1.15;1;0.72;0.58,1.35,200
0,0.85,0
0,0.85,0
0,1.75,0
0.75;0.54;0.16;0.06,1.35,200
0,1.35,0
0.8;0.72,1.15,200|200
0,1.75,0
0,1.35,0
0,1.35,0
0.64;0.43;0.16;0.07;0.05,1.35,200
0,1.35,0
0.75;0.45;0.42;0.4;0.4,1.35,200
0,1.35,0
2.07;1;0.43;0.12;0.09,0.95,200
0,0.75,0
2;1.8;1.12;1;0.8,0.95,200
0,1.35,0
0,1.35,0
0,1.35,0
0,0.65,0
0.85;0.32,1.35,200
1;0.81;0.8;0.17;0.02,1.35,200
0,0.95,0|0
0,1.75,0
1.84;1.46;1.12;0.9;0.47,1.35,200
0,1.35,0
0.04,1.35,200
0,1.35,0
0,0.55,204
0,0.95,200|204
0,0.55,0
0,1.35,0
0,0.55,0
0,0.75,0
2;0.41;0.36;0.13,0.95,200|200
0.07,0.75,200
0,1.35,0
0,1.35,0
0,0.95,0|0
0.2;0.01,0.85,200
0,1.35,0
2.2;1.6;1.09;0.44;0.32,1.35,200
1.91;1.69;1.6;0.61;0.03,1.75,200
0,1.45,0
1.35;1.33;0.8;0.05,1.35,200
0,1.35,0
0,1.35,0
3.03;2.12;0.55;0.35;0.21,1.35,200
0,0.85,204
0,1.35,0
0,0.95,0|0
0,1.35,0
1.2;1.07;1;0.34;0.24,1.35,200
0,1.35,0
0,0.85,0
2.4;0.2,1.35,200
2.84;2.06;2;1.43;1.16,1.35,200
1.32,1.35,200
2.32;1.27;0.8;0.48;0.45,0.55,200
0,0.65,0
2.2;0.81;0.5;0.41;0.4,1.35,200
0,0.75,0
0.38;0.21;0.09;0.08;0.02,1.35,200
0,1.45,0
0,1.35,0
1.6;0.68;0.23;0.2;0.18,1.35,200
0,1.45,0
0,0.65,0
3.4;0.76;0.1,1.45,200
0.61;0.02,0.95,200
0,0.55,0
4.1;4;0.81;0.22;0.06,0.55,200
1.8;1;0.8;0.32;0.16,1.35,200
0,1.35,0
1.32;0.43;0.32;0.18;0.1,1.35,200
0,1.35,0
0.84;0.38;0.08,0.95,200|200
0.12,0.65,200
0.2,1.35,200
1.62;0.69;0.43;0.38;0.32,1.15,200
0,0.55,204
1.32;1.11;0.32;0.18;0.12,1.35,200
0.49,1.35,200
0,0.55,0
0,0.95,0
0,0.95,204|204
0,0.55,0
0.4;0.1;0.08,0.65,200
0,0.65,0
0,1.35,0
1.39;0.66;0.58;0.44;0.37,1.35,200
2.87;2.66;1.09;0.8;0.79,1.15,200
0,1.35,0
0,0.95,0
0,0.65,0
0,0.95,0
0.14;0.02;0.02,1.35,200
0,1.15,0|0
0,1.35,0
0,0.55,0
0,0.55,0
0.4;0.05;0.01,0.55,200
0.6;0.51;0.24;0.1;0.06,0.65,200
0.32;0.32;0.23;0.16,1.35,200
0,0.85,0
2.4;0.12,1.35,200
0,1.35,0
0,0.75,0
0.2;0.1,1.35,200
0,0.65,0
0.45;0.11;0.04,0.75,200
0,0.65,0
1.2;0.48;0.44;0.32;0.31,0.95,200
0,0.55,0
4.53;1.32;1;0.35;0.31,1.35,200
0,1.15,0|0
0,1.75,0
0,1.15,200|204
1.4;0.36;0.3;0.2;0.14,1.35,200
0,0.75,0
0.74;0.36;0.23;0.08,0.65,200
0,0.85,0
4.46;2.17;2;1.83;1.2,1.35,200
0,1.35,0
4.18;1.72;1.4;0.91;0.6,1.35,200
8.4;2.84;2.2;1.8;1.63,1.15,200
1.6;0.83;0.8;0.56;0.51,1.15,200
0,0.85,0
0,1.75,0
0.64;0.03,0.75,200
18.92;7.2;1.04;0.8;0.74,0.95,200
0,1.35,0
0.74;0.53;0.28;0.27;0.09,1.35,200
0.43;0.02,0.95,200
0.64;0.48;0.17;0.02,0.85,200
0.48;0.2;0.03,1.35,200
0,0.85,0
0,1.35,0
1.19;0.86;0.64;0.43;0.18,1.45,200
0,0.65,0
0,0.75,0
0,0.65,0
0.92;0.29;0.02;0.01,0.75,200
0.01,0.85,200
0,1.35,0
1.6;1.04;0.07,1.35,200
0,0.95,0|0
0,1.45,204
0,1.15,0|0
2.44;1.6;1.36;1.02;0.68,1.35,200
0,0.95,0
0,1.35,0
0.64;0.35;0.28;0.25;0.24,0.85,200
0.23,0.95,200
0,1.35,0
0,1.35,0
0,0.95,0|0
0,0.95,0|0
0,1.35,0
0,0.95,0
1.29;1;0.76;0.36;0.36,1.35,200
0.74;0.17;0.12;0.07;0.06,1.35,200
0,0.95,0
0,0.65,0
0,1.15,0|0
0.43;0.24;0.22;0.2;0.11,1.35,200
0,1.35,0
4.69;1.84;1.17;1.04;1,1.35,200
0,1.35,204
0,0.75,0
0,1.35,0
0.2,1.35,200
2.4;0.96;0.74;0.41;0.32,0.55,200
0,0.95,0|0
0,1.35,0
0,1.75,0
0,1.35,0
0,0.75,0
0,0.75,204
0,0.85,0
0,1.75,0
0,0.95,0|0
0,0.95,0
0,0.65,0
0.14;0.08;0.07,0.65,200
0,1.45,0
0,1.75,0
0.69;0.13;0.08;0.03;0.01,0.95,200
0.01,0.75,200
0,0.95,0|0
0.2,1.35,200
0,1.35,0
0.42;0.19;0.08,0.85,200
0.99;0.68;0.68;0.42;0.33,0.95,200
2.07;1;0.61;0.38;0.27,1.35,200
5.77;1.2;0.8;0.62;0.27,0.55,200
0,0.85,0
0,1.75,0
0.07;0.02;0.02,0.55,200
0,0.85,0
1.27;0.6;0.48;0.41;0.12,1.75,200
0,1.75,0
0,0.95,0|0
0,0.75,0
0,1.35,0
0,1.45,0
5.05;0.8;0.68;0.53;0.4,1.35,200
0,0.65,0
0,0.75,204
0,0.75,0
0.53;0.32,1.35,200
0,0.85,0
1.12;0.93;0.91;0.8;0.38,1.35,200
0,1.75,0
0,0.65,0
1.12;1;0.32;0.2;0.09,0.95,200
0,0.65,0
3.24;0.85;0.78;0.4;0.4,1.45,200
1.2;0.49;0.38;0.36;0.26,1.35,200
0,1.35,204
0,1.35,0
0,0.95,0|0
0,1.35,0
0.38;0.31;0.04;0.04,1.35,200
0,1.35,0
0.38,1.35,200
1.86;0.68;0.64;0.14;0.08,0.95,200
0,1.75,0
0,1.75,0
0,1.35,0
0,0.85,0
0,1.35,204
0.27,0.95,200
0,1.35,0
0,1.35,0
0,1.35,0
0,0.65,0
5.97;0.48;0.28;0.19;0.1,1.35,200
0,0.95,0
0,1.35,0
0,0.75,0
0,1.35,0
0,1.35,0
0,1.75,0
0.8;0.32;0.23;0.2;0.11,0.95,200|200
0,1.35,0
1.2;1.12;0.93;0.8;0.28,1.35,200
0,1.35,0
0,1.35,0
0.2;0.14,0.95,200
0,0.55,0
3.5;2.4;2.12;1.38;1.16,1.35,200
1.42;0.54,1.15,200
0,0.85,0
2.4;0.49;0.45;0.4;0.15,0.95,200
0,0.95,0
0.8;0.11;0.08;0.02,1.15,200|200
0,1.35,0
0,0.75,0
0,1.35,0
3.68;0.35;0.27;0.24;0.24,1.35,200
0,0.95,0
0,1.35,0
0,1.35,0
0,0.65,0
0.06,1.75,200
1.14;0.8;0.23;0.21;0.2,1.35,200
0,1.35,0
0,0.65,0
0,0.75,0
1;0.8;0.67;0.28;0.14,1.35,200
0,0.65,0
0,0.95,0
0,1.35,0
0,1.35,0
0,1.45,0
0,1.35,0
0,0.55,0
0,0.55,0
0,0.85,0
0,0.85,0
0,0.55,0
0,1.35,0
0,1.35,0
0,0.85,0
0,1.15,0|0
0,1.35,0
0,1.35,0
0,1.45,0
0,0.75,0
0.02,0.95,200|200
0,1.35,0
0,1.35,0
3.15;2.72;2.6;1.4;1.12,1.35,200
0.45;0.44;0.27;0.26,0.75,200
0,0.75,0
0.04,1.35,200
0,1.35,0
0,0.75,0
0,1.35,0
0,1.45,0
0.75;0.34;0.08,1.15,200|200
0.32;0.13;0.09;0.08;0.07,1.35,200
0,0.65,0
1.16;1.04;0.83;0.28;0.12,0.55,200
0,1.35,0
0,0.95,0|0
0,1.35,0
0,1.35,0
0,1.35,0
0,1.35,0
0,0.85,0
0,1.35,0
0,0.95,0|0
0,1.35,0
0,1.75,0
0.67;0.55,0.65,200
0,1.35,0
0.8;0.65;0.55;0.41;0.4,1.45,200
0,1.35,0
0.8;0.3;0.2;0.08;0.03,1.35,200
0,0.85,0
0,1.35,0
0,0.95,0
0,1.35,0
0.8;0.08,1.35,200
0,1.35,0
0,0.95,0|0
0,0.65,0
0,1.75,0
0,1.35,0
3.03;1.27;1;0.93;0.54,1.35,200
0.84;0.47;0.43;0.4;0.27,0.95,200|200
0,0.65,0
2.4;2.12;0.93;0.49;0.32,0.55,200
0.38;0.08,0.95,200
1.6;0.8;0.21;0.16,1.35,200
0,0.95,0|0
2.2;1.6;1.44;0.56;0.49,1.35,200
0,1.35,0
0,1.35,0
0,1.35,0
0,1.35,0
0,1.35,0
1.2;0.8;0.79;0.52;0.41,1.35,200
0.03,0.65,200
0,1.35,0
2.87;2;0.8;0.6;0.24,1.45,200
1.37;0.64;0.44;0.14;0.08,1.15,200|200
0.64;0.17;0.12;0.11;0.03,0.55,200
0,1.35,0
0,1.35,0
0.3;0.07,1.35,200
0,0.95,0
0.52;0.13;0.11,1.15,200|200
1.12;1.04;0.69;0.32;0.32,1.35,200
0,0.95,0|0
0,1.15,0|0
0,1.15,0|0
0,0.55,0
0.2,0.65,200
0,0.85,0
0,1.35,0
4.6;1.29;0.69;0.49;0.38,1.35,200
0,0.65,0
0,1.35,0
0,0.55,0
0.12,1.35,200
0,1.15,0|0
1.27;1.12;0.93;0.82;0.68,1.35,200
0,1.35,0
0,1.35,0
2.61;2.4;1.94;1.64;1.29,1.35,200
0,0.75,0
0,0.65,0
1.22;0.07,0.65,200
0,1.35,0
2.8;1;0.98;0.8;0.58,0.95,200
0,0.65,0
0,1.35,0
0.2;0.01,1.35,200
0,0.75,0
0,1.35,0
0,1.35,0
0,0.65,0
2.3;0.46;0.33;0.3;0.25,1.35,200
0.36,0.85,200
0,1.35,0
0,1.35,0
0.03,0.85,200
0.87;0.6;0.32;0.15,0.95,200
2.4;1.34;0.32;0.27;0.2,1.35,200
0,1.35,0
0,0.95,0|0
0,0.75,0
0.72;0.72;0.68;0.3;0.17,1.35,200
5.4;0.48;0.2;0.18;0.13,1.35,200
0,0.95,0|0
0,0.65,0
0.61;0.52;0.13;0.02;0.01,0.55,200
0,0.65,0
0,0.95,0|0
0,1.45,0
0,0.95,0
0,0.85,0
0.02;0.01,0.65,200
1.8;0.16;0.04,0.95,200
0,1.35,0
3.32;1.04;0.6;0.33;0.09,1.35,200
0,0.65,0
0,0.65,0
0,1.35,0
0,1.15,0|0
0,1.35,0
0.99;0.8;0.79;0.68;0.44,1.35,200
43.05;2.67;1.66;0.88;0.8,1.35,200
1.26;1.12;0.85;0.8;0.27,1.45,200
0,1.75,0
3.04;2.07;1.65;1.12;0.8,1.35,200
0,0.95,0|0
2.66;0.8;0.74;0.32;0.09,1.35,200
0.8;0.55;0.51;0.32,1.35,200
0,1.35,0
6;2.53;1.12;0.64;0.6,0.95,200
0,0.85,0
0.84;0.8;0.12,0.95,200
1.6;0.2;0.12;0.02,1.35,200
0,0.55,0
0,0.85,0
0.7;0.2;0.17;0.12,0.85,200
0.8;0.8;0.54;0.24;0.03,0.95,200
0,1.35,0
0,0.95,0
1.84;0.9;0.8;0.28;0.24,1.35,200
0,1.35,0
0.42;0.04,1.35,200
0,1.75,0
8.84;1.36;0.92;0.82;0.57,1.35,200
0.8,1.35,200
0,0.85,0
0,0.75,0
0,0.75,0
0.27;0.11,1.45,200
0,1.35,0
0,0.75,0
0,1.35,0
0,1.75,0
0,1.75,0
0,0.55,0
0,1.35,0
0,0.65,0
0,0.65,0
0,0.65,0
0,1.35,0
0,0.65,0
1.52;0.13;0.1,1.35,200
0,0.75,0
0.1;0.01,1.35,200
1;0.64;0.28;0.27;0.2,1.35,200
1.65;1.26;1.14;0.75;0.58,1.45,200
0.22,0.95,200
0.84;0.04,1.75,200
0,0.85,0
0.88,1.45,200
0,1.75,0
0,0.75,0
2.07;0.8;0.64;0.59;0.44,1.45,200
2.4;1.29;1.04;0.44;0.33,1.35,200
0,1.35,0
3.37;3.05;1.67;0.83;0.8,0.95,200
0,0.95,0
0,1.45,204
0,0.95,0
0,0.75,0
0,0.75,0
3.03;1.21;1.2;0.68;0.58,1.35,200
0,1.35,0
0,0.95,0
0,0.65,0
0.25;0.24;0.2;0.09;0.07,1.35,200
0,0.65,0
0,1.35,0
0,1.35,0
0,0.75,0
0.3;0.18;0.06;0.02;0.01,0.55,200
0,1.15,0|0
0,1.35,0
0,0.75,204
1;0.79;0.72;0.4;0.23,0.55,200
0.65;0.36;0.32;0.28,0.55,200
0,1.35,0
2.4;1.46;1;0.8;0.69,1.35,200
1.32;1;0.82;0.43;0.32,1.35,200
1.64;1.04;1;0.79;0.26,1.35,200
0,1.35,0
3.6;1.08;0.72;0.54;0.2,1.35,200
0,1.35,0
0,0.95,204
0,1.35,0
0,0.75,0
1.05;0.8;0.8;0.8;0.54,1.35,200
0,1.35,0
0,0.85,0
0,0.95,0|0
0,1.35,0
0,1.35,0
0,0.65,0
0,1.75,0
0,0.95,0|0
0.07;0.02,1.35,200
1.86;0.8;0.36;0.27;0.16,1.35,200
3.14;0.77;0.24;0.2;0.2,1.35,200
0,0.65,0
0,0.85,0
0,1.35,0
3.64;0.78;0.61;0.36;0.32,1.35,200
0,1.45,0
0,1.45,0
0,1.35,0
0,1.35,0
0,1.35,0
0,1.35,0
0,1.35,204
0,0.65,0
0.35,1.45,200
0,1.35,0
2.47;0.74;0.6;0.41;0.1,1.35,200
2.29,1.15,200
0,0.95,0|0
0.8;0.52;0.5;0.4;0.24,1.35,200
0,0.65,0
0,1.35,0
0,1.35,0
0,0.85,0
0,0.65,0
0,1.45,204
0,1.35,0
0.12;0.02,0.95,200
0,0.75,0
0,1.15,0|0
0,1.35,0
0,1.75,0
0.8;0.76;0.44;0.32;0.13,0.55,200
0.8;0.64;0.49;0.44;0.43,0.55,200
0,0.75,204
1;0.32;0.32;0.21;0.09,1.35,200
0,0.75,0
0,1.15,0|0
0.91;0.36;0.27;0.08;0.01,1.15,200|200
0,0.85,0
0,0.85,0
0,1.15,0|0
0,1.15,0|0
1.24;0.68;0.19;0.14;0.09,1.15,200
0,0.75,0
0,1.15,0|0
0,0.75,0
0,1.35,0
0.16;0.02,0.55,200
0.02,1.35,200
1.6;1.34;1.04;0.84;0.52,0.95,200
0.8;0.78;0.36;0.36;0.24,0.55,200
8;1.6;0.64;0.61;0.6,1.35,200
0,1.35,0
0,0.95,0
1.77;1.59;1.4;0.35;0.32,1.35,200
0.3,1.35,200
0,1.35,0
0,0.65,0
0,1.35,0
0,1.35,0
0,1.35,0
0,1.35,0
0,0.85,0
0,0.95,0
0,1.35,0
0,0.65,0
0,0.85,0
0,1.35,0
0.01,1.35,200
0,1.35,0
0,0.65,0
0,0.95,0
0,0.85,0
0,1.35,0
0,0.95,0
2.8;2.4;1;0.24;0.16,1.45,200
0,0.85,0
0.28;0.24,0.75,200
0,0.55,0
1;0.64;0.32;0.31;0.26,1.35,200
0,1.35,0
0,1.35,0
0,1.35,0
5.99;0.04,1.35,200
1.28;0.54;0.41;0.26;0.08,1.75,200
0,1.35,0
0.36;0.16;0.12,1.45,200
0,1.35,0
1.84;1.36;0.72;0.68;0.45,1.35,200
2.4;1.04;0.68;0.6;0.38,1.35,200
0,1.35,0
0,1.35,0
1.29;1.29;1;0.6;0.41,1.35,200
0,1.45,0
1.27;0.92;0.88;0.84;0.51,1.35,200
0,0.65,204
0,1.35,204
0.93;0.24;0.2;0.12;0.02,1.35,200
0,0.55,0
0,0.65,0
0,1.35,0
2.75;1;0.4;0.36;0.32,0.55,200
0.45;0.22;0.12;0.11;0.09,0.95,200
0,1.15,0|0
0.8;0.8;0.65;0.6;0.34,1.35,200
0,1.75,0
0,0.95,0
0,0.95,204|204
0,1.15,0|0
0.8,0.95,200|200
0.8;0.23;0.02,1.35,200
0,0.65,0
0,0.95,0
1.43;1.04;0.62;0.52;0.22,1.35,200
1.16;0.84;0.22;0.21;0.03,1.75,200
0,0.95,0
0,1.35,0
0,1.75,0
0,0.85,0
0,0.95,0
0,0.85,0
0.72;0.38,0.95,200
0,0.65,0
0,1.35,0
2.4;2.3;0.82;0.8;0.57,1.35,200
0,0.55,0
0,0.95,0
0,1.75,0
1.78;1.6;1;0.87;0.66,1.75,200
2.62;2.4;1.05;1.04;0.93,1.35,200
0.16,1.35,200
0.8;0.23;0.02,1.35,200
0,1.35,0
0,1.35,0
0.82;0.72;0.41;0.34;0.24,1.15,200|200
0.08;0.02,1.35,200
36;0.8;0.8;0.58;0.49,1.35,200
4.05;1.61;1.56;1.56;1.2,1.45,200
0,0.95,0
0.04,1.35,200
2.58;1.21;1.2;1.2;0.96,1.35,200
0,1.35,0
0,0.55,0
0.32;0.02,0.95,200
0.8;0.43;0.42,1.35,200
0,1.35,0
0,0.95,0
0.54;0.4;0.36;0.32,1.35,200
3.32;0.52;0.49;0.2;0.16,1.35,200
0,0.65,0
1.96;0.84;0.04,0.95,200
0.02,1.35,200
0,0.75,0
0,0.85,0
0,0.95,0
1.29;0.52;0.24;0.08,1.35,200
0,0.75,0
0,1.45,0
0,0.95,0
0,0.55,0
2.4,0.95,200
0,1.45,0
0,0.95,0
5.33;2.47;2.4;0.89;0.69,1.35,200
0.8;0.32;0.24;0.2;0.07,1.75,200
0,0.65,0
0,0.95,0
0.44;0.06;0.04,0.85,200
2.4;2;1.03;0.8;0.7,0.95,200
0.43;0.32;0.32;0.27,1.35,200
6.4;2.16;1.77;1.24;0.88,1.15,200
3.44;2.4;1.36;1.29;1.08,0.95,200
0,0.65,0
0.64;0.07,0.55,200
0.04;0.02,0.75,200
0.09;0.02,0.65,200
0,1.35,0
0,1.35,0
0,1.35,0
0.78;0.72;0.2;0.08,1.35,200
1.2;0.64;0.55;0.26;0.18,1.35,200
0.45;0.04,0.95,200
0,0.85,0
0,0.85,0
1.11;0.8;0.54;0.39;0.09,1.35,200
0,1.15,204|204
0.11,1.35,200
0,1.75,204
0,1.35,0
3.93;2.01;1.6;1.08;0.6,1.45,200
1.27;1.24;0.8;0.65;0.6,0.95,200
0,0.85,0
0,0.95,0|0
0.02,0.95,200
0,0.75,0
0,0.95,0|0
0.32;0.26;0.14;0.1;0.08,1.35,200
0,1.35,0
0,1.35,0
0,0.75,204
0,0.65,0
2;0.8;0.56;0.2;0.07,1.35,200
0.64;0.24;0.2,0.95,200
0.12,0.95,200
0,1.75,0
0,1.75,0
0,0.95,0
0,1.35,0
0,1.45,0
0,0.95,0|0
0.8;0.08;0.07,1.35,200
1.08;0.57;0.44;0.41;0.32,0.95,200|200
3.66;0.24,0.65,200
0,0.55,0
2.47;2.31;1.25;1.01;0.8,1.35,200
0.69;0.61;0.32;0.27;0.13,1.35,200
0,1.35,0
0,0.65,0
0,0.85,0
0,1.75,0
0.04;0.01,0.95,200|200
3.6;2;1.6;1.55;1.08,1.35,200
0,1.45,0
1.84;1.17;0.8;0.34;0.2,1.35,200
0,0.55,0
3.64;2.87;1.84;0.57;0.4,1.35,200
0,1.15,0|0
0,1.35,0
0,1.35,0
0,0.55,0
0,1.35,0
0,0.85,0
0,0.65,0
0,0.55,204
0,1.35,0
0,1.35,0
0,0.65,0
2.47;2.44;1;0.8;0.68,1.15,200
0,0.85,0
0,1.35,0
0,0.85,0
0,1.45,0
0,1.75,0
0.8;0.5;0.36;0.27;0.27,1.35,200
0,1.35,0
0,1.75,0
1.03;0.51;0.32;0.25;0.12,1.35,200
0,0.75,0
0,0.85,0
0,0.75,0
0,0.75,0
3.6;0.2;0.12;0.07,1.35,200
0.07,1.45,200
0,1.75,0
0,0.75,0
0,1.75,204
0,1.75,0
0,0.85,0
2.26;2.01;0.8;0.6;0.45,1.35,200
2.8;0.36;0.07;0.04,1.35,200
0,0.95,0
0,0.65,0
0.24;0.2;0.02,1.35,200
0.78;0.5;0.36;0.33;0.17,0.95,200
0,1.15,0|0
0,0.85,0
0,1.45,0
0,0.75,0
2.24;0.06,1.35,200
0,1.35,0
0.91;0.02,1.35,200
0,0.95,0
0.35;0.05,0.85,200
0,0.65,0
0.8;0.63;0.43;0.4;0.35,1.45,200
0,0.95,0|0
0.36;0.02,0.75,200
0,0.85,0
0,1.35,0
0,0.65,0
0,0.85,0
1;0.44;0.22;0.18;0.12,1.35,200
0.57;0.38;0.02,1.35,200
0.02,1.35,200
0,1.35,0
1.4;1.24;1.13;1;0.78,0.95,200
0.8;0.54;0.53;0.51;0.2,1.35,200
5.07;1.04;0.89;0.28;0.27,1.75,200
0,1.35,204
2.8;0.77;0.38;0.32;0.32,1.35,200
0,0.95,0
0,1.35,0
0,0.65,0
1;0.8;0.79;0.28;0.22,1.45,200
0,0.95,0|0
0.38;0.12;0.06,1.35,200
0,1.35,0
0,1.45,0
0.04,1.35,200
0,0.85,0
0,1.35,0
2.23;0.32;0.2;0.1;0.08,0.95,200
0,1.75,0
0,1.35,0
0,0.65,0
0,0.85,0
0,1.35,0
0,1.75,204
0,1.35,0
0,1.75,0
2.61;0.8;0.8;0.6;0.12,1.35,200
0,0.65,0
0,0.95,0
0,0.65,0
0,0.55,0
0,1.35,0
0,0.65,0
0.36;0.14,1.35,200
4;0.37,1.35,200
0.71;0.15,1.35,200
1.2;1.15;0.86;0.8;0.8,0.55,200
0,0.85,0
0,0.95,0|0
0,0.75,0
0,1.15,204|204
0,1.35,0
1.32;1.3;1.29;0.58;0.43,1.35,200
0.8;0.6;0.14;0.08,1.35,200
16;8;2.44;0.72;0.62,1.35,200
0.14,0.65,200
0,0.55,0
0,0.65,0
0,1.35,0
0.09,1.35,200
0,0.95,0|0
0,1.35,0
0.05;0.01,0.75,200
6.57;2.4;1.49;0.72;0.65,1.75,200
0,1.35,0
0,0.75,0
0.8,1.35,200
0.83;0.08;0.01,1.35,200
0,1.35,0
0,0.85,0
0,1.45,0
1.21;1;0.4;0.18;0.1,1.35,200
0,0.95,0
0,0.95,0|0
0,1.35,0
0,1.35,0
0.6;0.5;0.26;0.14;0.13,0.55,200
0,1.75,0
1.87;1.6;1.2;0.8;0.54,1.15,200
0,0.95,0|0
0.49;0.13;0.02,0.55,200
0,0.95,0
0.68;0.59;0.36;0.32;0.21,1.35,200
0.33,0.75,200
0.6;0.54;0.43;0.38;0.21,0.65,200
0,0.85,0
0,1.35,0
0,0.75,0
0,1.35,0
0,0.85,0
0,1.35,0
0.74;0.6;0.26;0.12,1.35,200
0,0.95,0
0.73;0.57,1.35,200
0,0.95,204
0,1.35,0
0,1.15,0|0
2.4;0.83;0.62;0.54;0.43,1.45,200
0,1.35,0
0,1.45,0
0,0.95,0|0
0,1.45,0
0,0.85,0
0,1.75,0
0,0.55,0
0,1.15,0|0
0,0.65,0
0.79;0.24;0.2,1.35,200
0,1.75,0
2.4;0.96;0.89;0.84;0.76,1.75,200
0,0.75,0
0,0.95,0
0,1.75,0
0,1.15,0|0
0.07;0.02,1.15,200|200
0.07,1.35,200
0.43;0.04;0.04,0.85,200
0,0.85,0
0,1.35,0
0,0.85,0
0,1.75,204
0.2,0.65,200
1;0.72;0.7;0.33;0.13,1.35,200
0,1.35,0
0.08,0.75,200
1.22;1;0.8;0.8;0.48,1.75,200
0,1.45,0
0,1.35,0
1.2;1;0.45;0.22;0.07,1.75,200
1.84;0.8;0.32;0.29;0.28,1.75,200
0.38;0.17,1.75,200
1.76;1.47;1.12;1.02;0.78,1.15,200
0,1.35,0
0,1.15,0|0
1.6;1.22;1;0.86;0.3,1.35,200
0.12,1.35,200
0,0.85,0
0,0.95,0
0.68;0.54;0.42;0.34;0.33,1.75,200
0,0.95,0|0
0,0.75,0
0,1.35,0
9.19;2.4;1.2;1.17;0.71,1.75,200
0,0.55,0
0,1.35,0
1.09;0.75;0.34;0.2;0.08,1.15,200|200
0.81;0.8;0.36;0.29;0.09,1.75,200
0,0.55,0
0,0.65,0
0,1.35,204
0,1.35,0
5.43;1.8;0.8;0.73;0.72,1.45,200
1.91;1.2;0.96;0.54;0.51,1.35,200
0,1.35,0
2.4;0.59;0.28;0.27;0.21,1.35,200
2;1.92;1.22;0.86;0.37,1.35,200
0,1.35,0
1.2;0.43;0.27;0.07;0.02,1.35,200
0,1.45,0
0,0.75,0
0,1.35,0
1.73;0.64;0.6;0.57;0.32,1.15,200
2.4;1.83;1.28;1.05;0.96,1.15,200
0,0.75,0
0,1.35,0
2.4;0.83;0.79;0.52;0.34,0.95,200
0,0.55,0
0.4;0.32;0.29;0.27,1.35,200
0.13,0.55,200
2.88;1.5;0.76;0.69;0.59,1.75,200
0.04,1.45,200
0.29;0.12;0.09,1.35,200
5.99;0.33;0.05,1.35,200
0,1.35,0
0,1.35,0
0,0.55,0
0,1.15,0|0
0,0.75,0
0,1.35,0
0,1.35,0
0.91;0.24,1.35,200
0,0.55,0
0,1.75,0
0.53;0.05,0.85,200
0.75;0.12,1.35,200
0,0.85,0
1.2;1.11;0.8;0.4;0.34,1.35,200
0.36;0.16;0.08;0.03,1.35,200
0,0.55,0
0,1.45,0
0,1.35,0
0.72;0.04;0.04,0.95,200
15.84;2.28;1.52;1;0.48,1.35,200
0,0.95,0
0.17,1.35,200
0.2;0.13,0.95,200
0,0.65,0
1.2;0.64;0.33;0.28,1.15,200|200
0,1.35,0
0,1.35,0
0,1.75,0
0,1.35,0
0,0.85,0
0,0.85,0
0.52;0.2;0.14,0.95,200
0,0.95,0
1.27;1;0.13;0.1,1.45,200
0.8;0.6;0.12;0.1;0.09,1.35,200
0.08,1.75,200
0,1.35,0
0,1.35,0
0.8,1.35,200
0.86;0.56;0.4;0.12,0.65,200
0,0.95,0
0.32;0.18;0.01,0.75,200
1.66;1.55;1.23;0.83;0.76,1.45,200
0,1.35,0
3.64;2.6;1.37;1.32;1,1.75,200
2;1.49;0.96;0.8;0.48,1.35,200
1;0.3,1.35,200
0,0.75,0
0,1.35,0
0.64;0.44,1.45,200
2.24;1.67;1.6;1.5;0.39,1.15,200
0.07,1.35,200
0,1.75,0
0,1.35,204
0,0.65,0
0.2,1.75,200
0,0.65,0
0,0.95,0
0,0.55,0
0.72;0.38,1.35,200
0.41;0.36;0.21;0.05,0.65,200
0.43;0.4;0.34;0.06,0.65,200
0,0.85,0
0,1.45,0
0.53;0.36;0.19,0.55,200
0,0.55,0
0.81;0.8;0.72;0.32;0.27,1.35,200
0.72;0.64;0.6;0.4;0.35,1.35,200
2.01;0.8;0.8;0.45;0.35,1.45,200
1.2;0.8;0.76;0.4;0.37,1.15,200
0.14,0.65,200
0,0.75,0
0,1.35,0
0,1.35,0
0.6;0.2;0.13,1.35,200
1.2;0.24;0.04;0.01,0.65,200
1.84;1.36;1.04;0.85;0.35,1.35,200
0.31;0.13;0.1;0.09,1.35,200
0,0.55,204
0,0.95,0|0
0.06,1.45,200
0,0.95,0
0.78;0.57;0.21;0.16;0.05,1.45,200
0,1.15,0|0
0,1.35,0
0,0.85,0
0.02,1.15,200|200
0,0.75,0
0,0.55,0
0,0.75,0
4.8;0.88;0.8;0.79;0.58,1.35,200
0.28;0.03,0.85,200
38.52;2.4;2.2;0.92;0.75,1.35,200
0,1.35,0
0,1.45,0
0,1.35,0
0.28;0.04,0.85,200
0,1.15,0|0
0,0.65,0
2;1.12;1.04;0.93;0.86,1.15,200
0.84;0.12,1.45,200
0,1.45,0
0,0.85,0
0,0.55,0
0,1.35,0
0,1.35,0
0,1.35,0
1.26;1.1;0.91;0.74;0.32,1.35,200
0,0.85,0
0,0.85,0
0,0.65,0
0,1.35,0
0,1.35,0
0.64;0.49;0.4,1.35,200
0,0.75,0
0,1.35,204
0.03,1.35,200
0,1.15,204|204
0,1.45,0
0,0.75,0
0,1.15,0|0
0,0.65,0
0,0.75,0
0,0.65,0
0,0.95,0
0,0.65,0
2.07;1.44;1.12;0.59;0.04,1.15,200
0,0.85,0
0,1.35,0
2.23;0.36;0.2;0.05,0.75,200
0.11,1.35,200
0,1.35,0
1.09;0.8;0.71;0.33;0.08,1.35,200
0,1.35,0
0,0.85,0
0,0.55,0
0.96;0.2;0.15;0.12;0.08,1.75,200
1.27;0.38,1.35,200
0,1.35,0
0,1.15,0|0
2.4;1.01;0.84;0.35;0.3,1.35,200
0,0.95,0|0
1.8;1.76;1.76;0.66;0.17,0.55,200
0,1.35,0
0.8,0.55,200
0,0.75,0
0,1.75,0
0,0.65,0
0.47;0.07;0.02,1.35,200
0,0.85,0
0,0.65,0
0,0.75,0
0,1.75,0
0,1.35,204
0.1;0.02,1.35,200
1.2;0.06,1.15,200|200
0,1.35,0
0,0.95,0|0
0.8;0.5;0.12;0.09;0.05,1.35,200
0,0.75,204
0.63;0.34;0.08;0.06,1.75,200
4.01;2.4;1.1;0.74;0.6,1.35,200
0,1.35,0
0,1.75,0
0,1.35,0
0.53;0.51;0.32;0.08;0.05,1.35,200
0,1.15,0|0
0.32;0.22;0.12;0.05,0.65,200
0,1.35,0
0,0.75,0
0.68;0.55;0.41;0.23;0.23,1.35,200
0,1.35,0
0.22;0.02;0.02,1.35,200
0,0.55,0
0,0.75,0
0,1.35,0
1.28;1;0.84;0.8;0.24,0.95,200
0,1.35,0
1.44;0.99;0.93;0.5;0.36,1.35,200
0,1.45,0
0.15,0.75,200
0,0.95,0
1.68;1.06;0.93;0.52;0.43,0.95,200
0,0.75,0
2.47;2.4;1;0.85;0.85,1.35,200
0,0.75,0
0.4;0.4;0.2;0.11;0.04,0.75,200
0,0.95,0
0,1.15,0|0
0,0.95,0|0
0,0.85,0
0.91;0.3;0.12,1.45,200
0,0.95,0|0
0.16;0.08,1.35,200
1.2;0.62;0.6;0.57;0.42,1.35,200
0,0.95,0|0
0.54;0.17,0.95,200
0,0.75,0
0,1.45,0
2.26;0.8;0.78;0.56;0.33,1.35,200
0,0.95,0
0,0.95,0
0,0.95,0
39.74;8.72;2.8;2.08;1.83,1.35,200
0.04,0.85,200
0,0.95,0
0,0.65,0
2.66;1.44;0.21;0.06,1.35,200
2.4;0.12;0.08;0.02,1.35,200
0,1.45,0
0.07;0.02,1.45,200
0.24;0.14;0.07,0.95,200
0,0.95,0
2.16;0.72;0.67;0.53;0.53,1.35,200
0,1.35,0
0,1.35,0
0,1.45,204
0,0.95,0
0,1.35,0
0,0.75,0
0,0.75,0
1.07;0.74;0.67;0.48;0.4,0.55,200
0,0.55,0
0,0.75,0
0,0.65,0
0,1.75,0
0,0.75,0
0.04;0.04,1.35,200
2.07;0.38;0.02,1.45,200
0,1.45,0
0,0.95,0|0
0,1.75,0
0,0.95,0
0,1.35,0
0,0.65,0
0,0.95,0
0.04,1.75,200
0.83;0.59;0.35;0.2,1.35,200
0,0.85,0
0.17;0.12;0.12,0.95,200
0.74;0.06;0.04,1.35,200
3.2;2.78;0.84;0.77;0.74,1.35,200
0,1.35,0
0,0.85,0
0,0.85,0
0,0.55,204
0,0.95,0
0.05,0.65,200
31.44;0.65;0.36;0.32;0.24,1.35,200
0,0.65,0
0.32;0.27;0.18,1.75,200
3.64;2.47;1.78;1.04;0.6,1.35,200
0,1.45,0
1.33;0.17;0.02,1.35,200
0,0.75,0
0,1.35,0
0,0.95,0
1.43;0.38;0.12;0.09,0.65,200
0,0.65,0
0,0.55,0
0,0.95,0|0
0,1.35,0
0,1.35,0
2.4;1.26;1.2;0.7;0.43,1.35,200
0,0.95,0
0,0.85,0
0.03;0.03,1.35,200
1.68;1.51;0.68;0.6;0.52,1.45,200
0,1.15,0|0
0,1.35,0
0,0.75,0
0.64;0.26;0.02,1.35,200
0.24;0.1,0.85,200
1.36;0.53;0.32;0.08;0.04,1.35,200
0,1.35,0
0,1.75,0
2.18;0.68;0.5;0.24;0.21,0.95,200
0,0.85,0
0.2;0.01,0.95,200
0.2;0.16;0.04,0.65,200
0,0.75,0
0,1.35,0
0,1.35,204
2.19;1.59;0.96;0.95;0.75,1.15,200
0.08;0.04;0.01,0.55,200
0,1.35,204
24;2.09;1.52;0.95;0.82,1.15,200
0,1.15,0|0
0,0.85,0
0.84,1.35,200
0.04,1.35,200
0,1.35,0
1.68;0.05;0.01,1.35,200
0,1.35,0
0,1.35,0
2.18;0.8;0.4;0.32;0.28,1.75,200
1.4;0.2;0.01;0.01,0.55,200
3.2;1.09;0.8;0.8;0.74,1.35,200
0,0.75,0
1.03;0.27;0.21;0.02,0.95,200|200
0.93;0.8;0.29;0.26;0.2,1.35,200
0,1.45,0
0,0.65,0
0.8;0.19;0.17;0.16;0.15,1.45,200
0.2;0.16,1.15,200|200
0,0.85,0
1.04;0.12;0.09,0.65,200
0,1.35,0
1;0.54;0.25;0.24;0.16,1.45,200
0,1.35,204
0,0.95,0
0,0.95,0|0
0,1.45,0
0,0.95,0
0,1.15,0|0
0.14,0.75,200
0,1.15,0|0
0.86;0.64;0.59;0.1;0.08,1.35,200
0,0.55,0
0,1.35,0
0,1.75,0
2.47;0.78;0.6;0.43;0.36,0.55,200
2.48;0.8;0.69;0.02,1.15,200
0,1.35,0
0,1.35,0
0.93;0.65;0.64;0.52;0.31,1.15,200|200
1;0.72;0.54;0.4;0.27,1.35,200
0,0.75,0
0,1.35,0
0,1.35,0
0,0.65,0
0,1.35,0
0,0.85,0
0,1.35,0
0,1.15,0|0
0,0.55,0
0,1.15,0|0
0,1.35,0
0,0.95,0|0
0,0.55,0
1.18;0.01,1.35,200
0,1.35,0
0,0.65,0
0.04,1.35,200
0,0.95,0|0
0.64;0.39;0.37;0.32;0.27,1.35,200
1.5;0.85;0.8;0.8;0.58,1.35,200
0.08;0.02;0.02,0.95,200
0,1.35,0
0,1.35,0
0,1.45,0
0,0.65,0
0,0.85,0
0,0.85,0
0.64;0.04;0.02,0.95,200|200
0,1.15,0|0
0,1.35,0
0,0.75,0
0.8,0.75,200
0.8;0.54,0.95,200
0,1.35,0
0,1.35,0
0,1.15,0|0
0.2,1.35,200
0.2;0.07,1.35,200
0.88;0.6;0.49;0.09,0.95,200
0,1.35,0
1.33;1.22;1;1;1,1.35,200
0.93;0.8;0.66;0.64;0.64,1.35,200
0,1.35,0
1.4;0.72;0.55;0.3,0.75,200
0,0.95,0
0,0.65,0
0.57;0.39;0.24,0.75,200
0.02,1.35,200
0,1.15,0|0
0,0.75,0
0,1.45,0
0,1.35,0
2.4;1.04;0.36;0.11;0.06,1.35,200
0.07,1.35,200
0,1.15,0|0
0,1.15,204|204
0,1.35,0
0,0.75,0
0,1.75,0
0.07,0.95,200
1.43;1;1;0.92;0.89,1.15,200
0.17;0.02,0.95,200
3.08;0.57;0.22;0.09;0.08,1.15,200
1.86;0.91;0.64;0.2;0.08,0.65,200
0.12,0.55,200
0,0.85,0
0.24;0.24,0.95,200
0,1.75,0
0,1.35,0
0.2;0.13;0.02;0.02,1.35,200
1;0.4;0.24;0.2;0.09,1.35,200
0,0.85,0
0,0.95,0
0,1.15,0|0
0,1.35,0
0,1.35,0
0.04,1.35,200
0,0.65,0
0,0.95,204|204
0,1.35,0
2.8;1.2;1;0.24;0.18,1.15,200
4;0.77;0.59;0.12,1.35,200
6.6;2.4;1.48;0.8;0.32,1.35,200
0,1.45,0
0,1.35,0
0,1.35,0
0,0.85,0
0,1.35,0
1.16;0.03,1.15,200
0,1.45,0
2.16;1.04;0.88;0.76;0.2,1.35,200
0.28;0.27;0.2;0.09,1.35,200
4.4;2.24;1.8;0.93;0.74,1.35,200
8;0.84;0.74;0.52;0.5,0.95,200
1.36;0.64;0.56;0.51;0.36,0.65,200
0,0.75,0
0,0.95,0|0
0,1.45,0
0,1.15,0|0
0,0.65,0
0,1.15,0|0
0,1.35,0
0,0.75,204
0,0.75,0
0,0.95,0
5.16;2.47;1.88;1.06;0.21,1.35,200
0.8;0.64;0.4;0.34;0.32,1.15,200|200
0.93;0.8;0.68;0.64;0.61,1.35,200
0,0.95,0
0,0.85,0
0,0.85,0
0.38,1.75,200
0,1.35,0
0,0.85,0
0,0.55,204
0.44;0.12;0.12;0.05,0.95,200
0,0.85,0
1.52;1.12;0.73;0.48;0.47,1.35,200
0,0.65,0
0,0.65,0
0.79;0.36;0.06,1.35,200
0,1.35,0
0.12;0.02,0.65,200
2.4;1.17;0.92;0.89;0.8,1.45,200
0,0.95,0
0,1.35,0
0,1.35,204
0.76;0.07;0.02,1.35,200
0,1.75,0
0,1.45,0
0.21;0.03,1.15,200|200
0.16,1.35,200
2.4;0.12;0.02,1.15,200
0,1.45,0
0.63;0.49;0.48;0.36,1.35,200
1.6;1.05;0.86;0.67;0.42,1.35,200
2.2;0.53;0.33;0.21;0.17,1.35,200
0,0.95,0
1.03;0.39;0.2,0.95,200
0,0.75,0
0,0.95,0
0.32;0.08;0.08,0.55,200
0.88;0.8;0.76;0.72;0.62,0.95,200|200
0,1.15,204|204
0,1.35,0
1;0.56;0.2,1.35,200
0,1.35,0
1;0.56;0.37;0.35;0.25,1.35,200
0,1.15,0|0
0.54;0.54;0.1;0.08,0.95,200
0,1.15,0|0
0.84;0.36,1.45,200
0,1.15,0|0
0,1.35,204
0,1.35,0
0,0.95,0|0
0.12;0.07,1.45,200
0,1.35,0
0.07,1.35,200
0,0.95,0
0,1.15,0|0
2.47;1.64;0.33;0.22;0.04,1.35,200
0,1.15,0|0
0.64;0.2,0.55,200
0,0.75,0
0,1.75,0
0,1.35,0
0,1.35,0
0,1.35,0
0,1.15,0|0
0,0.85,0
0.56;0.36;0.28;0.08;0.05,0.85,200
0.08;0.06;0.05,0.65,200
0,1.15,0|0
0.81;0.8;0.6;0.44;0.34,1.15,200|200
0,1.35,0
0,0.65,0
0.33;0.28;0.05,0.65,200
0.2;0.04,0.65,200
1.57;1.43;0.84;0.5;0.17,1.15,200
0,1.35,0
0,0.75,204
0.91;0.07;0.02,1.75,200
0,0.95,0|0
12;2.24;1.8;1.24;0.93,1.35,200
0,0.95,0
0,1.35,204
0.8;0.34;0.14;0.12;0.09,0.95,200
0.33;0.14;0.04,0.85,200
0,1.35,204
0.02,1.75,200
3.92;2.4;2;1.8;0.68,1.45,200
0,0.95,0|0
0.12,0.65,200
0,1.15,0|0
0,1.35,0
0,1.35,0
2.8;2.44;2.4;1.8;1.2,0.95,200
3.12;2.4;1.37;1.07;0.93,1.35,200
2.47;2.07;1.81;1.19;0.4,1.15,200
0,1.45,0
0,0.65,0
0.98;0.17;0.05,0.95,200
0,0.85,0
1.6;0.68;0.44,1.15,200
0.53,1.35,200
0,1.35,204
0,1.75,204
0,1.45,0
0.23;0.17;0.12;0.01,1.35,200
0,1.35,0
0,1.45,0
0,1.35,0
0.8;0.19;0.02,1.35,200
0.23;0.02;0.01,1.35,200
0,1.45,0
0.39;0.07,0.85,200
0,0.65,0
2.4;0.87;0.54;0.39;0.32,1.15,200
0,0.95,0|0
1.28;0.8;0.56;0.5;0.32,1.75,200
0,1.35,0
0.76;0.12,1.35,200
0,0.95,0
0.32;0.16,1.15,200|200
0,0.65,0
0,1.35,0
0,0.95,0|0
0,1.45,0
0,1.35,0
0,0.55,0
0,0.85,0
0,1.35,0
0,1.35,0
0,0.95,0|0
0,0.85,0
2.87;1.2;0.8;0.64;0.39,1.35,200
0,0.95,0|0
31.56;0.63;0.52;0.49;0.43,1.75,200
0.86;0.56;0.36;0.3;0.24,1.35,200
0,0.95,0
0,1.75,0
4;2.8;2.4;1.15;0.35,1.35,200
0.91;0.58;0.27;0.17,1.35,200
0,1.35,0
0.53;0.12;0.06,0.65,200
0,0.75,0
0,1.35,0
0.31,0.95,200|200
0.06,1.35,200
2.1;0.32;0.27;0.12;0.02,1.35,200
0,0.95,0|0
26.01;2.87;2.66;2.09;1.52,1.35,200
0,1.15,0|0
0.64;0.44;0.01,1.35,200
0,0.75,0
2.4;0.07;0.07,1.15,200
0,0.75,0
0,0.95,0|0
0,1.35,0
0,1.15,204|204
0.86;0.41;0.22;0.2;0.18,1.35,200
0,1.35,0
0,0.65,0
5.97;2.3;1.99;1.52;1.05,1.35,200
0,1.35,0
3.81;0.36;0.1;0.08;0.07,1.35,200
0,1.35,0
0.37;0.18;0.09;0.09,0.85,200
1.76;0.84;0.68;0.62;0.21,1.15,200
0,1.35,0
0.55;0.06;0.02,1.35,200
0,0.95,0
2.6;2.4;2.21;1.21;0.76,1.35,200
0,0.65,0
0,0.95,0
0,1.35,0
0,0.95,0
0,1.75,0
0.7;0.68;0.65;0.63;0.41,1.45,200
0.44,0.95,200
0,0.95,0|0
0.71;0.56;0.43;0.27;0.2,1.35,200
0,0.85,0
0,0.65,0
2.26;0.36;0.27;0.18;0.12,1.35,200
0,1.35,0
0.12,1.75,200
0,1.45,0
2.84;0.24;0.12,1.45,200
0.86;0.66;0.44;0.41;0.36,0.65,200
0,0.75,0
0,0.65,0
0,1.75,0
0,1.35,0
2.92;2;1.63;1.14;0.98,1.35,200
0,0.95,0
0,0.85,0
0,0.75,0
1.11;1.11;0.84;0.48;0.33,1.75,200
0,1.35,0
2.46;1.12;0.71;0.32;0.24,1.35,200
2.16;1.87;1.12;0.84;0.8,1.45,200
0,0.75,204
8.91;3.15;2.96;2.8;0.89,1.35,200
0,0.65,0
0,0.75,0
1.76;1.2;1;0.84;0.51,1.45,200
0,1.35,0
0,0.95,0
0,0.75,0
0,1.35,0
0,1.35,0
0,0.55,204
0,0.95,0
0,0.55,0
0.28,0.55,200
2.67;0.03,1.35,200
7.73;1;0.85;0.74;0.74,1.75,200
2.4;2.4;0.6;0.56;0.52,1.75,200
2.4;1.08;0.92;0.68;0.56,1.35,200
0,0.85,0
0.12,0.95,200
3;2.4;2.28;1.2;0.84,1.45,200
2.8;0.38,0.95,200
2.4;1.78;1.76;1.64;1.49,1.35,200
0,1.45,0
6.02;1.22;0.91;0.66;0.59,1.35,200
0,0.85,0
0.48;0.15,0.65,200
0,1.35,0
0.05,0.65,200
0.05,0.65,200
0,0.65,0
0,1.75,0
0,0.95,0
0,0.95,0
0.05,0.75,200
0.23;0.05,0.75,200
1;0.37;0.3;0.23;0.09,0.95,200
0,1.35,0
0,1.45,0
0.43;0.34;0.3;0.16;0.12,1.35,200
2.4;1.66;1.49;1.26;0.64,1.35,200
0,1.75,0
0,1.35,0
0,0.65,0
0.17;0.13;0.1,1.35,200
0,0.65,0
0,1.35,0
0,1.75,0
0,0.85,0
0,0.75,0
0,0.75,0
0,0.65,0
0,0.95,0
0,0.65,0
0,0.65,0
0,0.75,0
0,0.95,0|0
1.81;0.82;0.78;0.69;0.66,1.35,200
0,0.75,0
1.03;0.96;0.84;0.84;0.8,1.35,200
0,1.35,0
0,1.15,0|0
0,0.95,0
0,1.35,0
0,0.65,0
0,0.95,0
0,0.65,0
2;1.5;0.52;0.49;0.36,1.75,200
0.88;0.14;0.08;0.04,0.95,200|200
0,0.75,0
3.47;0.64;0.23;0.12;0.1,0.95,200
2.16;0.04;0.01,0.95,204|200
21.47;0.8;0.8;0.64;0.61,1.35,200
0,0.55,0
0.47,0.55,200
0.6;0.32,0.85,200
0.74;0.32;0.27;0.12,1.35,200
0,1.35,0
0,1.35,0
0,1.15,0|0
0,0.85,0
0.16,0.95,204|200
0,0.85,0
0,0.75,0
4.36;0.44;0.33;0.27;0.2,1.35,200
0,1.35,0
0,0.65,0
2.32;1.12;1.08;1;0.52,1.15,200
0,1.35,0
0,0.65,0
8.4;4;1.43;1.22;0.82,1.35,200
0.08,1.35,200
0,0.65,0
2.36;1.84;1;0.36;0.29,1.35,200
1.4;0.86;0.8;0.32;0.17,1.35,200
0.4;0.27;0.2;0.1;0.09,1.35,200
0,0.75,0
0,1.15,0|0
0.85;0.02,1.45,200
0,1.35,0
0,1.45,0
0,1.75,204
0.14,1.35,200
0,1.35,0
0,1.35,0
0,0.95,0
0,1.35,0
0,1.45,0
0.8;0.8;0.45;0.44;0.08,0.95,200
1.29;1.26;1;0.52;0.21,1.15,200
0,0.75,0
0,0.85,0
0,0.95,0
0,1.45,0
0,1.35,0
0,1.35,0
0,1.35,0
0,1.35,0
3.05;2.87;1.76;1.71;1.28,1.35,200
2.04;0.36;0.27,1.35,200
0,0.95,0|0
0.72;0.69;0.44;0.32;0.2,0.95,200
0,1.35,0
0.84;0.43;0.3;0.28;0.24,1.45,200
9.2;1.56;1.16;0.8;0.52,1.35,200
0,0.75,0
2.2;1.6;1.2;0.68;0.45,1.15,200
2.6;0.96;0.8;0.8;0.58,1.35,200
1;0.8;0.56;0.32;0.16,0.85,200
2.09;2.07;1.34;0.8;0.54,1.35,200
0.48;0.36;0.2;0.15;0.09,1.35,200
0,0.95,0
0.23;0.02,1.15,200|200
0,1.35,0
0,1.15,0|0
0,1.35,0
0.2;0.08;0.05,1.35,200
2.47;1.1;1;0.8;0.29,1.35,200
0,0.55,0
0,1.35,0
0,1.35,0
0,1.35,0
0,0.55,0
2.28;2.09;1.36;0.45;0.1,1.35,200
0,1.35,0
1.84;0.94;0.64;0.41;0.22,1.35,200
1;0.84;0.82;0.32;0.21,1.35,200
0.12;0.01,0.75,200
0,0.95,0
0,0.55,0
0,1.45,0
2.24;1.12;0.84;0.52;0.32,1.35,200
0,0.75,0
0,0.95,0
0,0.85,0
0,0.95,0|0
0,0.95,0|0
0,0.55,204
0,1.35,0
0,0.95,0
0,0.95,0
0,0.95,0|0
0,0.65,0
0,1.35,0
5.57;0.8;0.76;0.18;0.16,1.35,200
0,0.85,0
0,0.95,0
0,0.55,204
2.44;1.12;1.05;0.48;0.34,1.35,200
0,0.95,0|0
0.2,1.35,200
0,1.35,0
1.21;0.88;0.86;0.71;0.64,1.15,200|200
0,1.35,0
0,0.55,0
0,0.85,0
1;0.38;0.32;0.24;0.24,1.35,200
0,1.35,0
0,0.75,0
0,0.95,0|0
0,0.85,0
0,1.15,0|0
0.6;0.2;0.16,1.15,204|200
0.27;0.23;0.2;0.12;0.08,1.35,200
1.5;1.21;1;0.9;0.8,1.35,200
0.8;0.72;0.56;0.49;0.32,1.45,200
0,0.75,0
0,0.85,0
0,0.85,0
0,1.45,0
0,1.35,0
0.18;0.1;0.01,0.75,200
0,1.45,0
0,0.75,0
0.8;0.32;0.32;0.15;0.08,0.95,200
1.12;0.6;0.58;0.44;0.3,1.75,200
0.88;0.28,1.15,200|200
2.6;1.85;1.48;1.28;1.18,1.45,200
0,0.95,0|0
0,1.35,0
1.2;0.63;0.45;0.27;0.21,1.35,200
0,1.45,0
0,1.35,0
0.92;0.83;0.79;0.6;0.2,1.35,200
2.4;1.2;0.96;0.8;0.4,0.55,200
0,0.75,0
3.32;0.72;0.36;0.29;0.23,0.95,200
2.34;2.24;0.78;0.63;0.51,1.35,200
0.01,1.45,200
0.36;0.05;0.04,1.35,200
0,1.35,0
0,0.65,0
3.03;0.45;0.36;0.2;0.19,1.35,200
0,0.85,0
0,1.35,204
0.46;0.07;0.02,1.35,200
0.17;0.02,0.95,200|200
0.28;0.16,1.45,200
2.28;1.66;0.87;0.68;0.53,1.35,200
0,0.95,0
1.48;1.11;1;0.2;0.15,1.35,200
0,1.75,0
0,1.45,0
0,1.35,0
0,1.35,0
0,1.45,0
0.64;0.36;0.15;0.13;0.06,0.85,200
0,0.65,0
0,0.75,0
0,0.95,200|204
0.36;0.07,0.65,200
0.36;0.07,0.65,200
0.31;0.22;0.2;0.09;0.07,0.95,200|200
0.04;0.04,0.95,200|200
0,1.75,204
0,0.55,0
2.4;2.4;2.13;1.8;1.16,0.55,200
0,1.35,0
0,0.75,0
0,0.85,0
1.68;0.8;0.47;0.43;0.35,1.35,200
0.04;0.03,1.35,200
0,1.45,0
0.17;0.08;0.02,0.75,200
0,0.65,0
0,0.55,0
0.06,1.75,200
0,1.75,0
2.4;2;0.36;0.3;0.12,1.35,200
0,1.35,0
2.09;0.8;0.8;0.73;0.65,1.75,200
0.04;0.01,0.75,200
0,1.75,0
0.91;0.45;0.22;0.12;0.02,1.35,200
2.4;0.92;0.32;0.31;0.16,1.35,200
0,0.75,204
0.8;0.43;0.4;0.21;0.14,0.95,200
0,0.85,0
0.05,1.35,200
0.17;0.12;0.04;0.02,1.35,200
0,0.65,0
0,1.35,0
0,1.75,0
0.49;0.39,0.95,200
1.56;0.54;0.4;0.4;0.1,1.15,200
1.07;0.93;0.88;0.8;0.64,0.55,200
0,0.85,0
0,0.85,204
0.44;0.16;0.15;0.09;0.03,0.95,200
0,0.55,0
0,1.15,0|0
0.24;0.09,1.35,200
5.16;1.06;0.93;0.84;0.8,1.35,200
0,1.45,0
0,0.75,0
0,0.85,0
3.59;0.91;0.64;0.14;0.09,1.35,200
7.96;4;1.6;1;0.4,1.35,200
0,1.35,0
0,0.95,0|0
0,1.35,0
0.12,0.65,200
0.11;0.05,0.65,200
3.08;2.12;1.84;1.23;0.84,1.15,200
4.36;0.86;0.24;0.19;0.14,1.35,200
0,1.35,0
0,0.75,0
0,0.85,0
0.12;0.07;0.04,1.75,200
0,0.85,0
2.4;2;0.47;0.41;0.24,1.35,200
0,0.75,0
0,0.65,0
0,0.75,0
0,0.85,0
3.12;1.54;1.04;0.86;0.29,1.35,200
0.05;0.02,0.85,200
0.8;0.36;0.32;0.12;0.09,1.35,200
1.96;0.8;0.36;0.32;0.21,1.35,200
4.24;0.74;0.63;0.4;0.27,0.95,200
0.93;0.64;0.05;0.02,0.95,200
0.9;0.8;0.8;0.56;0.45,1.35,200
0,0.75,0
0.78;0.68;0.39;0.22;0.21,1.35,200
0,0.75,0
0,1.75,0
0,0.75,0
0.02,0.55,200
0.03,1.75,200
0,1.15,0|0
0,0.75,0
0,0.95,0|0
0.19;0.03,0.85,200
0,1.35,0
0,1.75,0
0,1.35,0
0,1.15,0|0
0,1.15,0|0
0.4;0.37;0.37;0.09;0.08,1.35,200
0,0.95,0
0.01,0.55,200
0,1.35,0
2.4;1.08;0.15;0.14;0.08,0.95,200
0.24,1.35,200
0.05;0.01,1.35,200
0,1.35,0
2.4;0.41;0.16;0.04,1.35,200
0.09,1.35,200
0,0.65,0
0.02,0.65,200
2.24;0.45;0.34;0.28;0.27,1.35,200
0,0.95,0
0,0.65,0
0,0.75,0
4.13;2.4;2.4;1.84;0.93,1.35,200
0,0.85,0
2.72;1.65;0.6;0.58;0.32,1.35,200
0,1.35,0
0,0.95,0
0,0.85,0
0.8;0.53;0.28;0.27;0.18,1.35,200
0,1.35,0
2.8;0.59;0.33;0.28;0.21,1.35,200
0,0.75,0
0,0.95,0|0
0,0.55,0
0,1.75,0
0,0.85,0
0,1.35,0
0,1.35,0
0.4;0.28;0.24;0.17;0.16,0.95,200
0,0.85,0
0,1.35,0
0.85;0.21;0.16;0.09;0.07,1.35,200
0.16;0.15;0.07,0.85,200
0,0.55,204
0,1.35,0
0,1.35,0
0,1.35,0
0,1.35,0
5.96;2.2;2.2;0.05;0.02,1.75,200
0,1.35,0
0,0.95,0
0,1.35,0
0,1.35,0
0,0.75,204
0,1.35,0
1.71;1.4;1.04;0.65;0.6,1.35,200
0,1.45,0
5.92;1.52;1.12;1;0.93,1.35,200
0,0.55,0
0,0.65,0
0,1.35,0
0.48;0.34;0.23;0.14,0.95,200
0.3;0.19;0.13,1.35,200
0,1.35,0
2.4;1.98;1.15;1;0.8,1.35,200
0,1.35,0
0,1.35,0
0,0.65,0
1.32;0.8;0.69;0.4;0.39,0.85,200
2;1.49;1.15;0.93;0.8,1.15,200
0,1.35,0
1.6;1.04;0.47;0.28;0.24,0.95,200
0,1.75,0
0,1.75,0
1.39;0.8;0.68;0.42;0.2,1.35,200
6.43;0.88;0.56;0.53;0.38,1.35,200
0,1.35,0
0,0.65,0
0.12;0.09;0.04,1.75,200
0,0.55,0
3.2;1.63;1.26;0.56;0.1,0.95,200
1.2;0.6;0.21;0.2;0.17,0.95,200
0,1.45,0
3.03;1;0.8;0.78;0.48,1.15,200
0,1.35,0
1.94;0.54;0.32;0.27;0.16,1.15,200
0,0.95,0
0,0.85,0
0,1.15,0|0
0,0.75,204
1.04;0.8;0.2,1.35,200
2.24;0.2,0.65,200
0.8;0.46;0.32;0.18;0.1,1.15,200|200
2.6;1.11;0.52;0.46;0.24,1.15,200
0,1.35,0
0,0.75,204
0,0.85,0
0,1.45,0
0,0.95,0
0,0.85,0
0,0.95,0|0
0.02,1.35,200
4;1.2;0.8;0.6;0.35,1.75,200
0.8,1.75,200
0.15;0.01,1.45,200
0,1.35,0
0,0.85,0
0,0.55,0
4.8;1.32;0.65;0.34;0.21,1.15,200
1;0.4;0.26;0.2,1.35,200
2.4;1.1;0.83;0.62;0.54,0.55,200
0,0.85,0
0,1.35,0
0,1.35,0
1.98;1.28;1.2;1.07;0.95,1.35,200
0,1.35,0
0,1.45,0
0,0.95,204
0,0.85,0
0,1.35,0
0,1.35,0
0,1.35,0
0,1.35,0
0.84;0.68;0.28;0.26,1.35,200
0,0.85,0
0,0.55,0
0,0.55,0
0,0.85,0
0,1.45,0
0,0.95,0
0.27;0.14;0.05,1.45,200
0,0.95,0|0
0,0.95,0
0,0.65,0
0,0.85,0
0,0.75,0
0,1.35,0
0.67;0.64;0.39;0.32;0.22,1.15,200|200
0,0.75,0
0,0.85,0
0,1.35,0
2.8;1.89;1.28;0.8;0.77,1.45,200
0,0.85,0
0,0.95,0
0,0.75,0
0,1.15,0|0
0,0.65,0
0,0.95,0
0,1.75,0
0,1.35,0
0,1.35,0
3.39;0.43;0.39;0.18;0.14,0.65,200
0,0.65,0
1.12;0.41;0.25;0.24;0.24,1.35,200
0,1.35,0
0,0.85,0
2.4;1.24;1.19;1;0.54,1.35,200
0.3;0.2;0.12;0.08;0.07,1.35,200
12;10.13;2.77;1.27;0.74,1.45,200
0,1.35,0
0,0.95,0|0
0,0.85,0
2.11;0.59;0.4;0.38;0.22,1.75,200
0.47;0.12;0.07,1.35,200
1.1;0.43;0.27;0.2;0.15,0.55,200
0.8;0.72;0.44;0.42;0.23,1.45,200
0,1.35,0
0,0.75,0
0.04;0.04,0.75,200
1;0.54;0.34;0.24;0.05,1.35,200
0,1.35,204
8;2.24;0.62;0.41;0.4,1.15,200
2.4;2.26;0.36;0.27;0.2,1.35,200
0,0.65,0
0,0.65,0
0,1.35,0
0,0.85,0
0,0.65,0
0,0.75,0
1.43;0.1;0.1;0.02,1.35,200
0,0.85,0
0,0.95,0
0.21;0.05,1.35,200
3.14;0.03,0.55,200
0,1.35,204
0.85;0.01,0.75,200
0.6;0.2;0.1,1.35,200
0,0.75,0
4.37;2.4;0.67;0.6;0.41,1.35,200
0,0.75,0
0,1.45,0
0.02,0.85,200
0,0.55,0
0.08;0.07;0.03,1.15,200|200
0,0.65,0
0,0.55,0
0,1.35,0
0.22;0.02,1.35,200
0,1.35,0
0,1.35,0
0,0.95,204
0,1.35,0
0,0.55,0
0,0.85,0
0,0.95,0
0,1.75,0
0,0.95,0
0,0.75,0
0,1.35,0
0,1.35,0
0,0.95,0|0
0,0.95,0
0.21;0.18;0.16,0.65,200
0,1.15,0|0
3.64;2.24;1.8;1.39;1.1,1.15,200
0,1.35,0
0.72,0.55,200
0.93;0.63;0.4;0.33;0.29,1.35,200
0,1.35,0
0.03;0.03,1.35,200
0,0.85,0
1.2;0.79;0.63;0.36;0.23,1.35,200
0,0.95,0
0.03,1.35,200
0,1.75,0
1;0.8;0.64;0.32;0.14,0.55,200
0,0.75,0
0,0.75,0
0,0.75,0
0,1.35,0
0,1.35,0
2.8;2.4;1.91;1.71;0.93,1.75,200
0,1.75,0
0,0.75,0
0,1.35,0
0,0.75,0
0,1.35,0
0.4;0.34;0.08,0.95,200|200
0,0.85,0
0.2,1.75,200
1.84;0.47;0.44;0.12;0.09,1.35,200
0,0.75,0
0,0.75,0
0,0.75,0
0,0.85,0
0.1,0.65,200
0,0.95,0
0,1.35,0
0,1.35,0
1.6;0.96;0.66;0.64;0.41,1.15,200|200
0,0.55,0
6.81;1.84;1.4;0.6;0.25,1.35,200
0.05,0.85,200
0,1.35,0
0,1.35,0
0,0.75,0
2.4;2.16;0.6;0.54;0.36,0.95,200
0,0.85,0
0,1.35,0
0.36;0.12;0.07,1.75,200
0,1.75,0
0.8;0.28,0.95,200
0,0.65,0
0,0.55,0
0,1.35,0
0,1.35,0
0.93;0.8;0.59;0.54;0.52,1.35,200
1.64;0.84;0.7;0.35;0.16,1.35,200
0.43;0.35;0.3;0.24;0.24,1.35,200
0,1.75,0
0.12,1.35,200
0,0.95,0
0.1;0.02;0.02,1.35,200
0,1.45,0
0,0.95,0|0
0,0.75,0
0,0.95,0|0
0,1.35,0
0.24;0.17;0.12;0.04,0.75,200
0,0.65,0
0.8;0.2,1.35,200
0,0.85,0
0,0.95,0
0,0.75,0
0,1.35,0
0.36;0.2;0.11,1.15,200|200
0,0.85,0
0,0.85,0
0,0.55,0
0.04,1.35,200
0,1.15,0|0
0,1.75,0
1.28;0.2;0.2;0.19;0.17,0.55,200
1.01;0.93;0.84;0.08;0.07,1.35,200
0,1.35,0
0,1.35,0
0,0.85,0
1;0.29;0.22;0.12;0.09,0.85,200
0,1.35,0
0.69;0.08;0.03,0.75,200
1;0.5;0.42;0.19;0.16,0.65,200
0,0.95,0
3.93;0.64;0.56;0.5;0.43,0.55,200
0,0.65,0
0,0.75,0
0,1.35,204
0.16,0.75,200
0.08,0.55,200
0,1.35,0
0,0.75,0
0,1.15,0|0
0.22;0.19;0.02,1.35,200
0.32;0.05,1.45,200
3.64;1.56;1.12;0.6;0.32,0.55,200
0,0.75,0
1.28;1;0.66;0.6;0.33,1.15,200
0,1.45,0
0,0.75,204
0.43;0.3;0.24;0.24;0.09,1.35,200
0,0.95,0
0,0.85,0
1.16;0.8;0.36;0.33;0.27,1.35,200
0,1.75,0
0,0.95,0
0,1.35,0
3.2;2.4;2.4;1.85;1.29,1.35,200
0,1.35,0
0.91;0.06,1.35,200
0,0.95,0|0
0,1.35,0
0.8;0.02,1.35,200
2.17;1.65;0.52;0.45;0.34,1.75,200
0,0.65,0
0.72;0.54;0.2;0.2,0.95,200
0,0.75,0
0.05;0.01,1.35,200
0,0.85,0
0,1.35,0
0,1.35,0
0,0.95,0|0
2.64;2.12;0.91;0.9;0.83,1.75,200
0,1.45,0
0,1.35,0
0,1.15,204|204
0,0.65,0
0,1.15,0|0
0,1.35,0
4.8;2.4;1.68;0.93;0.62,0.95,200
0,0.95,0|0
2.83;2.4;1.84;0.89;0.79,1.35,200
0,1.45,0
0,0.75,204
0,1.35,0
2.76;0.17,0.75,200
0,0.75,0
0.24;0.08;0.07,1.35,200
0,1.35,0
0,0.95,0
0,1.35,0
0,0.65,0
0,1.35,0
0,0.95,0|0
0.74;0.64;0.57;0.49;0.32,1.45,200
0.08,1.35,200
0.29,1.35,200
0,0.75,0
0,1.35,0
0,0.75,204
1;0.8;0.72;0.41;0.36,1.35,200
1;0.71;0.47;0.36;0.11,0.95,200|200
0,1.15,0|0
0,1.35,0
1.5;0.64;0.39;0.37;0.36,0.95,200
0.43;0.32;0.28;0.27;0.23,1.35,200
0,1.45,0
0,1.35,0
0,1.45,0
0,0.85,0
0.43;0.42;0.39;0.17,1.75,200
6.08;5.56;2.01;1.38;1.04,1.35,200
0.06,1.35,200
0,1.35,0
0,1.15,0|0
0,0.95,0|0
0.64;0.12;0.08;0.08;0.07,1.35,200
0.69;0.14;0.04,1.35,200
0.18;0.12;0.11,1.35,200
0,1.35,0
0.2;0.12,0.95,200
0.06,0.65,200
0.18;0.02;0.01,0.55,200
0,1.35,0
0,1.35,204
0.26,0.65,200
0,0.65,0
0,0.85,0
0.06;0.04,0.85,200
0.61;0.06,0.85,200
0,1.35,0
1;1;1;0.54;0.52,0.95,200
1.86;1.44;1.07;0.8;0.64,1.15,200
0,0.95,0
0,0.95,0
0,1.35,204
0.05,0.75,200
0.07;0.05,1.35,200
3.2;2.09;0.13;0.06;0.03,0.75,200
0,1.45,0
1.6;0.93;0.93;0.8;0.68,0.95,200
0,0.65,0
0,0.95,0
0,0.95,0
0,0.75,0
0,0.85,0
1.37;0.28,1.35,200
0.65;0.07;0.07;0.07,0.75,200
0,1.35,0
0.43;0.08,1.45,200
0,0.95,0|0
0.52;0.38,1.35,200
0,0.75,0
1.09;1;0.36;0.36;0.24,1.45,200
1.19;0.54;0.44;0.4;0.35,1.15,200
0.84;0.83;0.62;0.54;0.32,1.35,200
0,0.85,0
0,0.75,0
2.26;1.06;0.8;0.6;0.41,0.55,200
1.37;0.05,1.35,200
0,0.65,0
0,0.85,0
1.12;0.96;0.33;0.32;0.3,1.75,200
0,0.65,0
0.02,1.15,200|200
0.52;0.34;0.16;0.12,0.95,200|200
0,0.95,0
0,0.55,0
1.32;1.04;0.96;0.8;0.33,1.35,200
2.4;1.41;0.8;0.63;0.29,0.55,200
0,0.75,0
0,0.65,0
0,0.75,0
0,1.35,0
1.84;0.8;0.69;0.27;0.23,1.75,200
0,0.75,0
1;0.65;0.4;0.4;0.25,1.35,200
1.01;0.32;0.2;0.09,1.35,200
0,1.75,0
0,1.45,0
0,0.55,0
0.64;0.28;0.17;0.1,1.45,200
0,1.35,0
0,0.95,0
0,0.85,0
0,0.95,0
0.04,0.55,200
0.19;0.11,1.45,200
0,0.95,0
0,1.35,0
1.6;1.29;0.84;0.8;0.29,1.75,200
3.03;1.98;0.8;0.72;0.64,1.35,200
3.03;1;0.32;0.32;0.23,1.45,200
0,1.35,0
0,0.85,0
0,1.35,0
2;1.49;0.83;0.8;0.6,0.55,200
0,0.95,204
0,0.95,0
0,0.75,204
0,0.85,0
0.04,1.35,200
1.29;1.19;0.93;0.62;0.2,1.15,200
0,1.35,0
0,0.85,0
0.67;0.6;0.19;0.1;0.08,1.35,200
0.32;0.18,0.75,200
0,0.75,0
1.6;0.71;0.41;0.24;0.1,1.75,200
0,1.35,0
0,1.35,204
0.07;0.04,1.35,200
1.29;0.68;0.64;0.6;0.48,1.35,200
16;1;0.73;0.64;0.14,1.35,200
0.79;0.6;0.54;0.52;0.44,1.45,200
0,1.35,0
0,1.35,0
0,0.65,0
0,0.65,0
0,0.65,0
0,1.35,0
0,0.95,0|0
0,1.35,0
1.6;1.43;0.68;0.52;0.35,1.35,200
0,1.35,0
2;0.65;0.47;0.33;0.11,1.35,200
1.72;1.26;0.8;0.41;0.34,1.35,200
0,1.35,0
0,0.85,0
0,0.95,0
0,0.85,0
0,1.35,0
0,1.35,0
0,1.35,0
0,1.35,0
0.78;0.21;0.11;0.03,1.45,200
1.04;1;0.27;0.21;0.16,0.55,200
0,1.75,0
0,0.65,0
1.68;0.3;0.22;0.17;0.07,0.95,200|200
0.83;0.59;0.15,1.35,200
1.16;1;0.4;0.14;0.13,0.55,200
0.04,0.95,200|200
2.4;1.01;0.84;0.34;0.28,1.35,200
0,1.35,0
1.84;0.8;0.65;0.6;0.4,1.35,200
0,0.95,0
0,1.35,0
0,0.95,204
0,1.35,0
0,0.85,0
0.12,0.95,200
0.12,0.75,200
0,0.55,0
0.09,1.75,200
0,1.75,0
0,0.65,0
0,1.15,0|0
0.76;0.56;0.32;0.23;0.18,0.95,200
0,0.85,0
0,0.95,0
0,0.65,0
0.92;0.4;0.08,0.65,200
0,0.95,0|0
17.26;0.8;0.5;0.36;0.27,1.35,200
0,1.35,0
0,1.45,0
0,1.35,0
0,0.75,204
0,0.95,204|204
0,1.35,0
0,0.75,0
0,0.55,0
0,1.35,0
0,1.45,0
0,0.55,0
0,0.95,0
0,1.75,0
0,0.75,0
0,0.85,0
0,0.95,0
0,1.35,0
0,1.45,0
0,1.35,204
0,0.85,0
3.2;0.12,0.95,200
0,1.35,0
2.4;1.65;0.93;0.68;0.62,1.35,200
0,1.75,204
0,0.75,0
0,0.75,0
0,0.65,0
0,1.45,0
0,0.95,0
4.64;3.32;1.5;0.41;0.32,0.95,200
0,0.95,204
3.03;0.68;0.63;0.6;0.5,1.35,200
0,1.15,0|0
0,1.15,0|0
1.5;0.64;0.56;0.28;0.15,0.65,200
0.2;0.01,0.95,200
0.24,1.35,200
0,0.55,0
24;6.4;1.15;0.9;0.3,1.35,200
1.84;1.26;0.8;0.6;0.57,1.75,200
0,0.85,0
0,0.75,0
0,0.75,204
0,0.75,0
0,1.15,0|0
0.2;0.04,1.35,200
0,1.15,0|0
0,0.85,0
0,1.75,0
0,0.75,0
0,0.85,0
0,1.35,0
0,1.35,0
0,0.75,0
0,0.95,0|0
0,0.75,0
0.8;0.5;0.32;0.26;0.07,1.75,200
0,0.95,0
0,0.95,0
0,1.45,0
0,0.65,0
0,0.55,0
0,1.45,204
0,0.95,0
3.03;1;0.18;0.08,1.35,200
0,0.75,0
0,1.35,0
0,0.85,0
1.2;0.84;0.58;0.16;0.12,1.45,200
0,1.35,0
0,0.75,0
0.64;0.6;0.15;0.12,0.65,200
0,0.85,0
0,1.45,0
5.11;4;3.52;2.21;2.13,1.35,200
0,0.95,0
0,0.95,0|0
0.24,1.35,200
0,0.55,0
0.07,1.35,200
0,1.35,204
0,0.95,0
0,0.95,0|0
0,0.95,0
0,0.75,0
0.83;0.8;0.8;0.68;0.44,1.35,200
0,1.35,0
0,1.35,0
0.71;0.36;0.32;0.11;0.09,1.35,200
0,1.35,0
0,0.95,0
3.84;3.69;3.08;2.8;2.4,1.35,200
0.27;0.21;0.2;0.07,1.35,200
0,0.75,0
0,0.65,0
0,1.35,0
0,0.75,0
4.06;0.83;0.8;0.8;0.54,1.35,200
0,0.55,0
0,1.15,0|0
0,0.85,0
0,0.75,0
0.02,1.75,200
0.01,1.35,200
0,1.35,0
1.6;0.89;0.21;0.02,0.95,200
1.05;0.12;0.09;0.08,1.75,200
1.74;0.8;0.79;0.73;0.36,0.95,200
0.8;0.5;0.32;0.12;0.09,1.35,200
2.8;1.12;0.53;0.22;0.12,1.35,200
2;1.17;0.86;0.26;0.16,1.75,200
0,0.95,0
0,0.95,0
0,0.75,0
0.12;0.1,1.35,200
0,0.75,0
0.06,1.35,200
0,1.35,0
0.12,1.45,200
0,0.65,0
0,1.35,0
0.91;0.18;0.02,1.15,200|200
0,0.85,0
0,0.85,0
0,1.15,0|0
0,0.85,0
0,0.65,0
0,1.35,0
0.64;0.54;0.37;0.02,1.35,200
0.01,1.35,200
0,1.35,0
0,0.55,0
0.03,1.45,200
0,1.35,0
0,0.55,0
4.69;3;2.4;1.78;0.87,0.65,200
0.61;0.24;0.19;0.09;0.08,1.35,200
0,1.35,0
0.98;0.4,1.45,200
2.55;1.91;1.71;1;0.77,1.15,200
0.54;0.24;0.14,1.45,200
1.56;1.46;1;0.52;0.47,0.75,200
0,1.75,0
0,0.95,0
0.65;0.52;0.52;0.24;0.15,0.95,200|200
0,0.85,0
0,0.85,0
0,0.85,0
3.2;0.14;0.06,1.35,200
0,0.75,0
0,0.75,0
0,1.35,0
0,0.85,0
0,1.35,0
0,0.95,0|0
0,0.55,0
2.4;1.32;0.93;0.8;0.6,1.45,200
0,1.15,0|0
0,0.95,0
0,0.65,0
0,1.75,0
0.91;0.8;0.8;0.64;0.44,1.35,200
0,1.35,0
0,0.95,0|0
0,0.95,0
0.57;0.35;0.26;0.24;0.14,0.95,200
3.38;1.56;1.1;0.8;0.61,1.35,200
4.4;1.21;1;0.78;0.48,1.35,200
1;0.84;0.6;0.44;0.32,0.55,200
0,1.35,0
0.73;0.16,0.85,200
0.4;0.36;0.19;0.13;0.12,1.35,200
5.7;3.37;3.03;1.6;1,1.35,200
1.04;0.51;0.08;0.02,1.35,200
0,0.65,0
7.2,1.35,200
0,1.35,0
0,0.75,0
0,0.85,0
0,0.65,0
0,1.35,0
0.12;0.02,0.55,200
2.07;1.02;0.64;0.62;0.33,1.35,200
0,1.45,0
0.96;0.68;0.64;0.32;0.3,1.35,200
0,1.35,0
0,0.95,0
0.55;0.48;0.32;0.22;0.2,0.95,200
3.03;1.84;0.8;0.68;0.37,1.35,200
0.64;0.24,1.35,200
0,1.35,0
0,1.35,0
0,0.95,0
0.8;0.6;0.6;0.35;0.32,0.95,200|200
0.28;0.08,0.65,200
0.8;0.76;0.66;0.55;0.39,1.35,200
0,0.75,0
0,0.55,0
0,0.85,0
2;0.86;0.8;0.8;0.21,0.55,200
0,1.35,0
0,1.15,0|0
0,0.75,0
0,0.95,0|0
2.4;1.84;1.32;1.27;0.93,0.55,200
1.84;1.08;0.8;0.72;0.68,1.35,200
0,0.65,0
0.32;0.28;0.17;0.16,0.95,200
0,0.65,0
28.81;0.76;0.68;0.54;0.4,1.35,200
0.44;0.04,0.85,200
0,0.95,0
0,1.45,0
1.44;1.38;0.64;0.56;0.46,1.45,200
0,1.35,0
0.43;0.17;0.03,0.65,200
0.83;0.72;0.5;0.21;0.16,1.45,200
0,0.95,0|0
0,0.75,204
0,1.35,0
0,0.85,0
0.71;0.29;0.17;0.16;0.16,1.75,200
2.4;1.68;1.26;0.8;0.64,0.55,200
0.15,0.95,200
0,0.55,0
0,0.95,0
0,1.35,0
0,0.75,0
0,1.35,0
0,0.55,0
0,0.95,0
0.03,0.95,200
0,0.85,0
2.4,1.15,200
0,0.75,0
1.6;0.75;0.69;0.36;0.09,0.55,200
0,0.85,0
2.2;1.53;1.32;0.8;0.47,1.35,200
0,0.95,0
0,1.75,0
0,1.15,0|0
1.23;1.12;0.36;0.32;0.28,0.55,200
0.12,1.15,204|200
0,1.45,0
0.55;0.27;0.25;0.24;0.09,1.35,200
0,1.35,0
1.04;0.69;0.28,0.95,200
0.06;0.04,0.75,200
3.2;1.16;0.86;0.8;0.41,1.75,200
0,1.35,0
0.91;0.43;0.18,0.75,200
0,1.75,0
0,0.95,0
0,1.75,204
36;2.09;0.84;0.76;0.35,1.35,200
0.36;0.21;0.05;0.02,0.75,200
0,0.65,0
1.08;0.57;0.5;0.07,1.35,200
0.83;0.48,1.35,200
0,1.35,0
0,1.75,0
0,0.95,0
0,1.35,0
0,0.65,0
0,0.95,0
8.17;4.81;3.85;3.32;2.16,1.35,200
0,1.35,0
0,0.75,0
0,1.15,0|0
0,0.95,0
0,1.45,0
0,1.75,0
0,1.75,0
0,1.35,0
0.08,0.75,200
0.8;0.52;0.2;0.06,1.45,200
0,0.55,0
1.12;0.8;0.75;0.6;0.31,0.55,200
0,1.35,204
0,0.75,0
0,1.35,0
3.32;1.06;0.74;0.52;0.43,0.95,200
0,0.55,0
8.8;3.03;2;1.24;1.16,1.35,200
0.32,1.35,200
0,0.85,0
0,0.65,0
3.2;0.58;0.21;0.2;0.1,1.35,200
0.83;0.74;0.4;0.2;0.13,1.35,200
1.02;0.59;0.25;0.08,0.85,200
29.32;0.08,1.35,200
0,1.35,0
0.81;0.54;0.36;0.32;0.28,1.15,200|200
0.83;0.64;0.39;0.36;0.32,1.35,200
2.97;0.37;0.37;0.33;0.23,1.35,200
40;0.83;0.8;0.7;0.63,1.35,200
2.52;1.04;0.56;0.47;0.16,1.35,200
0,0.85,0
0,1.45,0
0,0.75,0
0,0.95,204
0,0.75,0
5.6;1.42;1.18;0.44;0.32,1.35,200
1.12;0.64;0.34;0.19;0.11,1.35,200
0,0.65,0
0,0.65,0
0,0.85,0
0.28,1.35,200
0,0.55,0
0,0.85,0
0,0.95,0
0,0.75,204
0,0.85,0
0,0.65,0
0,0.95,0
3.23;3.12;1;0.92;0.77,1.15,200
1.29;0.2;0.15;0.1,1.35,200
0,1.35,0
0,1.45,0
0,0.55,0
0,0.95,204
0,0.95,0
0.8;0.65;0.56;0.2;0.2,1.35,200
0,0.75,0
0,0.95,0
0,1.75,0
0,0.85,0
0,0.65,0
0.43;0.31;0.26;0.22,0.65,200
0.8;0.73;0.64;0.42;0.4,1.75,200
0,0.95,0
0,0.85,0
1.29;0.8;0.68;0.44;0.36,1.35,200
0.43;0.43;0.16;0.07,0.65,200
0,0.95,0|0
0,0.85,0
0.43;0.19;0.14;0.12,0.65,200
0,1.35,0
0.12;0.02,1.45,200
1.59;1.48;0.41;0.18;0.04,0.55,200
1.81;0.86;0.56;0.36;0.08,0.85,200
0,1.35,0
1.27;1.2;0.68;0.56;0.43,1.15,200
0,0.85,0
0.44;0.4;0.35;0.25;0.04,1.35,200
0.72;0.15;0.12;0.12;0.08,1.45,200
0,1.75,0
0.27;0.2;0.08,1.35,200
2.4;1.04;0.81;0.64;0.48,1.35,200
0,0.85,0
0,0.85,0
0,0.85,0
0.73;0.64;0.19;0.16;0.03,1.75,200
0.04,1.35,200
1.6;0.5;0.04,0.95,200
0.72;0.6;0.6;0.45;0.26,0.95,200|200
0,0.85,0
0,0.65,0
1.2;0.64;0.46;0.33;0.01,0.85,200
0,0.65,0
0,0.75,0
0.07;0.05,1.35,200
0,0.85,0
0.21;0.05,1.35,200
0,0.95,0|0
0,0.85,0
1.8;1.4;1.29;0.54;0.32,0.95,200
0,0.65,0
2.4;1.84;0.19;0.14;0.11,1.35,200
0,0.65,0
1;0.34;0.2;0.17;0.12,1.35,200
0,1.35,0
0,0.65,0
0.25,0.75,200
0,1.35,0
0.12;0.1;0.01,1.35,200
0,1.35,0
0,1.45,0
4.6;2.4;2.01;1.67;0.99,1.35,200
0,0.95,0
0,0.85,0
0,0.85,0
0,1.15,0|0
0.44;0.36;0.1,1.15,200|200
0,0.85,0
0,0.95,0
2.8;0.79;0.54;0.4;0.32,1.35,200
0.12;0.07,1.35,200
0,1.15,0|0
0,0.85,0
0.72;0.57;0.33;0.2;0.14,1.35,200
1.43;0.4;0.27;0.1;0.09,1.35,200
0,0.75,0
0,0.95,0|0
0,0.65,0
0.96;0.75;0.6;0.42;0.4,1.35,200
0.8,0.95,200
0,1.35,0
0,0.55,0
0,0.65,0
0,0.65,0
0,0.65,0
0,0.55,0
0,0.85,0
0,1.35,0
0.16;0.15;0.09;0.06;0.02,0.85,200
0,0.95,0
0,1.35,0
0.05,0.65,200
0.04,1.15,200|200
0,0.85,0
0,0.65,0
0,0.75,0
0,1.35,0
0,0.95,0|0
0,1.35,0
2.4;2.2;1.09;1.04;0.53,1.75,200
0,1.35,0
1;0.4;0.03,0.95,200|200
0.06;0.04,1.35,200
0,0.85,0
0,0.55,0
0,0.95,0|0
0.69;0.67;0.33;0.21,1.15,200|200
3.03;2.8;0.85;0.48;0.2,1.15,200
0,1.35,0
0,0.75,0
0,0.65,204
0.5,1.15,200|200
1.64;0.8;0.63;0.57;0.41,0.95,200|200
0,0.75,0
0,0.95,0
0,1.35,0
0,0.65,0
0.02,1.35,200
0,1.35,0
0,0.65,0
1.01,0.95,200|200
0,1.35,0
0,0.65,0
0,0.75,204
0,1.75,0
0,0.65,0
0,1.35,0
0.69;0.47;0.28,0.75,200
0,0.95,0
2.45;2.4;1.8;1;0.92,0.55,200
2.71;1.1;1.08;0.54;0.37,1.15,200
0,0.95,204|204
0,0.95,0
0.04,1.75,200
0,0.65,0
0,1.35,0
2.47;1.55;1.26;0.82;0.6,1.35,200
0,0.65,0
0.56;0.16;0.07,0.75,200
0,1.35,0
0,0.95,0
0,0.65,0
0,1.15,0|0
0,1.35,0
0,1.75,0
0,1.45,0
3.03;0.48;0.48;0.1;0.08,1.75,200
0,0.95,204
0,0.65,0
0.63;0.16;0.07,0.85,200
2.6;0.8;0.4;0.2;0.08,0.65,200
1.25;1.1;0.26;0.18;0.13,0.75,200
3.6;1.29;0.26;0.25;0.21,1.35,200
0,0.85,0
0,0.75,0
0.31;0.04,1.35,200
0,0.65,0
0.04;0.03,0.85,200
0,0.95,204|204
0,1.35,0
0,0.85,0
0,1.35,0
0,0.75,0
0,0.75,0
0.07,0.75,200
0,1.35,0
0,0.65,0
3.47;2.84;1.28;1.11;0.65,1.45,200
0,0.55,0
0.8;0.29;0.15;0.06,0.65,200
0,1.35,0
2.4;1.2;1.09;0.53;0.44,1.35,200
0,1.15,0|0
0,0.65,0
0.97;0.58;0.36;0.09,0.95,200
0,1.35,0
0,0.85,0
0.24,0.75,200
0,0.65,0
0,1.75,0
0,1.35,0
0,1.35,0
0,0.85,0
0,1.35,0
0.12,1.35,200
0,0.85,0
0,0.65,0
0,0.55,0
0,0.75,0
0,0.75,0
0.02,0.65,200
0,0.65,0
0,1.15,0|0
0,0.85,0
0,0.85,0
0,0.85,0
0,0.85,0
0,0.75,0
0.24,0.95,200|200
0,1.35,0
0.8;0.55;0.4;0.32;0.08,1.35,200
0,0.85,0
1.94;0.36;0.24,1.35,200
0,0.85,0
0,1.45,0
0,0.95,0
0,0.85,0
2.4;0.24;0.16;0.15;0.11,1.45,200
0,0.65,0
4.8;0.8;0.54;0.16,1.35,200
0,0.75,0
0,0.75,0
0,0.75,0
0,1.35,0
0,0.95,0
0,0.95,0
0,0.65,0
0,0.75,0
0,1.35,0
0.93;0.6;0.46;0.09;0.02,1.35,200
0.67;0.39;0.19;0.17;0.12,0.85,200
0,1.35,0
0.8;0.17;0.17;0.15;0.09,0.85,200
0,0.65,0
0.8;0.4;0.24;0.16,0.95,200
3.03;0.83;0.8;0.44;0.2,1.35,200
0,1.45,0
0,1.35,0
0,1.75,0
0,0.75,0
6.4;1.22;0.9;0.86;0.83,1.35,200
0,0.95,0
0,0.95,0
0,0.95,0
0,1.45,0
0,0.95,0
0,0.75,0
0,0.75,0
1.43;1;0.9;0.56;0.24,1.15,200
0,0.65,0
1.6;0.56;0.42;0.34;0.2,1.15,200
4.09;1.26;0.8;0.57;0.28,1.35,200
2.4;1.05;0.34;0.2;0.18,1.35,200
0.16,0.95,200
0,1.75,0
1.1;1.02;0.79;0.2;0.02,1.35,200
0.01,1.75,200
1.04;0.36;0.24;0.2;0.17,1.35,200
0,0.75,0
0,1.35,0
2.16;0.22;0.17;0.12;0.08,1.35,200
0,0.95,0
2.4;2.4;0.67;0.51;0.32,1.35,200
0.27;0.15;0.08;0.06;0.03,0.85,200
0,0.55,0
1.8;0.8;0.4;0.39,1.15,200|200
0,1.35,0
0,1.35,0
0.12,0.75,200
0,0.85,0
0,1.15,0|0
28.81;0.76;0.68;0.25;0.2,1.15,200
0,0.65,0
0,0.65,0
0,0.85,204
0,0.75,0
0.33;0.3;0.18;0.1;0.06,1.35,200
0.44;0.43;0.15,0.95,200
1.6;1.45;0.76;0.54;0.21,1.75,200
0,0.95,0
0,0.95,0|0
0,1.35,0
0,0.95,0|0
0,0.75,0
0,0.75,0
0.64;0.39;0.08;0.08;0.08,1.35,200
0,1.35,0
0,1.35,0
0.01,0.95,200
0,1.45,0
0,0.65,0
0,0.85,0
1.88;1.04;0.79;0.72;0.66,0.95,200
0,1.75,0
0,1.75,204
0,1.35,0
0,0.85,0
0,0.95,0
9.76;1.64;1.32;1.09;0.3,1.15,200
0,0.95,0
0.36;0.32;0.19,1.35,200
0,0.95,0|0
1.83;1.44;1;0.35;0.24,1.35,200
2.4;1.49;1.48;0.86;0.78,1.35,200
0,0.95,0
0,1.35,0
0,1.35,0
0,1.35,0
0,0.75,0
2;1;0.32;0.31;0.2,1.35,200
0,1.15,0|0
1;0.79;0.79;0.36;0.21,1.35,200
0.93;0.56;0.32;0.12;0.1,1.15,200|200
1.28;0.81;0.24;0.2,0.85,200
0,1.35,0
0,0.65,0
0.38;0.07;0.04;0.04,0.85,200
0.11,0.95,200
0,0.75,204
0.69;0.16;0.05,0.85,200
0.05,1.35,200
0,0.75,0
0.8;0.58;0.28;0.2;0.1,0.85,200
0,0.75,0
0,1.45,0
6.96;2.2;0.81;0.79;0.56,1.35,200
1.44;0.7;0.52;0.13;0.08,0.95,200
2.4;0.93;0.5;0.3;0.2,1.15,200
0.83;0.43;0.2;0.12,1.35,200
0,1.75,0
0,0.85,0
0,0.95,0
0.36;0.34;0.21,1.35,200
1.2;1.06;1;0.32;0.15,0.95,200
0,0.85,0
0,0.65,204
0,0.95,0
1.29;0.72;0.32;0.14,1.35,200
0.82;0.07,1.35,200
0,0.85,0
0.07,1.35,200
0.64;0.52;0.07,0.95,200
0,0.75,0
0,1.35,0
0,0.85,0
0.61;0.4;0.28,0.65,200
0.26,0.75,200
0.48;0.35;0.3;0.23;0.08,1.45,200
0,0.65,0
2.4;1.82;0.89;0.47;0.4,1.35,200
0,0.85,0
0,0.95,0
0,1.45,0
0.33;0.1;0.07;0.04,0.95,200
0,0.65,0
0,0.75,0
0,0.85,0
0.14;0.07;0.04,0.95,200
0,0.75,0
0,1.35,0
0,0.85,0
0,0.85,0
0,0.95,0
0,1.35,0
0,0.75,0
0,1.35,0
16;10.35;1.87;0.56;0.48,1.45,200
0,0.85,0
0,1.75,0
0,1.45,0
0,1.75,0
0,1.35,204
0,1.35,0
0,0.85,0
0.72;0.5;0.48;0.24;0.24,1.35,200
0,0.75,0
0,0.85,0
0,0.65,0
0,0.85,0
0,0.85,0
4.6;4;2.4;1.29;0.41,1.35,200
0,1.45,204
0.8;0.63;0.39;0.36;0.34,1.15,200|200
1.39;0.79;0.2;0.04,0.65,200
0.22;0.2;0.04,0.65,200
0,0.95,0
0.88,0.75,200
0,0.85,0
0.17,0.85,200
2.4;0.77;0.64;0.2;0.19,1.35,200
3.64;1.2;0.3;0.17;0.09,1.15,200
0.86;0.74;0.68;0.17;0.11,1.35,200
0,0.95,0
0,0.75,0
0.72;0.05,0.95,200|200
0.64;0.28;0.14;0.01,0.65,200
0,0.95,0|0
0,0.85,0
0.44;0.01,0.65,200
0,0.85,0
1.76;0.42;0.41;0.24;0.16,1.35,200
1.48;0.57;0.42;0.14;0.05,1.35,200
1.28;0.72;0.68;0.65,0.95,200|200
0,1.35,0
0,0.75,0
0,1.35,0
0,0.65,0
0,0.95,0
0,0.95,0
0.02,0.95,200
0,1.35,0
0,1.35,204
0,0.65,0
0,1.35,0
0.8;0.24,1.45,200
0,0.65,0
0,0.95,0|0
0,0.65,0
0,0.55,0
0,0.95,0
0,0.95,0
0,0.85,0
0.04,0.95,200
2.12;1.42;1.35;1;0.88,1.35,200
3.7;3.61;1.1;0.72;0.3,1.35,200
0,0.65,0
0,1.35,0
0,1.35,0
0,1.35,0
0,1.35,0
0.64;0.23;0.14;0.11,1.35,200
0,0.75,0
0.72;0.34;0.32;0.27;0.08,1.35,200
0,0.95,0
0.22;0.14,1.35,200
0,1.35,0
0,1.35,0
0.36;0.2,1.35,200
0,1.15,0|0
0,0.95,0
0,0.95,0
0,0.65,0
0,1.75,0
0.28;0.11;0.03,1.35,200
1.27;0.02,1.75,200
0,1.35,0
0.72,0.55,200
0,0.65,0
3.41;1.74;0.71;0.66;0.3,0.55,200
2.47;0.8;0.78;0.45;0.32,1.35,200
0,0.95,0
3.4;1.53;0.08;0.07,1.35,200
0,0.95,0|0
0,1.35,0
0,0.85,0
0.07;0.04,1.35,200
0,1.35,0
0.04,1.35,200
0,0.75,0
0,0.85,0
0.8;0.05;0.04,0.85,200
0.44;0.21;0.05,0.85,200
3.48;3.45;0.62;0.6,1.35,200
0,0.65,0
0,0.95,0|0
0,0.75,0
0.8;0.6;0.02,1.35,200
0,0.65,0
2.4;1.76;1.28;0.74;0.52,0.95,200
0,0.95,0
0,0.65,0
0.96;0.92;0.4,0.95,200|200
0,1.35,0
0,1.15,0|0
0,0.75,0
0,0.55,0
0,0.95,0|0
0,1.35,0
0.56;0.1;0.09,0.55,200
0,1.35,0
0,1.45,0
0,1.15,0|0
0,0.65,0
0,1.45,0
0,0.65,0
0,1.35,0
4;3.8;0.44;0.32;0.18,1.35,200
1.64;1.61;0.94;0.6;0.38,1.35,200
0,1.35,0
0.69;0.11;0.06;0.05,1.35,200
0.8;0.34;0.24;0.15;0.08,1.35,200
0,1.35,0
3.01;0.07,1.35,200
0,0.75,0
4;0.8;0.68;0.64;0.52,1.45,200
0,0.75,0
1;0.8;0.62;0.4;0.32,1.45,200
0.36;0.08;0.07;0.06;0.04,1.35,200
0,1.15,0|0
0,1.35,0
0,0.95,0|0
0,1.15,204|204
0,0.95,0
0.84;0.72;0.64;0.4;0.25,0.95,200
0,0.75,0
0.97;0.59;0.42;0.4;0.36,1.35,200
0.28;0.24,1.35,200
2.4;1.23;0.58;0.24;0.2,1.35,200
0,1.35,0
0.24,1.35,200
0,0.65,0
0,1.35,0
0,1.75,0
0,0.55,0
0.46;0.27;0.09;0.06,0.55,200
16;1.12;0.4;0.4;0.09,1.35,200
0,0.65,0
2.66;0.8;0.68;0.21;0.21,1.15,200
0,1.75,0
2.2;1.6;1.6;1.24;0.64,1.35,200
0,0.55,0
0,1.35,0
0.36;0.27;0.14;0.09;0.08,0.95,200
2.66;2;0.99;0.96;0.89,0.95,200
0,1.35,0
0,0.95,0
0,1.75,0
2.4;1.16;0.52;0.44;0.32,1.35,200
0,1.35,0
2.16;0.8;0.41;0.24;0.21,0.95,200
0,0.65,0
0,1.15,0|0
0,0.95,0
0,0.95,0
0,1.35,0
0,0.75,0
0,1.35,0
0,0.95,0
0,0.85,0
1.2;0.9;0.84;0.28,1.35,200
0.16,1.15,204|200
0,0.65,0
0.36;0.12,0.85,200
0,1.75,0
0,0.95,0
0,0.95,0|0
0,0.75,0
0,1.75,0
0,0.85,0
0.72;0.32;0.16;0.02;0.01,1.35,200
0.03,0.55,200
0.84;0.12,1.35,200
1;0.6;0.56;0.22;0.22,0.55,200
0,0.55,0
0,0.65,204
0,1.35,0
0,0.85,0
0,1.35,0
0,1.35,0
0,0.65,204
0,0.65,0
0.2,1.75,200
0,1.35,0
0,0.65,0
2.4;0.6;0.57;0.32;0.32,1.15,200
0,0.95,0
0,0.75,0
0,0.75,0
0,0.75,0
0,0.55,0
0,1.45,0
0,1.35,0
0,1.15,0|0
5.2;1.21;1;0.38;0.33,1.75,200
0,1.35,0
0,1.35,0
0,0.85,0
1;0.8;0.2;0.17;0.1,1.35,200
0,1.35,0
0,0.65,0
0,1.35,0
0,0.95,0
0,1.35,0
0,1.15,0|0
0.75;0.44;0.2,1.45,200
0,0.85,0
2.26;0.86;0.77;0.4;0.22,1.35,200
0,1.35,0
0.76;0.64;0.28;0.26;0.22,0.65,200
0,1.35,0
0,0.75,0
4.92;0.8;0.4;0.26;0.22,0.55,200
0.2,0.95,200
0,0.65,0
0,0.75,0
0,0.95,0
0,0.75,0
8.8;0.04,1.35,200
0.28;0.25;0.18;0.14;0.09,0.85,200
0,1.75,0
0,0.85,0
0.46;0.43;0.16;0.12,1.45,200
0,1.35,0
0,1.35,0
0,1.75,0
0.12,0.75,200
6;1.77;1.6;1;0.72,1.35,200
0,0.75,0
0.01,0.75,200
0,0.65,0
0,1.35,0
0,0.85,0
0,0.85,0
0,0.95,0|0
0,0.95,0
1.4;1.04;1;0.35;0.32,0.95,200
0,0.65,0
0,1.45,204
0.2,0.75,200
0,0.65,0
0.8;0.6;0.52;0.25;0.12,1.35,200
3;1;0.88;0.43;0.42,1.35,200
0,0.85,0
7.96;2.4;1.18;0.72;0.4,1.35,200
0,0.85,0
0,0.75,0
3.6;3.33;0.97;0.67;0.52,1.35,200
0,1.35,0
0,0.65,0
0,0.85,0
0,0.85,0
0,0.65,0
0,0.95,0
2;1.84;1.16;1.14;1.05,1.35,200
0,0.65,0
0,1.35,0
0.74;0.21;0.16;0.13;0.12,1.75,200
0,0.75,0
0,0.75,0
1.01;0.64;0.62;0.58;0.48,1.35,200
0,0.85,0
0,0.95,0
8.48;0.23;0.1;0.09;0.01,1.15,200
2.4;2.4;2.21;1.16;1,1.75,200
0,0.95,0
0,1.35,0
0,0.95,0
0,0.85,0
0,1.35,204
0,0.95,0
0,0.95,0|0
0,1.35,0
0.2,1.45,200
0,1.35,0
0,1.35,0
0,0.75,0
0,0.85,0
0.36;0.23;0.08,0.95,200
0,0.65,0
0.52;0.04,0.85,200
0,0.85,0
0,0.85,0
0,1.35,0
0,0.95,0
0,0.85,0
3.9;1.4;0.79;0.43;0.28,1.75,200
0,1.35,0
0,0.95,0
0.36;0.08;0.07;0.04,0.85,200
0,1.35,0
0.04,1.15,200|200
0,0.75,0
0,0.85,0
2.29;0.76;0.71;0.28;0.25,1.35,200
0,1.35,0
0,1.35,0
0.2,1.35,200
0.27,0.75,200
0,0.75,0
0,0.65,0
0.92;0.83;0.52;0.26;0.16,1.45,200
0,1.35,0
0,0.65,0
2.56;1.65;0.56;0.48;0.45,0.95,200
0,1.35,0
0,0.95,0|0
0.56;0.32;0.2;0.17;0.17,1.15,200|200
0,0.85,0
7.08;2.24;1.94;1.2,1.45,200
0.18,0.75,200
0,1.35,0
0,0.55,0
0,0.65,0
0,0.65,0
0,0.75,0
0,0.75,0
1.6;0.8;0.55;0.39;0.36,0.75,200
8.52;0.12;0.02,1.45,200
0,0.65,0
0,0.95,0
0.9;0.88;0.75;0.64;0.48,1.35,200
4;3.63;2.4;2.2;1.2,0.55,200
0,0.95,0
0,0.85,0
0.72;0.24;0.2;0.11;0.09,0.95,200|200
0,1.35,0
0,1.45,0
0,0.95,0
0,0.95,0|0
0,0.55,0
0,1.75,0
0,0.95,0
0,0.85,0
0,0.75,0
3.2;2.59;1.8;1.44;0.61,1.35,200
0,0.85,0
0,0.95,0
0,0.95,0
1.32;0.65;0.42;0.32;0.32,0.55,200
0,0.85,0
3.2;0.63;0.55;0.34;0.24,0.95,200
0,0.65,0
0,0.95,0
0,0.75,0
0,1.75,0
1.2;0.12;0.01,1.35,200
0.76,0.55,200
0,1.35,0
0,0.95,0|0
0.8;0.09;0.04,1.45,200
0,0.85,0
0,1.75,0
1;0.8;0.66;0.48;0.39,1.35,200
0.13;0.12,1.75,200
0,0.75,0
0,0.55,0
0,0.75,0
0,0.85,204
1.68;0.42;0.2;0.09;0.05,0.95,200
0,0.85,0
0,0.95,204
0,0.95,0
2.12;1.16;1.04;0.66;0.56,1.35,200
4.91;3.41;1.68;1.46;1.44,0.55,200
0,1.15,0|0
0,0.95,0
0,1.15,0|0
0,0.95,0
0,0.65,0
0.04;0.02,0.75,200
0,1.35,0
0,0.95,0
0,1.35,0
0,1.35,204
0.2,0.75,200
0,0.95,204
0,0.95,204
0.84,1.35,200
0,1.35,0
0,0.75,0
0.54;0.42;0.4;0.4;0.22,1.35,200
0.26;0.08;0.07,0.65,200
20;4.4;0.8;0.69;0.54,0.55,200
1.44;1.09;0.93;0.6;0.54,0.95,200
1.86;0.8;0.6;0.32;0.14,1.45,200
0,0.85,0
0,1.35,0
1;0.8;0.61;0.35;0.24,1.15,200|200
0,0.85,0
0,1.35,0
0,1.15,0|0
0.2,1.15,200|200
2.8;1.2;0.84;0.41;0.3,0.55,200
0,1.75,204
0,1.35,0
0.02,1.75,200
0,0.85,0
0,1.35,0
3.04;2.47;1.36;0.8;0.59,1.35,200
0,1.35,0
0,1.35,0
0.02,0.65,200
0.6;0.36;0.05,0.65,200
0,0.95,0
0.48;0.27;0.11;0.07;0.05,1.35,200
0.6;0.2;0.05,0.65,200
0.36;0.27;0.27;0.11,0.85,200
0,0.75,0
0,1.35,0
0,1.75,0
0,1.35,0
0,0.85,0
0,0.95,0|0
0.71;0.69;0.2;0.03,0.65,200
0,1.35,0
0,0.95,0
1.84;1.79;1;0.88;0.79,1.45,200
0,0.85,0
0,1.75,0
0,1.35,204
0,1.45,0
0.8;0.03,0.75,200
5.59;0.36;0.28;0.22;0.2,1.35,200
2.8;2.4;1.28;1.09;0.53,1.35,200
0,0.95,0
2.4;0.07,1.35,200
0,0.65,0
5.6;1;0.24;0.09;0.08,1.45,200
0,1.15,0|0
0.8;0.5;0.41;0.38;0.32,0.65,200
0,0.95,0
0.04,1.15,200|200
0.84;0.69;0.6;0.13,0.95,200
1;0.8;0.48;0.38;0.3,1.35,200
0,1.45,0
0,1.45,0
1.88;1.72;1.32;0.18;0.16,1.35,200
0.8,1.45,200
0,0.95,204|204
0.91;0.07;0.02,1.75,200
0.76;0.68;0.6,0.95,200
0.53;0.3;0.2,0.85,200
0,0.65,0
29.32;2.65;0.14,1.35,200
0,0.65,0
0,0.65,0
0,0.95,204
2.88;1.72;1.12;1;1,1.35,200
1;0.64;0.31;0.21;0.2,0.95,200
1.26;0.83;0.8;0.64;0.28,1.35,200
0,1.35,0
0,0.95,0
0,1.15,0|0
0.84,1.75,200
1.08;0.63;0.32;0.23;0.07,0.55,200
0,1.75,0
0,0.85,0
0,0.85,0
0,0.85,0
0.74;0.5;0.28;0.24;0.17,1.35,200
0,0.75,0
0,1.35,0
0,1.35,0
0,0.95,0
0,0.65,0
0,1.35,0
2.29;1.56;1;0.92;0.17,0.55,200
0.05,0.85,200
0,1.75,0
0,0.75,0
0.05,0.75,200
0,0.75,0
0,0.85,0
0,1.35,0
0,0.85,0
0.05,0.95,200|200
0,0.75,0
0,0.85,0
0.91;0.02,1.35,200
0,0.75,0
0,1.35,0
0.03,0.85,200
0,0.55,0
0.04,1.15,204|200
0,0.55,0
0.86;0.54;0.43;0.4;0.34,1.35,200
0,1.45,0
0,1.75,0
0,0.95,0
0,1.35,0
0.55;0.52;0.32;0.2;0.19,0.95,200
0,1.45,0
0,0.85,0
0,1.35,0
0.91;0.64;0.47;0.43;0.4,0.95,200
0.31;0.11;0.05;0.05,0.95,200|200
0,0.85,0
1.2,1.35,200
0,0.65,0
1;0.92;0.44;0.36;0.32,1.35,200
0,0.85,0
0,0.65,0
0,0.75,0
9.43;1.6;1.08;1;0.97,1.35,200
0,0.85,0
0,1.35,0
0,0.75,0
0,1.35,0
0,0.95,0
0,0.85,0
0,0.85,0
0,0.85,0
0,1.35,0
3.03;1.29;0.8;0.54;0.43,1.45,200
0.8;0.76;0.4;0.18;0.08,0.65,200
0.99;0.93;0.6;0.39;0.36,1.35,200
0,0.85,0
0.08,1.15,200|200
0,1.35,0
0,1.35,0
0,0.65,0
0.93;0.65;0.63;0.27;0.2,1.35,200
0,1.15,0|0
0,0.85,0
0.07;0.03,0.95,200
0,0.95,0
0,1.15,0|0
0,0.65,0
2.2;1.84;0.86;0.32;0.24,1.35,200
0,0.75,204
0.83;0.11;0.11;0.08;0.03,0.95,200
0,1.35,0
0.98;0.28;0.04;0.01,0.95,200
0,0.55,0
2.75;0.44;0.42;0.32;0.17,1.35,200
2.4,0.75,200
0,1.15,0|0
0.43;0.4,1.35,200
0,0.75,0
0,0.85,0
0.32,0.85,200
0,0.95,0
0,1.35,0
0.03,0.85,200
0,0.85,0
0,1.35,0
0,0.85,0
0.01,0.55,200
0,1.45,0
0,0.95,0
0,1.15,0|0
0,1.35,0
0,0.75,0
1;0.36,0.75,200
0.12;0.02;0.02,1.35,200
0,0.75,0
0,1.35,0
0,0.65,0
0,1.35,0
0,0.95,0
0,1.35,0
0.21,1.35,200
0,1.35,0
0,0.75,0
0,0.95,204|204
0,0.65,204
1.16;0.64;0.38;0.28;0.28,0.55,200
0,0.75,0
2.4;1.44;0.53;0.28;0.13,0.95,200
0,1.35,0
0,0.85,0
1.71;0.54;0.52;0.24;0.24,1.15,200
0,1.35,0
1.28;0.69;0.64;0.52;0.4,0.55,200
19.87;4.05;4;1;0.64,1.15,200
0,0.95,0
0,1.45,204
0.8;0.64;0.54;0.35;0.3,0.95,200
1.08;0.07,1.35,200
1.24;0.02,1.35,200
0,0.55,0
0.05;0.04,0.65,200
0,0.85,0
0.8;0.53;0.12;0.12;0.07,0.75,200
0.83;0.19;0.1,1.35,200
0,1.15,0|0
1.56;0.71;0.24;0.21;0.2,0.85,200
0.14;0.06;0.02,0.85,200
0,0.95,0|0
0,0.65,0
0,0.95,0
0,0.85,0
0,1.35,204
0,0.85,0
0,1.45,0
0,0.65,0
2.47;1.46;0.8;0.6;0.4,1.75,200
0,0.55,0
0,1.35,0
0,0.65,0
0,0.85,0
0,0.95,0
0.44;0.08;0.05,1.75,200
0,0.95,0
0,0.75,0
0,0.65,0
0,1.35,0
0,1.35,0
1.49;1;1;0.65;0.36,0.95,200
0,0.85,0
1.32;0.72;0.51;0.32;0.2,1.35,200
0.52;0.15;0.02,1.35,200
0,1.35,0
0,0.75,0
0,1.35,0
0.28;0.16;0.1,0.75,200
1.66;1.44;0.86;0.68;0.51,1.15,200
0,0.85,0
0,0.95,0|0
0,1.45,204
0,0.95,0
0,1.35,0
0,0.85,0
0,0.65,0
0.68;0.28;0.27;0.2;0.09,0.95,200
0,1.35,0
0,1.35,0
2.26;0.8;0.18;0.07;0.06,0.55,200
0,0.95,0
0,0.65,0
0,0.65,0
0,0.75,0
0.28;0.13,0.75,200
0,0.75,0
0,0.95,0
0,0.65,0
0,1.75,0
0,1.15,0|0
0,1.35,0
0,0.65,0
0,0.65,204
0,0.75,0
0,0.85,0
1.35;1.12;0.64;0.6,1.45,200
0,0.85,0
0,0.95,0|0
0.39;0.25;0.08;0.04;0.04,0.95,200
0,0.85,0
0,0.85,0
0,1.45,0
0.52;0.2,1.35,200
0,0.95,0|0
0,0.75,0
0.1,1.35,200
0,0.85,0
0,0.85,0
1.04;0.8;0.8;0.6;0.14,1.35,200
1.8;1.29;1.24;0.8;0.71,1.15,200
0,1.45,0
0,0.55,0
1.6;1.2;0.52;0.49;0.38,1.35,200
0,0.75,0
0,0.95,0
2.4;1.18;0.68;0.56;0.42,1.35,200
0,0.85,0
0,0.75,0
0,1.35,0
0,0.65,0
0,0.95,0|0
0,1.35,0
0,1.35,0
0,0.75,204
0,0.95,0|0
0.8;0.21;0.2;0.14;0.08,1.35,200
0,0.95,0
2.4;0.68;0.24;0.2;0.11,1.35,200
0,0.75,0
1.1;0.81;0.8;0.63;0.6,1.35,200
0,1.35,204
0,1.75,0
1.98;0.25;0.12;0.1;0.08,0.95,200
0.56;0.32;0.24,0.65,200
0.81;0.76;0.74;0.43;0.27,1.45,200
0,0.65,0
0,1.35,0
0,0.65,0
0,0.95,0|0
0,0.85,0
0,1.35,204
0.04,0.85,200
0.04;0.02,1.35,200
0.84;0.84;0.8;0.72;0.32,1.35,200
0,1.35,0
0,1.35,0
0.84,1.35,200
3.18;1.27;1.05;0.93;0.8,1.35,200
0,1.35,0
0,1.35,0
0.2,1.35,200
0,0.95,0|0
3.92;1.09;0.37;0.25;0.09,1.35,200
0.12,0.85,200
0.18;0.12,0.85,200
11.99;0.84;0.32;0.1;0.1,1.35,200
0,0.85,0
0.8;0.28;0.04,1.35,200
0,0.95,0|0
0,1.35,0
0,1.35,0
0,1.45,204
0,0.75,0
0,0.75,0
0,0.75,0
0.4;0.09,1.35,200
0,0.75,204
0.52;0.43;0.12;0.08,1.35,200
0.12;0.02,0.95,200
0,0.75,0
0,0.65,0
0,0.75,0
0.27,0.75,200
0,0.95,0
0,1.35,0
0,0.95,0
0,1.35,0
0,1.45,0
0,0.85,0
0,1.35,0
0,0.65,0
0.09,0.75,200
0,1.35,0
0,0.65,0
12;2.6;1.24;0.8;0.52,1.35,200
2.47;1.11;0.46;0.39;0.39,0.55,200
0.22;0.04,0.95,200
0,0.65,0
0,0.95,0
4.16;1.48;0.8;0.58;0.27,1.45,200
0.8;0.8;0.28;0.16;0.09,1.35,200
0,0.75,0
0,1.35,0
0,1.35,0
0,1.35,0
0,0.85,0
0,0.65,0
0,1.35,0
0,0.75,0
0.54;0.32;0.09,0.65,200
0,0.75,0
0,1.35,0
0,0.65,0
2.12;1.09;0.99;0.83;0.59,1.35,200
0.4;0.38;0.2;0.04,0.95,200|200
0,0.95,0
0.83;0.36;0.17;0.08,0.65,200
0.51;0.01,0.85,200
0,1.35,0
0,0.75,0
0,0.75,0
0,1.35,0
5.58;4.1;1.7;1.18;0.32,1.35,200
0,0.75,0
0,0.85,0
0,0.85,0
2;0.49;0.36;0.24;0.07,1.45,200
0,0.95,0
0,0.85,0
2.66;1.44;0.64;0.22;0.12,1.35,200
0,0.65,204
0,0.75,204
0,1.35,0
1.12;1;0.11;0.1,0.95,200
23.43;2.36;2.23;1.85;1.2,1.35,200
0.2,1.15,200|200
0,0.95,0|0
0,0.65,0
0.06,0.65,200
0.02;0.02,1.35,200
0,0.75,0
0,0.55,0
0.05;0.04;0.02;0.01,0.85,200
0,0.65,0
0,0.65,0
0,0.65,0
0.21;0.02,1.35,200
1.84;0.43;0.01,0.85,200
1.84;0.01,0.85,200
0,0.65,0
0.12,0.85,200
0,0.75,0
0,0.85,0
0.64;0.4;0.07,0.85,200
0,1.35,0
0.32;0.08;0.04,1.35,200
0.63;0.5;0.48;0.38;0.1,0.95,200
0,0.65,0
0,1.75,0
0,1.35,0
0,1.45,0
0,0.75,0
0.04,1.35,200
0,0.85,0
0,0.85,0
0,0.75,0
0,0.95,0
0.05,0.65,200
0.8;0.44;0.2;0.08,0.95,200
0,1.75,0
0,1.75,0
0,1.35,204
0,0.85,0
0,1.35,0
0.56;0.4;0.26;0.19;0.16,0.95,200
0,1.35,0
2.47;1.95;0.7;0.6;0.57,1.35,200
9.6;1.18;1;0.41;0.4,1.35,200
0.12;0.05,0.95,200
0,0.95,0|0
0,0.65,0
0,0.65,0
0,1.35,0
0,1.35,0
0,0.95,0
0,1.35,0
0,0.95,0|0
0,0.95,0
0,1.35,0
0,1.35,0
0.91;0.13;0.09,0.65,200
1.37;1.36;1;0.56;0.41,1.35,200
0.85;0.24;0.24;0.2;0.09,1.45,200
1.64;0.2,1.15,200|200
0.2;0.07,1.45,200
0,1.35,0
0,1.45,0
0,1.35,0
1.13;0.12;0.07,1.45,200
0,0.95,0
0,0.75,0
0,1.35,0
0,1.35,0
0,0.65,204
0,0.85,0
0,0.65,0
0,0.75,204
2.06;0.93;0.8;0.72;0.34,0.55,200
0,1.35,0
3.32;2.37;0.54;0.42;0.32,1.35,200
0,0.95,0
1.07;0.8;0.26;0.22,1.45,200
0.07;0.04,0.65,200
0,0.75,0
0,1.35,0
10.09;3.03;2.23;1.76;1.15,1.35,200
2;0.8;0.57;0.24;0.19,1.75,200
0.81;0.17,1.15,200|200
0.04,0.95,200
1;0.48;0.17;0.12;0.03,1.35,200
0,0.55,0
0,0.95,0|0
0,0.75,204
0,0.65,0
0,1.35,0
0,1.35,0
0,0.85,0
0,0.85,0
0,0.75,0
33.32;3.8;1.6;0.55;0.41,1.35,200
0,1.75,0
0,1.35,0
0,0.75,0
0,0.65,0
2.4;1.84;1.44;0.68;0.44,1.15,200
0,0.85,0
0,0.85,0
0,1.75,0
14.59;5.75;2.24;1.49;1.13,1.35,200
0.12;0.11,1.35,200
0.8;0.8;0.58;0.48;0.17,1.35,200
0,0.75,0
0,0.95,0|0
0.82;0.8;0.51;0.2;0.15,1.35,200
0.32;0.11;0.02,1.45,200
0,0.65,0
0,0.65,0
0.32,1.75,200
2;1.19;0.78;0.57;0.54,1.35,200
0,0.75,0
0,0.95,0
0,1.35,0
0,0.95,204
0,1.35,0
0,0.85,0
0,1.35,0
0,1.75,0
0,0.85,0
0,0.85,0
0,0.95,0
0,0.65,0
1;0.68;0.64;0.32;0.19,1.35,200
0,0.85,0
0,0.95,0
0,0.95,0
2.4;0.07,1.45,200
0,0.95,0
0.65;0.28,1.35,200
0,0.65,0
2.2;1.24;0.52;0.4;0.37,1.75,200
0,1.45,0
0,0.95,0
0,1.35,204
0,0.85,0
0,0.65,0
0,0.65,0
0,0.95,0
0.07,1.35,200
1.52;0.02,1.35,200
1.16;1.04;0.4;0.38;0.12,1.75,200
0,0.95,0
0,0.95,0
0.2;0.09;0.08;0.04,1.35,200
0,0.65,0
0,1.15,0|0
0,0.65,0
0,0.65,0
0,0.75,0
0,0.75,0
0.21;0.08;0.04,0.65,200
0,0.65,0
0.05,0.85,200
0,0.65,0
0.07,1.35,200
0,1.35,0
0,0.65,0
0,0.75,0
0.36;0.02,1.45,200
0,1.35,0
0,0.95,0
0.8;0.13;0.02;0.01,1.35,200
0,1.35,0
3.8;3.68;1.3;0.68;0.4,1.35,200
0,0.95,0|0
0,1.75,0
4;0.93;0.32;0.29;0.26,1.45,200
0.33;0.19;0.16;0.09,1.35,200
0.06,0.85,200
0,1.35,0
0,0.65,0
1.75;0.54;0.43;0.1,1.35,200
0,1.45,0
0,1.15,0|0
0.8;0.74;0.38;0.15;0.12,0.95,200
0,0.85,0
0,1.35,0
0.24;0.17;0.04,0.55,200
0,0.75,0
2.4;1;0.94;0.09;0.09,1.35,200
0,0.85,0
0,0.65,0
0,0.85,0
0,1.35,0
0,0.75,0
0,1.35,0
0.36;0.15;0.08;0.07;0.04,1.15,200|200
0,0.65,0
3.03;0.84;0.8;0.76;0.68,0.55,200
0,0.85,0
0.64;0.38;0.29;0.28;0.25,0.85,200
0,0.75,0
0,1.35,0
0.8;0.44;0.2;0.17;0.09,1.35,200
0.01,1.35,200
0,1.35,0
0,1.15,0|0
0,1.35,0
0.43;0.4;0.36;0.06,0.95,200
0.8;0.17;0.16;0.09;0.08,1.35,200
0,1.35,0
0,0.65,0
0.21;0.2;0.01,0.55,200
2.87;0.72;0.27;0.25;0.22,1.35,200
0,0.95,0
0,1.75,0
0,0.95,0|0
0.04,1.35,200
0,0.55,0
0.05,1.35,200
0.54,1.35,200
0.2;0.14,1.35,200
0,0.75,0
0,1.15,0|0
0,0.85,0
0,0.65,0
2.4;0.43;0.27;0.08,0.95,200
0.21;0.12;0.09;0.09;0.06,0.75,200
0,0.85,0
1.84;1;0.53;0.52;0.24,1.15,200
0,0.75,0
0,1.35,0
0,0.85,0
0.27;0.12;0.09;0.02,1.35,200
0,1.45,204
0,0.85,0
5.05;2.18;0.71;0.64;0.22,1.75,200
0.88;0.85;0.57;0.23;0.22,1.35,200
0,0.85,0
0.12;0.08,0.75,200
0.16,1.35,200
0.07,0.95,200|200
0,1.35,0
0.74;0.58;0.57;0.54;0.4,1.75,200
0,1.35,0
0,1.35,0
0,0.85,0
0,0.95,0
0,0.75,0
0.2,0.55,200
0,0.55,0
0,1.15,0|0
0,0.65,0
0,0.95,0|0
0,0.65,0
0.27;0.16;0.08,0.65,200
0,0.65,0
1.28;0.44;0.31;0.09,0.95,200
0,0.85,0
0.8;0.6;0.44;0.28;0.26,0.85,200
0.8;0.08;0.08;0.02,0.65,200
0,0.65,0
0,0.95,0
0,0.65,0
16;0.6;0.56;0.52;0.36,1.15,200
1;0.83;0.8;0.56;0.27,1.35,200
0,0.95,0
0,0.85,0
0,0.85,0
0,0.95,0
1.06;0.69;0.25;0.06;0.02,0.85,200
0.8;0.68;0.28;0.25;0.2,1.35,200
0.28;0.02,0.65,200
0,0.65,0
0,1.35,0
0,1.35,0
0,0.65,0
0,0.75,0
2.4;0.64;0.32;0.24;0.24,1.35,200
0.87;0.64;0.4;0.39;0.32,1.15,200|200
0.69;0.26;0.24;0.04,1.35,200
2.08;1.72;1;0.54;0.46,1.15,200
1.8;0.57;0.54;0.21;0.12,0.95,200
0,1.35,0
0,0.75,0
0,0.95,0|0
0,1.75,0
0.8;0.36;0.08,0.55,200
0,0.95,200|204
0,0.65,0
0,0.85,0
0,0.75,0
1.19;0.69;0.42;0.36;0.11,1.15,200
0,0.75,0
0,0.75,0
0,0.75,0
0.64;0.08;0.07;0.02,0.85,200
0,1.75,0
0,1.75,0
0,0.65,0
0,1.35,0
0.59;0.56;0.02;0.01,1.35,200
0,0.85,0
0,0.95,0|0
0,0.75,0
0,0.75,0
0,1.35,0
0,0.65,0
2.4;2;1.06;0.48;0.43,0.55,200
0,0.95,0
0,0.75,0
0.28;0.23;0.21;0.09;0.08,0.95,200
0,1.35,0
0,0.65,0
0,0.95,0
0,1.35,0
0,0.85,0
1.12;0.34;0.08;0.06,1.35,200
0,0.95,204
1.5;1.42;0.64;0.58;0.57,1.15,200
0,1.35,0
0.12;0.07,1.35,200
0,1.35,0
2.24;1.68;0.8;0.52;0.4,1.75,200
0,1.35,0
0,0.95,0
0,0.85,0
0.43;0.04;0.04,0.75,200
0,0.85,0
0.36;0.08;0.03,0.75,200
0.66;0.52;0.43;0.37;0.24,1.35,200
1.61;1.21;1;0.72;0.68,0.95,200
0,0.95,0
0.76;0.6;0.1;0.07;0.07,0.65,200
0.1;0.09;0.07;0.07,0.65,200
0,0.75,0
0,0.65,0
0,0.55,0
0,0.95,0
0,0.75,0
0.84;0.8;0.59;0.34;0.19,0.95,200|200
2.08;0.64;0.24;0.19;0.09,0.55,200
0.8;0.36;0.24;0.15;0.08,1.45,200
2.24;1;0.93;0.55;0.33,0.95,200
0,1.15,0|0
0,0.85,0
0.08,0.95,200
0.89;0.64;0.6;0.12;0.08,1.35,200
0.07;0.02,0.95,200|200
0,0.75,0
0,0.75,0
2;1;0.54;0.21;0.07,1.35,200
0,0.75,204
0,0.75,0
0,0.55,0
0,1.35,0
0,0.95,0
0,1.35,0
0,0.65,0
1.03;0.68;0.67;0.29;0.04,1.35,200
0,0.65,0
0.84;0.2,1.35,200
1.24;0.8;0.01,0.65,200
0,0.65,0
2.58;0.84;0.2;0.04,0.95,200
0,1.45,0
0,0.95,0
0,0.65,0
0.02,1.35,200
0,0.55,0
0.68;0.04,1.35,200
0,1.35,0
2.87;0.5;0.32;0.24;0.18,1.35,200
0.88;0.8;0.73;0.14,0.65,200
0.91;0.05,0.95,200
0,1.35,0
0,0.95,0
0,0.55,0
0,0.95,0
0,0.65,0
0,0.65,0
0,0.55,0
0,1.35,0
0,0.65,0
1.84;0.55;0.29;0.28;0.09,1.15,200
0.2,0.55,200
0.04;0.02,0.65,200
0,0.65,0
0,0.95,204|204
0.8;0.43;0.35;0.24;0.22,1.35,200
0,1.35,0
0,1.35,0
0,1.35,0
1,0.95,200
0.8;0.4;0.29;0.28;0.08,0.95,200|200
0,1.35,0
0.32;0.11,0.85,200
0,0.65,0
0.8;0.54;0.37;0.34;0.32,1.15,200|200
0,0.55,0
1.58;0.87;0.83;0.54;0.47,1.35,200
0.74;0.72;0.54;0.3;0.22,0.95,200
0,0.65,0
0,0.75,0
0,0.95,0
0,0.95,0
0,0.75,0
0,0.85,0
0,1.35,0
0,0.75,0
0,0.85,0
0,0.75,0
0.69;0.53;0.51;0.21;0.19,0.65,200
0,0.85,204
1.2;0.45;0.44;0.28;0.23,1.15,200|200
0,0.85,0
0.76;0.71;0.32;0.1,0.95,200
18.72;1.83;0.8;0.58;0.44,1.35,200
3.32;1.29;0.24;0.19;0.08,1.35,200
0,1.45,0
0,1.45,0
0,0.75,0
0,0.75,0
2.4;0.8;0.73;0.33;0.32,1.15,200
0,1.35,0
0,0.95,0|0
0,0.95,0
0,1.35,0
2.4;1.48;0.56;0.55;0.54,1.35,200
0.08,0.95,200
0.5;0.4;0.24;0.2;0.09,1.35,200
0,0.65,0
0.77;0.32;0.21;0.15;0.04,0.95,200
0,1.35,0
0.16,0.75,200
0.09;0.04,0.55,200
0,0.75,0
0,0.75,0
0,1.35,0
0,1.75,0
0,0.85,0
0,0.75,0
0,0.55,0
0,0.85,0
0.8;0.46;0.21;0.11;0.07,1.35,200
0.07;0.04;0.02,0.75,200
0,0.65,0
0,0.55,0
0,0.85,0
0,0.65,0
0.8;0.02,1.35,200
0,0.75,0
0,0.65,0
0,0.85,0
2;0.27;0.15;0.08,0.75,200
0.8;0.24;0.2;0.1;0.09,0.85,200
0,0.55,0
0.8;0.51;0.35;0.21;0.2,0.95,200
0,1.35,204
0,0.85,0
0,0.75,0
0.64;0.16,0.95,200
0.04,1.75,200
0,1.45,0
0.23;0.17,0.85,200
0,0.65,0
0,0.95,0
0,0.85,0
0,0.75,0
0.8,1.35,200
0.01,0.65,200
0,0.75,204
1.65;0.42;0.26;0.23;0.2,1.15,200
0.12;0.02,1.35,200
0,0.75,0
2.4;1;0.74;0.63;0.56,1.75,200
0.04,0.65,200
0,0.75,0
0.12;0.08;0.05;0.02,1.35,200
0,0.95,0
0,0.75,0
0,1.75,0
2.87;0.19;0.12;0.09;0.08,0.85,200
0.35;0.12;0.11,1.35,200
1.14;1.04;0.69;0.52;0.4,1.45,200
0,0.95,0|0
1.12;1;0.65;0.63;0.6,1.35,200
0,0.75,0
0,0.65,0
0,1.45,0
0,1.35,0
0.02,1.45,200
1.22;0.97;0.48;0.4;0.32,0.55,200
0,1.15,0|0
0.52;0.24;0.02,0.95,200|200
8.8;0.89;0.55;0.28;0.17,1.35,200
3.29;3.15;0.83;0.6;0.32,1.35,200
0,0.95,0
0,1.35,0
0,0.75,0
0.72;0.54;0.4;0.36;0.21,1.35,200
6.4;1.76;0.8;0.52;0.36,1.15,200
2.93;0.68,0.55,200
0,1.75,204
0.36;0.07,0.65,200
0,0.65,0
1;0.39;0.33;0.21;0.1,1.35,200
0,0.95,0
0.2,0.55,200
0,1.35,0
0.68;0.36;0.09;0.08,1.35,200
0,0.65,0
0,0.85,0
0.56;0.36,0.95,200
0,0.95,200|204
0.15,0.75,200
0,1.35,0
0,0.65,0
1.2;0.02,1.35,200
0,1.35,0
0,0.85,0
1.65;1.14;1.04,1.35,200
0,0.95,0
2;1.81;0.4;0.32;0.19,1.45,200
7.2;1.64;1.13;0.8;0.6,1.35,200
0,0.75,0
0,0.65,0
0,1.15,0|0
0,1.35,0
0.68;0.65;0.17;0.14;0.14,0.95,200
1;0.43;0.26;0.12,1.35,200
0,0.65,0
0.93;0.78;0.68;0.64;0.54,0.55,200
0,0.95,0|0
0.43;0.3;0.24;0.23;0.1,1.35,200
0,0.85,0
0.68;0.47;0.34;0.34;0.26,0.95,200
1.68;0.28;0.2;0.07,0.95,200
0,0.65,0
0,1.35,0
0,0.65,204
0,0.95,0|0
0.3;0.2;0.07,0.95,200
3.05;1.6;0.34;0.18;0.12,1.35,200
0,0.85,0
0,1.75,204
0,1.35,0
0,0.95,0
0.02,1.15,200|200
0,0.65,0
0,0.65,0
0,1.75,0
0,0.85,0
0,0.95,0
0,1.35,0
1.81;0.43;0.08;0.04;0.01,1.75,200
0,1.45,204
0,1.35,0
0,0.95,0
0,0.75,0
0.94;0.5;0.41;0.4;0.35,1.35,200
0,0.95,0
0,1.35,0
0,0.75,0
0,0.85,0
0,0.65,0
0.85;0.06,0.55,200
0,1.15,0|0
0,1.75,0
80;0.09;0.04;0.04,1.75,200
0,1.35,0
0,0.85,0
0,0.75,0
36;1.91;1.27;0.8;0.6,1.35,200
0,1.15,0|0
0,1.35,0
0,0.85,0
0.04,1.15,200|200
1.81;1.36;1;0.54;0.09,1.35,200
0,0.75,0
0,1.35,0
0,1.35,0
0.18,0.95,200
0,0.75,204
0,1.35,0
1;0.64;0.61;0.5;0.34,1.35,200
0,0.75,0
0,0.95,0|0
0,1.35,0
0.2;0.07;0.05;0.02,1.15,200|200
0,0.75,0
0,0.75,204
0,0.85,0
0,0.95,0
0,1.35,0
0,0.75,204
0,1.35,0
0,0.75,0
3.2;1.2;0.8;0.68;0.34,0.95,200
0,1.35,0
0,0.85,0
0,1.45,0
0,0.95,0
1.73;1;0.83;0.8;0.22,1.35,200
0,0.85,0
2.51;0.8;0.67;0.36;0.13,1.35,200
0,1.15,0|0
0,0.85,0
0,0.75,0
0,0.85,0
1.64;1;0.44;0.2;0.12,0.95,200
2.47;1.4;0.89;0.8;0.76,1.35,200
2;1.71;1.32;0.88;0.66,1.45,200
0,0.75,0
1;0.39;0.18;0.09;0.05,1.35,200
0,0.75,0
0,1.75,0
0,0.85,0
0.2,1.35,200
0,0.85,0
0,0.85,0
0.8;0.36;0.17;0.15;0.08,0.85,200
0.64;0.56;0.27;0.24;0.04,0.65,200
0,0.65,0
0,0.95,0|0
0,0.85,0
0,1.35,0
0.3;0.01,0.95,200
1.29;0.92;0.32;0.24;0.13,1.35,200
0.61;0.17;0.1;0.07,0.85,200
0,0.95,0|0
0.8;0.68;0.21;0.11;0.09,0.95,200
0.2,1.15,200|200
2.36;1;0.84;0.54;0.21,1.35,200
0.72;0.56;0.26;0.12;0.08,0.95,200
0,1.35,0
0,1.15,0|0
0.07,1.45,200
0,0.85,0
0,0.75,204
0,0.95,0
0,1.35,0
0.04,1.35,200
1.58;1.49;0.93;0.74;0.57,0.95,200|200
0,0.95,0
0,1.35,0
0,0.85,0
0.36;0.02;0.01,0.85,200
0,0.85,0
0,0.75,0
3.2;2.71;2.16;1.18;1.04,1.75,200
0,0.65,0
0,0.75,0
0,0.85,0
0,0.75,0
0.03,0.95,200
0,0.85,0
0,0.85,0
0,1.15,0|0
0.2;0.02,0.85,200
0,1.35,0
0.04,1.15,200|200
0,0.75,0
0,1.35,0
0,0.75,204
0,0.95,204
1.08;0.86;0.52;0.31;0.28,0.55,200
0,1.35,0
0,0.95,0
0,0.75,0
0,1.35,0
0,1.35,0
0,1.35,0
0,1.15,0|0
0,0.85,0
0,0.65,0
3.48;0.42;0.24;0.24;0.06,1.15,200
0,0.85,0
2.4;1.52;0.77;0.36;0.11,1.35,200
3.03;1.64;0.68;0.55;0.45,0.95,200
0,0.65,0
1;0.24,0.95,200
0.09,1.45,200
0,0.85,0
0,0.85,0
0.35;0.3;0.09,1.35,200
0,0.85,0
1.74;0.84;0.64;0.39;0.36,0.65,200
0,1.35,0
0,0.65,0
0.24,1.45,200
0,0.95,0
0,1.35,0
1.41;0.6;0.23;0.2;0.19,0.95,200
0,0.75,0
0,0.65,0
0.72;0.4;0.12;0.11,0.85,200
0.3,0.75,200
0.08,0.75,200
1.52;0.35,1.35,200
0,1.35,0
0,0.75,0
1.8;0.72;0.5;0.47;0.1,1.35,200
0,0.85,0
0,0.75,0
1.77;1.6;1.29;0.48;0.48,0.95,200
0,0.85,0
2.92;2.56;0.8;0.68;0.6,1.35,200
1;0.07;0.02,1.45,200
0.64;0.51;0.22;0.09;0.08,1.35,200
0,0.85,0
0,0.85,0
0.74;0.04,0.95,200
0,0.65,0
0.64;0.36;0.16;0.13;0.12,0.95,200
0,1.45,0
0,0.85,204
0.2,0.85,200
0,0.85,0
0,0.65,0
0.89;0.8;0.77;0.29;0.1,1.15,200|200
0,0.75,0
0,0.75,0
0.28;0.16,1.45,200
0.24;0.13;0.08;0.04,1.35,200
0,1.15,0|0
0,0.65,0
0,0.75,204
0,0.75,0
0,1.35,0
0.8;0.45;0.29;0.28;0.24,0.55,200
0.88;0.34;0.24,0.95,200
0,1.75,204
0.91;0.59;0.5;0.05,1.35,200
0.74;0.6;0.56;0.54;0.32,1.35,200
1.43;1.08;0.72;0.64;0.33,1.15,200
0,0.95,0|0
1.26;1.19;0.67;0.56;0.4,0.95,200
0,0.95,0
0,0.75,0
0,0.95,0|0
0,0.75,0
0.83;0.2,0.85,200
0,0.95,0
0,1.75,0
0,0.75,204
0,1.35,0
0,1.45,0
0.4;0.12;0.04,1.35,200
0,0.65,0
0,0.65,0
0,0.85,0
0.8;0.63;0.63;0.55;0.54,0.55,200
0,0.65,0
0,1.35,0
0,1.35,0
0,1.35,0
0,0.75,0
0,1.75,0
0,0.95,0
0,0.55,0
0,0.65,0
0,0.65,0
0,0.55,0
0,0.75,0
1.84;0.74;0.67;0.6;0.58,1.35,200
1.32;0.99;0.93;0.74;0.41,1.35,200
0,0.85,0
0.12,0.95,200
0,1.45,0
0,0.95,204|204
0,1.75,0
0,0.85,0
4.4;1.56;0.49;0.44;0.28,0.55,200
0.8;0.42;0.14;0.09,0.95,200
0.16,1.35,200
0,0.75,0
0,0.95,204
0,0.95,0|0
0,0.75,0
2.66;0.89;0.64;0.43;0.12,1.35,200
0.24,1.35,200
1,0.75,200
6.76;0.74;0.21;0.2;0.09,1.35,200
0,1.35,204
0,0.95,0|0
0,0.75,0
0,1.75,0
0,0.65,0
0.44,0.75,200
0,1.45,0
6;0.8;0.68;0.63;0.6,1.45,200
0.49;0.32;0.1;0.01,1.35,200
0,0.85,0
0,0.65,0
0,0.75,204
0,1.35,0
0.14,0.55,200
0,0.65,0
1.26;0.75;0.73;0.49;0.18,1.45,200
0,0.95,0|0
3.32;0.8;0.63;0.32;0.2,0.55,200
0,0.75,0
0,0.95,0
0.39;0.24;0.06,1.35,200
0.04;0.02,1.45,200
0,1.15,0|0
7.56;0.93;0.8;0.48;0.2,1.35,200
0,0.65,0
0.2,1.35,200
1.2;1;0.83;0.32;0.24,1.35,200
0.34;0.01,0.75,200
1.29;1;0.55;0.28,1.15,200
0,1.75,0
0.8;0.56;0.36;0.12;0.12,0.85,200
0,0.55,0
0,0.75,0
0,0.75,204
1.13;0.38;0.38;0.32;0.14,0.95,200
0,1.35,0
0,1.35,0
3.03;0.8;0.56;0.5;0.45,1.35,200
0.64;0.6;0.36;0.27;0.24,1.35,200
0,0.95,0|0
0,0.55,0
0.74;0.6;0.54;0.42;0.32,1.75,200
0,1.15,0|0
0,0.95,0
0.06,1.35,200
0,0.95,0
0.22,1.45,200
0,0.85,0
0,1.75,0
0,0.65,0
0,1.35,0
0.01,1.35,200
0,1.35,204
0,0.85,0
0,0.65,0
0.44;0.2,1.35,200
0,0.85,0
0,1.35,0
4.96;1.76;0.7;0.5;0.03,1.35,200
0,0.65,0
0,0.65,0
0,0.65,204
0,0.95,0|0
0,0.95,0|0
2.24;1.96;1.49;0.28;0.08,1.35,200
0,1.45,0
0.6;0.47;0.44;0.08;0.07,1.35,200
0,0.95,204
0,0.95,0
0.04,0.55,200
0,1.75,0
0,0.65,0
0.65;0.64;0.56;0.54;0.48,1.15,200|200
0,0.65,0
1.08;0.64;0.56;0.43;0.41,0.55,200
0,0.75,0
0,1.35,0
0,0.95,0
0.23,0.75,200
2.64;2.26;0.74;0.65;0.62,0.55,200
0,1.35,0
0.2,0.95,200|200
0,1.35,204
0,0.65,0
0,0.75,0
0.32;0.04,1.75,200
0,0.85,0
0,1.75,0
0,0.85,0
2.4;2.2;0.88;0.74;0.57,1.35,200
0,0.65,0
0,0.75,0
0.83,0.95,200
0,0.65,0
0,0.65,0
0,0.65,0
0.04;0.01,0.95,200
0,0.95,0
0,0.65,0
0.58;0.43;0.33;0.15;0.09,1.35,200
0,0.65,0
0,0.75,0
0.8;0.64;0.13;0.11;0.07,1.35,200
0,1.45,0
0,0.75,0
0,0.75,0
0,0.85,0
0,0.65,0
0,0.95,204
0,0.65,0
0,1.35,0
3.32;0.8;0.5;0.24;0.01,0.95,200
6.44;2.8;1.89;0.64;0.4,1.35,200
0,0.95,0
0,1.35,0
0,0.85,0
0,0.75,0
0,1.35,0
0,0.65,0
0,0.85,0
1.22;0.43;0.16;0.04,0.95,200
0.79;0.68;0.63;0.6;0.2,1.35,200
0,1.35,0
0,0.65,0
0.41;0.17;0.04;0.02,1.35,200
0.94;0.05,1.35,200
0,0.65,0
0,1.35,0
0,1.35,0
0,0.65,0
0.63;0.6;0.54;0.39;0.12,0.55,200
0,0.95,0|0
0,0.55,0
0.01,0.65,200
0,0.75,0
0,1.35,0
0,0.65,204
0,0.75,0
0,1.75,0
0,0.65,0
0,0.75,0
0.74;0.43;0.28;0.15;0.07,1.15,200|200
0,1.35,0
0,1.35,0
0,1.35,0
0.28;0.16;0.13,0.65,200
1.3;1.12;1.09;0.8;0.28,1.35,200
0,1.45,204
0.12,0.75,200
3;0.36;0.32;0.2;0.11,0.55,200
0,1.35,204
0.33;0.33,1.35,200
0.07,1.35,200
0,0.65,0
1.36;0.8;0.4;0.21;0.08,1.35,200
0.46;0.27;0.21;0.1,0.95,200
0,1.35,0
0,0.85,0
0,1.75,0
0,1.35,0
0.03,1.35,200
0.28;0.03,0.75,200
0,0.85,0
0,0.65,0
0,1.75,204
0.76;0.54;0.33;0.24;0.05,0.55,200
1.84;1.11;1;0.41;0.32,1.35,200
0,0.75,0
0,1.35,0
6.51;0.01,1.35,200
0.24;0.14;0.03,0.65,200
0.5;0.32;0.24,0.65,200
0,0.85,0
0,0.75,0
0,0.95,0
0,0.75,0
0,0.75,204
0.8;0.68;0.6;0.44;0.44,0.95,200
0,1.75,0
0.16,0.75,200
0,1.35,0
0,0.95,0
0.32,0.65,200
0,1.45,0
0,0.55,0
0,0.85,0
0.2,1.35,200
0.09;0.08;0.03,0.75,200
0,0.95,0|0
0,0.95,0|0
0,0.85,0
0,0.75,0
0.2,1.45,200
0,0.75,0
0.52;0.37;0.31;0.3;0.01,1.45,200
0,1.75,0
0,1.75,0
0,0.85,0
0,0.85,0
0,1.15,0|0
0,1.15,0|0
0,0.65,0
0,1.45,0
0,1.45,0
0.68;0.32,0.75,200
0,1.75,0
0,0.65,0
0.8;0.17;0.01,0.85,200
6.32;1.84;0.72;0.33;0.32,0.95,200
0,0.75,0
0,0.55,0
0,0.85,0
0,1.35,0
0.74;0.43;0.4;0.4;0.2,1.35,200
0,1.35,0
1.56;0.8;0.48;0.41;0.41,1.35,200
0,1.35,0
4.8;1.12;0.93;0.88;0.1,1.35,200
0,0.65,0
0,0.85,0
0,0.85,204
0,1.15,0|0
0,0.85,0
0,0.55,0
0.01,0.75,200
1.03;0.84;0.8;0.56;0.34,1.35,200
0,0.75,204
0,1.35,0
0,1.35,0
0,0.75,0
1.44;1.19;0.8;0.32;0.08,1.15,200
0,0.95,0|0
0,1.35,0
0,0.75,0
0,0.95,0
0,0.75,0
0,0.75,0
0,0.75,0
1.04;0.36;0.09;0.07,1.35,200
2.4;1.77;1.43;0.71;0.64,1.45,200
0,0.55,0
0,1.35,204
0,0.65,0
1.2;1;0.89;0.8,1.35,200
1.37;1.1;0.28;0.24;0.09,0.95,200
0.32;0.04,0.85,200
0.83;0.04,0.95,200
0,0.85,0
0,0.95,0
0,0.85,0
0,0.95,0
0,1.75,0
0,0.95,0
0,0.75,0
0,0.65,0
0.8;0.55;0.41;0.22;0.21,0.95,200
0.8;0.72;0.32;0.24;0.16,1.75,200
0,1.75,0
0,0.65,0
0,0.65,0
3.36;3.12;0.79;0.23;0.11,1.75,200
0,0.85,0
0,1.15,0|0
0,0.85,0
0.55;0.44;0.25;0.2;0.12,0.95,200
0,1.35,0
0,1.75,204
0,0.75,0
0,0.65,0
0,0.95,0
0,0.65,0
0,1.35,0
0,0.95,200|204
0,1.15,0|0
0,0.75,0
0,0.85,0
0,0.95,0
0.2,1.35,200
0.64,1.35,200
0,0.85,0
0,0.75,0
0,0.65,0
0,1.35,0
0.6;0.5;0.2;0.13;0.12,0.55,200
0,0.65,0
0,0.75,0
0,1.35,0
0.2,1.35,200
0,0.85,0
0,1.35,0
0.7;0.2;0.04,1.75,200
0,1.75,0
12;0.74;0.56;0.41;0.22,0.95,200
0.69;0.64;0.24;0.09;0.07,1.35,200
0.3,0.95,200
1.12;0.32;0.09,1.35,200
0,1.35,0
0,0.85,0
0,1.35,0
1.04;0.77;0.43;0.28;0.25,0.95,200
0,0.65,0
0,0.65,0
0,1.35,0
0,0.55,0
0.65;0.24;0.11,1.35,200
0.8;0.69;0.54;0.44;0.4,0.95,200|200
0,1.15,0|0
0,1.35,0
0,1.15,0|0
0,0.75,0
0.2,1.35,200
1.47;0.08;0.08,0.95,200
1.2;0.67;0.52;0.32;0.21,0.95,200
0,0.95,0
0,0.75,0
0,1.35,0
0,1.45,0
0,0.95,0
0,0.95,0
0,1.45,0
0.53;0.42;0.32;0.22;0.07,1.35,200
0.46,1.35,200
0,0.75,0
0.04,1.35,200
0,0.75,0
0,0.95,0
0.02,1.35,200
0,1.35,0
3.2;1.31;0.93;0.86;0.64,1.15,200
0,0.95,0|0
0,1.45,0
0,0.75,0
0.04,1.35,200
0,0.65,0
2.32;0.08;0.04,0.95,200
0.48;0.36;0.19,1.35,200
0,0.55,0
0,0.85,0
0,0.75,0
0,0.75,0
3.32;0.72;0.68;0.21,1.15,200
1;0.44;0.12;0.1;0.07,0.65,200
0,0.95,0
0,0.95,204
0,0.75,0
0,0.95,0
0.6;0.4,0.85,200
0,1.35,0
0,1.35,0
0,1.35,0
0,0.55,0
0,1.15,0|0
0,0.75,0
0,0.65,0
0.14;0.05,0.55,200
0,1.35,0
0.58,0.85,200
0,1.35,0
0,0.65,0
0.8;0.24;0.2;0.16;0.03,0.75,200
1.8;1.38;0.52;0.49;0.48,1.15,200
0.2;0.04,0.75,200
0.43;0.4;0.31;0.14;0.05,0.95,200
0,1.35,0
0.05,1.35,200
0,0.95,0
0.8;0.24,0.75,200
0,1.35,0
1;0.32;0.28;0.24;0.2,0.95,200
0.4;0.31;0.15;0.09;0.06,0.65,200
0,0.65,0
0.84;0.54;0.34;0.16;0.1,1.35,200
0,0.95,0|0
0.04,1.35,200
0.08,0.55,200
0.68;0.43;0.2;0.09,1.35,200
2.8;0.92;0.24;0.08,0.95,200
1.84;0.36;0.15;0.13;0.08,1.15,200
0,1.35,0
2.85;1.23;1;0.65;0.6,1.45,200
0,1.45,0
0.68;0.52;0.09;0.06,0.65,200
0,1.35,0
0,0.85,0
1.64;0.8;0.71;0.44;0.04,1.75,200
0,0.95,0
0,0.75,0
0,0.95,0
0,0.65,0
0.02,0.95,200|200
0.02,1.35,200
0,0.65,0
0.54;0.5;0.43;0.26;0.2,1.75,200
0,1.35,0
0.92;0.65;0.29;0.18;0.17,0.65,200
0.73;0.46;0.28;0.12;0.1,1.35,200
0,0.75,0
0,1.75,0
0,0.75,0
0,0.95,0
0,1.35,0
0,0.75,0
0,0.85,0
0,0.65,0
0.98;0.8;0.43;0.38;0.08,1.35,200
0.2,1.35,200
0.44;0.2,0.55,200
0,0.85,0
0,0.85,0
0.08,1.75,200
7.08;1;0.2;0.19;0.17,1.35,200
0,0.95,0
0,0.65,0
0,0.85,0
0,0.75,0
0,0.95,0
1.18;1;0.7;0.64;0.41,0.65,200
0,0.95,0
3;0.8;0.21;0.06,1.35,200
0,0.95,0|0
0.42;0.32;0.11;0.06,0.65,200
0,0.85,0
0.92;0.52;0.28;0.25;0.24,1.35,200
0,0.85,0
0.2,1.35,200
0,0.65,0
0,0.55,0
0,0.65,0
0.66;0.32;0.26;0.22;0.2,0.85,200
0,1.75,0
0,1.45,204
0,0.95,0
0,0.85,0
2.47;1.38;1.3;1.13;0.68,1.35,200
0,0.75,0
0,1.15,0|0
0,0.85,0
0,0.65,0
1.06;0.68;0.17;0.12;0.07,0.75,200
0,0.95,0
0,0.85,0
0.2;0.17;0.14,1.35,200
0,1.35,0
0,0.65,0
0.36;0.36;0.21;0.2;0.15,1.35,200
0,1.15,0|0
0,0.75,204
0.64;0.31;0.27;0.24;0.21,1.35,200
0,0.55,0
0.04,0.95,200
0,0.65,0
0,0.95,0
0.26;0.19;0.13,1.75,200
0,0.85,0
0.04,1.35,200
0,0.65,0
0,1.45,0
0.8;0.17,0.75,200
0,0.75,0
0,0.65,0
0.86,0.65,200
0,0.55,0
0,0.85,0
0,0.75,204
0.64;0.36;0.36;0.26;0.24,0.55,200
0.19;0.04,0.65,200
0,0.75,0
0,1.35,0
0,0.75,0
0.32;0.04,0.95,200|200
0,1.35,0
0,0.75,0
0,0.65,0
0,0.95,0
0,0.95,0
0.36;0.32;0.05;0.05,1.35,200
0,0.75,0
0,0.75,0
0,1.35,0
0.2;0.04,1.75,200
0.26;0.04;0.01,0.55,200
0,0.95,0
8.98;1.63;1.3;1.28;0.62,0.95,200
0,0.65,0
0,1.35,0
0,1.35,0
0,1.35,0
0.28;0.07,0.75,200
1.63;0.8;0.68;0.41;0.24,1.35,200
0.36;0.32;0.16;0.15,1.45,200
0,1.35,0
0.78;0.5;0.37;0.32;0.15,0.85,200
0.34;0.21;0.16;0.11;0.1,0.55,200
0.22;0.2,1.35,200
0,1.35,0
1;0.2;0.07,0.95,200
0,0.85,0
0,1.35,0
0.64;0.02,0.95,200
1.32;1;0.71;0.19;0.07,1.35,200
0,0.65,0
0,0.75,0
0.24;0.04,0.85,200
0,0.95,0
0.4;0.4;0.26;0.25;0.24,0.65,200
0,0.65,0
0.28,1.35,200
0,1.75,0
0,1.45,204
0,0.95,0
0.24;0.12;0.08,0.85,200
1.84;1.37;0.96;0.75;0.25,1.35,200
0,0.85,0
0,0.65,0
0.69;0.3;0.05;0.04;0.01,0.65,200
4;0.27;0.04;0.04,0.55,200
1.69;1.65;1.6;0.88;0.8,1.35,200
0.8;0.43;0.24;0.14;0.12,1.45,200
0,0.95,0
2.8;0.49;0.09,0.75,200
0.72;0.2,1.75,200
0,0.75,0
0.73;0.48;0.32;0.2;0.13,1.35,200
0,0.65,0
12;1.59;0.6;0.1;0.09,1.35,200
2.32;0.76;0.68;0.3;0.24,1.15,200
0,0.85,0
0,0.75,0
0,1.45,0
2.36;1.19;1;0.8;0.28,1.75,200
1.54,1.35,200
2.26;0.28;0.15,0.85,200
6.66;2.56;0.91;0.68;0.57,1.35,200
3.35;1;0.89;0.86;0.66,0.95,200|200
0,0.65,0
1;0.68;0.48;0.41;0.32,1.45,200
0,1.35,0
2.7;0.6;0.24;0.22;0.06,0.65,200
0,0.85,0
0,0.65,0
0,0.95,0
0,0.75,0
1.96;0.81;0.68;0.67;0.48,1.15,200
0,0.95,0
0,0.75,0
0.85;0.58;0.12;0.08;0.01,1.35,200
1.4;0.93;0.89;0.55;0.37,1.45,200
0,1.35,0
0,0.75,0
0,0.75,0
1;0.54;0.42;0.36;0.25,1.35,200
0.8;0.24;0.2;0.1,1.35,200
0,1.45,0
0,1.45,0
0.2,1.35,200
0,0.65,0
0,0.95,0
0,0.75,0
0,1.35,0
0.24;0.04;0.02;0.01,1.35,200
1;0.42;0.32;0.32;0.2,1.35,200
0.64;0.43;0.14;0.04,0.65,200
1.32;0.68;0.66;0.29;0.27,1.45,200
0,0.95,0
0.33;0.29,0.55,200
2.8;2.56;2.4;2.07;1.64,1.35,200
0.36;0.09;0.06;0.04,0.75,200
0,0.65,0
0,0.95,0
0.55;0.2;0.1;0.07;0.06,0.65,200
0,0.95,0
0,0.75,0
0,0.85,0
0,0.85,0
70.95;1.09;1.02;1;0.99,1.15,200
0,1.35,0
0.68;0.64;0.46;0.28,1.45,200
0,0.65,0
0,0.65,0
0,0.95,0
0,1.35,0
0,1.35,0
0.16,0.75,200
0,1.35,0
0,0.75,0
0.04,1.35,200
0,0.65,0
2.4;1.5;0.8;0.63;0.16,1.15,200
0,1.75,0
0,0.85,0
0.6;0.4;0.16;0.06,0.95,200
1;0.4;0.1;0.09;0.03,0.95,200
0,0.85,0
0,1.15,0|0
0.64;0.25;0.16;0.16;0.07,0.75,200
2.83;2.4;2.37;0.99;0.35,1.35,200
0.36;0.14;0.13;0.02,0.65,200
0,0.95,204|204
0,1.75,0
1.19;0.36;0.28;0.01,0.85,200
0.29;0.28;0.23;0.16;0.12,0.85,200
0,0.65,0
0,0.65,0
1.2;1.12;0.64;0.48;0.25,0.95,200
0,0.85,0
0,1.75,0
0,0.95,0
0,0.75,0
0.54;0.46;0.33;0.23;0.2,1.35,200
0,1.75,0
0,1.35,0
0,0.95,0
0,0.85,0
0,0.65,0
0,0.85,0
0.05,1.45,200
0,1.35,0
0,0.75,204
0,0.85,0
0,1.45,0
0,0.95,0|0
1.32;0.12;0.08;0.05,1.35,200
0.04,1.35,200
1.04;0.36;0.06,1.35,200
0,0.65,0
0.24;0.09;0.08;0.04,0.85,200
0,0.65,0
0.12;0.04,1.15,200|200
0,0.95,204
0.01,0.65,200
0.24,0.95,200
0,0.65,0
0.12;0.12,0.65,200
0.9,1.35,200
0.1;0.02,1.35,200
0,1.35,0
0.43;0.12;0.07;0.01,1.15,200|200
0,1.35,0
0,0.95,0
0.04,1.35,200
0,0.85,0
0,0.75,0
0,0.85,0
0,0.85,0
0,0.75,0
0,0.95,0
0,1.35,0
0.88;0.22;0.06;0.05,1.75,200
0,0.75,0
1.96;1.2;1.12;1;0.41,1.15,200
1.61;0.39,0.75,200
0.12;0.04,0.85,200
0.64;0.37;0.24;0.22;0.21,0.95,200|200
0,0.95,0
0,1.45,0
0,1.35,0
0.1;0.01,0.95,200
0,1.45,0
0,0.95,0
0,0.95,0
0.24,1.35,200
0.14;0.07,0.85,200
0.29,0.75,200
0,0.85,0
0.51;0.14;0.12,0.65,200
0,0.75,0
0,0.75,0
0.65;0.64;0.34;0.25;0.24,0.95,200
0,0.95,0
0,1.45,0
0.03,1.45,200
0.83;0.48;0.35;0.2;0.12,1.45,200
0,1.15,0|0
2.6;2.2;0.8;0.68;0.34,1.35,200
6.4;0.76;0.21;0.19;0.12,1.35,200
0,0.85,0
0,0.75,0
0,0.85,0
0,1.35,0
0,0.55,0
0.12;0.08;0.03,0.65,200
0,0.95,0
0,0.85,0
0,0.75,0
0,0.75,0
0.33;0.24;0.12;0.09;0.03,0.85,200
0.05,0.75,200
1.08;0.6;0.2;0.16;0.09,0.65,200
0,0.85,0
0,0.65,0
0,0.95,0|0
1.35;0.32;0.3;0.3;0.28,1.45,200
0,1.35,0
2.31;0.27;0.23;0.08;0.04,0.85,200
2.3;2;1;0.54;0.3,1.35,200
0,0.65,0
0,0.75,0
0.8;0.41;0.3;0.28;0.21,1.35,200
0,0.65,0
0,0.85,0
0,0.65,0
0,0.75,0
0,0.85,0
0.42;0.4;0.32,0.85,200
0.76;0.42;0.4;0.36;0.11,0.85,200
0,0.85,0
0,1.35,0
0,1.45,0
0,1.45,0
0.27;0.2;0.09;0.04,0.65,200
0.05;0.03,0.85,200
0,0.65,0
1;0.96;0.68;0.4;0.16,1.15,200|200
0,1.45,0
1.04;1;0.88;0.41;0.09,1.35,200
0,0.65,0
0,0.85,0
0.04,1.35,200
0,0.95,0|0
0,1.75,0
3.32;2.4;0.58;0.5;0.25,0.95,200
1.08;0.64;0.41;0.32;0.2,1.35,200
0,0.65,0
2.4;1.49;0.69;0.41;0.31,1.45,200
2;1.68;0.3;0.04;0.03,1.35,200
0,0.75,0
0.24,0.95,200
0,1.35,0
1;0.73;0.49;0.35;0.24,1.45,200
0,1.15,0|0
0,0.75,0
1.01;1;1;0.6;0.54,1.35,200
0,0.75,0
0,0.85,0
0,0.95,0
0,0.85,0
0,0.75,0
0.43;0.27;0.1;0.03,0.75,200
0,1.75,0
0,0.95,0
0,0.95,0
0,0.95,0|0
0,0.85,0
0,0.75,0
0,0.55,0
0,0.65,0
0.64;0.04,0.65,200
0,1.35,0
0.57;0.5;0.32;0.19;0.09,1.35,200
0,0.85,0
0.36;0.04,0.95,200
0.05,0.55,200
0,1.15,0|0
0.12,1.35,200
0,0.85,0
0,0.95,0
0,0.75,0
0.12,1.35,200
0,1.45,0
4.01;0.77;0.72;0.6;0.55,0.55,200
0,1.35,0
0,0.65,0
0,0.65,0
0,0.85,0
0.64;0.36;0.25;0.12,0.75,200
0.64;0.36;0.21;0.12;0.02,0.75,200
0,0.75,0
0,0.75,0
0,0.85,0
0.07,0.95,200
0.32;0.21;0.11,0.65,200
1;0.41;0.3;0.25;0.16,1.75,200
0,1.35,0
0,0.85,0
0.44,0.95,200|200
1.29;1;0.86;0.42;0.24,1.35,200
3.33;0.64;0.64;0.6;0.36,1.75,200
1.59;0.72;0.6;0.32;0.3,1.35,200
0.3;0.28;0.27;0.09;0.04,1.35,200
0.12,1.45,200
0,0.65,0
0,0.85,0
0,0.85,0
0.1;0.07;0.05;0.03,1.75,200
0,0.65,0
0,0.95,204
0,0.75,0
1.29;0.48;0.32;0.24;0.2,1.35,200
0.43;0.16;0.14;0.13;0.03,0.65,200
0,1.45,0
0,0.55,0
0,0.85,0
1.17;0.36;0.07,1.35,200
0,0.75,0
0,0.85,0
0,0.85,0
0,0.95,0
