0,3.05,0
6.4;2.43;1.52;1.35;1.18,3.05,200
0,2.45,204
3.48;2.4;0.88;0.6;0.55,4.25,200
0,3.8,0
0,3.8,0
0,4.25,0
0,2.45,0
0,3.8,0
0,3.35,0|0
0,2.45,0
1.05;1.03;0.76;0.63;0.6,2.45,200
0,2.45,0
7.6;3.64;3;0.93;0.81,4.25,200
0,3.05,0|0
3.04;1.44;0.8;0.4;0.34,3.35,200|200
0,3.05,0|0
0,3.05,204|204
0,3.35,0|0
3.52;2.28;2.21;2.2;1.92,3.35,200
0,4.25,0
6.66;3.2;0.8;0.6;0.48,3.8,200
0,3.05,0|0
0,3.05,0
0,2.45,0
0,3.8,0
0,3.8,0
0,2.45,0
1.86,2.45,200
0,4.25,0
0,3.05,0|0
0,3.05,0
0,3.05,0|0
0,3.05,0
0,3.05,0|0
0,3.05,0
0,3.8,0
3.62;2;1.91;1.04;0.85,3.05,200
0,3.8,0
0.07,3.05,200|200
0,3.05,204|204
0,3.05,204
0,3.05,0|0
0,3.05,0
0,4.25,0
0,3.8,0
0.07;0.02;0.01,3.05,200|200
6.4;2;1.6;0.88;0.8,4.25,200
0,3.8,204
0,3.35,204|204
0,4.25,0
0,3.05,0|0
1.44;0.4;0.4;0.36;0.15,3.05,200
0,2.45,0
0.8,3.05,200|200
0,3.05,0
0,3.8,0
3.64;3.2;1;0.89;0.8,4.25,200
0,3.05,0
0,3.05,0|0
1.03;0.72;0.16;0.12;0.05,3.8,200
0,3.05,0
0,4.25,0
0,2.45,0
0,3.35,0|0
0,3.05,0
0.12;0.02,4.25,200
0,2.45,0
0,4.25,0
0,3.05,0|0
2.64;1.24;0.99,3.8,200
0.38;0.01,3.8,200
0,3.05,0|0
1.24;1;1;0.97;0.49,3.8,200
0,3.8,0
0,3.05,0|0
0,3.05,0|0
2.4;2.28;0.52;0.43;0.4,4.25,200
3.2;0.31;0.07;0.04,3.05,200
0,3.35,204|204
0,3.05,0
0.83;0.57;0.13;0.04;0.03,3.05,200
6.11;2;1.66;1.23;1.13,3.05,200|200
0,3.05,0
0,3.8,204
0,3.05,0|0
0,3.05,0
0,4.25,0
0,3.35,0|0
0.31;0.02,3.8,200
0,3.8,0
0,3.8,0
0,3.35,0|0
0,4.25,0
0,3.05,0|0
0,4.25,0
0,2.45,0
0,4.25,0
0,3.35,0|0
0,4.25,0
0,2.45,0
6.03;0.56;0.17;0.15,2.45,200
0.97;0.24;0.17;0.12,2.45,200
0.09,3.35,200|200
0,3.35,0|0
0,2.45,0
0,3.05,0
0,3.05,0|0
0,4.25,0
0,3.05,204
2.47;1.2;0.8;0.26;0.14,3.05,200
0,3.8,0
0,3.05,0|0
0.6;0.34;0.32;0.24,3.05,200
1.7;1.37;1;0.92;0.38,3.05,200|200
0,3.05,204|204
0,3.35,0|0
3.64;2.8;2.4;2.24;1.2,2.45,200
0,3.35,0|0
0.72;0.16;0.02,3.8,200
0,3.8,0
2.8;1.81,2.45,200
0.35,3.8,200
0.45;0.03,2.45,200
0,3.05,0
0,3.05,204|204
0,3.05,0
0,4.25,0
0,3.35,0|0
0,2.45,0
0.44;0.04;0.02,3.35,200|200
0,2.45,0
0.64;0.33;0.07,3.05,200
0,3.05,0
0.03,3.05,200
0.12,3.05,200|200
0,3.05,204|204
0,2.45,0
0,4.25,0
0,3.05,0|0
0,4.25,0
0,4.25,0
0,3.35,0|0
0.08,3.05,200|200
0,3.8,204
4;1.86;1.04;0.4;0.4,3.35,200
0,2.45,0
0.04,3.05,200
0,2.45,0
0,2.45,0
0,4.25,204
1.7;0.44;0.15;0.08,3.05,200|200
2.47;1.15;0.99;0.58;0.33,4.25,200
0.12;0.09,3.8,200
4.58;3.26;2.8;2.52;0.71,2.45,200
0,3.05,0|0
1.49;1.45;1.44;0.88;0.8,3.8,200
0,2.45,0
0,3.35,0|0
0,3.05,0
0,3.05,0
0,3.35,0|0
1.86;0.07;0.01,3.05,200|200
0,3.05,204
0,3.05,0|0
0,2.45,0
2.04;1.74;1.44;1.32;0.99,3.05,200
0,3.05,0|0
2.04;0.88;0.8;0.52;0.39,3.05,200
0.37;0.03,3.35,200|200
0,3.8,0
0,4.25,0
0.27;0.03,2.45,200
0.08;0.02,3.05,200
0,3.05,0
1;1;0.88;0.81;0.68,2.45,200
0,2.45,0
1.44;0.88;0.41;0.24;0.17,3.35,200|200
0,2.45,0
0.23,3.35,204|200
0,3.8,0
0,3.05,0|0
0,3.05,0
0,3.05,0
0,2.45,0
2.4;1.23,2.45,200
0,3.8,0
0,3.05,0|0
1.21;1.12;1;0.88;0.24,3.05,200|200
0,3.05,0|0
0,2.45,0
0,2.45,204
0,4.25,204
0,3.05,0|0
4.03;2.71;2.57;1.6;1.51,3.05,200|200
0,3.8,0
0,4.25,0
0,3.05,204
0,2.45,0
0,3.05,0|0
0,2.45,0
0,4.25,0
0,3.05,0|0
0,3.05,0
0,3.35,0|0
0.88;0.76;0.36;0.27;0.2,3.8,200
0,3.8,0
0,3.05,0|0
0,3.8,0
1.86;0.12,3.05,200|200
0,3.8,0
0.8;0.06;0.01,3.8,200
0,3.05,0
3.8;0.89;0.65;0.45;0.38,3.05,200|200
0,3.05,0
0,2.45,0
0,3.8,204
2;0.91;0.58;0.56;0.41,3.05,200
2.8;1.32;1.15;0.76;0.4,2.45,200
0,3.05,0|0
0,2.45,0
2.47;1.83;1.76;1.7;0.8,2.45,200
1.28;1;0.65;0.64;0.2,3.05,200|200
0,3.35,0|0
0,3.05,0
0,3.05,0
0,3.05,0|0
0.04,3.8,200
1.86;1.02;0.83;0.8;0.75,3.8,200
0,3.8,0
0,3.35,0|0
0,3.35,0|0
0,3.8,0
0,3.8,204
0,3.35,0|0
0,3.8,0
0.89;0.45;0.37;0.32;0.02,3.05,200|200
0,2.45,0
0,3.35,0|0
0,3.05,204
0,3.8,0
0,3.35,0|0
0.5;0.4;0.36;0.12;0.02,3.8,200
2.2;1;0.87;0.68;0.63,3.35,200|200
0,3.05,0|0
0,3.05,0|0
0,3.05,204|204
0,3.8,0
0.6;0.36;0.29;0.13;0.12,3.05,200|200
0.08,3.05,200|200
1.44;0.93;0.8;0.8;0.48,4.25,200
0.12,3.05,200
0,3.05,0|0
1.8;1.39;0.4,3.8,200
0,2.45,0
2.11;1.87;1.86;1.18;1.17,4.25,200
0,3.05,0
0.03;0.01,2.45,200
0,3.05,0|0
0.08,3.35,200|200
0,3.35,0|0
0,3.8,0
0,3.35,0|0
0,4.25,0
0,3.05,0|0
2.8;0.6;0.48;0.04,3.8,200
0,3.8,0
0,2.45,204
0,4.25,0
0,3.05,0
1.74;1.44;0.08;0.02,3.8,200
0,3.35,0|0
0,2.45,0
0,3.35,0|0
0,3.05,0|0
0,4.25,0
0,3.35,0|0
2.6;2.4;1.87;1.47;0.95,2.45,200
0.72;0.66;0.4;0.34;0.14,4.25,200
0,3.05,0|0
0.38;0.08;0.02,3.05,200|200
0,3.35,204|204
0.56;0.12,3.05,200
0,2.45,0
0,4.25,0
0,3.05,0|0
0.04,3.35,200|200
0,4.25,204
1.6;1.52;0.93;0.92;0.8,3.05,200|200
0,3.05,204|204
2.4;0.07,3.05,200
0,3.05,0|0
0,3.05,0|0
0,3.35,0|0
0,2.45,0
0,3.35,0|0
0,2.45,0
0,3.05,0
0,3.05,0|0
0,4.25,0
0.02,3.05,200|200
0,3.05,0
0,3.05,0|0
0,2.45,0
0,3.05,0
1.7;0.72;0.43;0.39;0.33,3.8,200
0,3.05,0|0
0.19;0.13;0.03,4.25,200
0,2.45,0
0,3.8,0
0.02,3.35,200|200
0.02,3.8,200
0,3.05,0
0,3.35,0|0
0.57;0.12,3.35,200|200
0,3.05,0
0,3.05,0|0
0,3.35,0|0
0.12,3.35,200|200
0,3.8,0
0,3.05,0
1.6;1.27;0.79;0.3;0.21,2.45,200
0,3.05,0|0
0,3.05,0|0
0.8;0.24;0.23;0.04,2.45,200
0,4.25,0
0.07,3.8,200
0,3.05,0
0,3.8,0
1.05;0.66;0.66;0.56;0.43,3.05,200|200
0,3.8,0
0,3.05,0|0
0,3.8,0
0,2.45,0
0,3.05,0
1.15;0.12;0.02,3.8,200
0,4.25,0
28;3;2;1.2;0.88,4.25,200
1.36;1.16;0.8;0.8;0.48,2.45,200
0,4.25,0
0,4.25,0
0,3.35,0|0
0,2.45,0
0,3.8,0
0,4.25,0
0,4.25,204
2;1.51;0.88;0.81;0.8,3.05,200|200
0,3.05,0
0,3.8,204
0,4.25,0
2.4;1.2;0.76;0.56,3.05,200
0,3.8,0
0,3.05,0
0,3.8,0
0,4.25,0
0,2.45,0
0,4.25,0
0,3.05,0
0,3.35,0|0
4;3.79;3.68;0.96;0.95,4.25,200
0,3.05,0
0,3.8,0
0,3.05,0|0
0,3.8,0
0,3.8,0
0,3.05,0|0
0,3.8,204
0,3.35,200|204
0,3.35,0|0
0,2.45,0
1.18;0.8;0.66;0.53;0.4,3.35,200|200
0,3.05,0|0
0,4.25,0
0,3.35,0|0
0,4.25,0
2.8;1.2;0.72;0.47;0.43,4.25,200
0,2.45,0
0,3.05,0|0
0,3.05,0|0
0,3.05,0
0,3.8,0
0,3.8,0
0,4.25,0
0.56;0.02,4.25,200
0,3.8,204
5.47;1.91;1.03;0.6;0.6,3.8,200
0,3.35,0|0
0,3.05,0|0
1.65;1.53;0.68;0.56;0.16,3.8,200
0.44;0.12,4.25,200
1.91;0.12;0.04,2.45,200
0,3.8,0
0,4.25,0
0,3.8,204
0,3.05,0
0.38;0.01,3.05,200|200
0,3.8,0
0,2.45,0
0,3.8,0
0,3.35,204|204
0,4.25,0
1.45;1;0.81;0.75;0.16,3.05,200|200
0,4.25,0
0,3.05,0
0,3.05,0
0,3.05,0
0,4.25,0
0,3.35,0|0
2;1.84;1.44;0.86;0.82,3.8,200
12;0.94;0.75;0.43,3.35,200
0,3.35,0|0
0,3.35,0|0
0,3.35,204|204
0,3.05,0
0.59;0.04,3.8,200
0,3.05,0|0
0,3.05,0
0,3.35,0|0
0,3.8,0
0,3.8,0
1.78;1.33;0.27,3.05,200
0,4.25,0
0,3.05,204
0,2.45,0
0.05;0.02,2.45,200
1.2;1.03;0.4;0.22;0.2,2.45,200
0,4.25,0
0,3.8,204
0,4.25,0
0,3.8,0
0,3.8,0
0,3.8,0
0,2.45,0
0,3.05,0
0,2.45,0
0,3.35,0|0
0,4.25,0
1.18;0.42;0.36;0.34;0.27,4.25,200
0,4.25,0
1.6;0.8;0.32;0.27;0.07,3.05,200
0.38;0.02,3.05,200
0.92;0.8;0.37;0.36;0.08,3.05,200
0,3.8,0
0,4.25,0
0,3.05,0|0
0,4.25,0
0,3.8,0
2.4;0.38,3.05,200|200
2.2;1.49;1;0.98;0.39,3.35,200|200
0,3.05,0
0,4.25,0
0,2.45,0
0,4.25,0
0,3.05,0
0,2.45,0
0,3.05,0|0
0,4.25,0
3.2;0.75;0.59;0.28;0.16,3.35,200|200
0,2.45,0
0,3.05,204|204
0,3.05,0|0
0,3.05,0|0
0.12;0.02,2.45,200
0,2.45,0
1.4,3.05,200
0,3.35,0|0
0,2.45,0
1.66;1.24;1.01;1;0.58,3.05,200|200
0,3.8,0
0.38;0.02,3.05,200|200
0,3.05,200|204
0,3.05,0
0.01,3.05,200
0,3.05,0|0
3.64;3.04;3;2.8;1.26,3.8,200
0,3.8,0
0,4.25,0
0,4.25,0
0,3.8,0
2.03;0.64;0.44;0.42;0.4,3.05,200|200
0,3.8,0
0,3.8,0
0,4.25,0
0,3.35,0|0
0,3.8,0
0,3.8,0
0.04,2.45,200
0,3.35,0|0
0.8;0.25;0.24;0.02,3.05,200|200
0,4.25,0
0,2.45,0
1.16;0.12;0.04,2.45,200
0,3.8,204
0,3.8,0
0,2.45,0
0,4.25,0
0,4.25,0
1.07;0.9;0.27;0.06,3.05,200
0,3.05,0|0
0,4.25,0
0,3.05,0|0
0,3.05,0
0,3.05,0|0
0,3.05,204
0,3.8,0
0,3.05,0
0.38;0.38;0.19;0.02,3.8,200
0,4.25,0
0,3.05,0|0
0,3.05,0
0.05,3.05,200|200
0,2.45,204
0,3.05,0
0,2.45,204
0,2.45,0
0,4.25,0
0,3.8,0
0,3.8,0
0.38;0.12;0.08;0.02,4.25,200
0,3.05,0|0
0,3.35,0|0
0,4.25,0
0,4.25,0
2.8;2.4;1.32;0.69;0.56,3.05,200
0,2.45,0
3.88;0.8;0.31;0.2;0.05,3.35,200
0,2.45,0
0.07;0.03,3.05,200
0,3.05,0|0
0,3.05,0|0
0,2.45,0
0.23;0.04,3.8,200
0.64;0.2,3.05,200|200
0,2.45,0
4.56;4.2;0.81;0.8;0.46,4.25,200
0,3.35,0|0
0,3.8,0
0,4.25,0
1.07;0.92;0.41;0.24;0.12,3.35,200|200
0,3.8,0
0,4.25,204
0.89;0.8;0.72;0.32;0.27,3.05,200|200
0,3.35,204|204
0,3.8,0
0,4.25,0
0,2.45,0
0,3.35,0|0
0,3.05,0|0
0,4.25,0
0,3.8,0
0,2.45,0
0,3.05,0|0
0,4.25,0
0.01,2.45,200
0,2.45,0
0,4.25,0
0,3.35,204|204
0.38;0.34;0.17;0.02,3.8,200
3.64;1.44;1.26;0.86;0.6,3.8,200
0,3.8,0
0,3.8,204
1.86;0.14;0.08,3.05,200
0,3.05,0|0
0,3.05,0|0
12.27;1.16;0.88;0.65;0.32,3.05,200
0,3.05,0|0
0.43;0.38;0.34;0.02,3.05,200|200
0.8;0.8;0.8;0.57;0.44,2.45,200
0,4.25,0
0,3.35,0|0
0,4.25,0
0,3.8,0
0.68;0.38,3.35,200|200
0.99;0.4;0.38;0.34;0.28,3.8,200
1.56;1.2;0.83;0.31;0.16,3.35,200|200
0,3.35,0|0
0,3.05,0|0
0,3.05,0
0,3.05,200|204
0,3.8,0
0,3.05,0|0
0,3.35,0|0
0,3.05,0|0
0,3.05,0
0,3.05,0|0
0,3.05,0
0,3.35,0|0
0,3.35,0|0
0,3.35,0|0
0,3.35,0|0
0,3.05,0|0
2.4;1;0.93;0.88;0.84,4.25,200
0.15;0.02,2.45,200
1.13;0.48;0.45;0.42;0.4,3.05,200
0.91;0.56;0.41;0.28;0.24,4.25,200
0,3.35,0|0
0,3.35,200|204
0,4.25,0
0,2.45,0
0,3.35,0|0
0,3.05,204
0,4.25,0
0,4.25,0
0,3.8,0
0,3.05,0|0
0,3.35,200|204
0,3.8,0
0.02,3.35,200|200
0,3.8,0
0,3.05,0|0
0,3.35,0|0
0.04,3.05,200
0,3.05,0|0
0,3.05,0|0
1.18;0.88;0.86;0.44;0.39,3.35,200|200
0,4.25,0
0,3.8,0
0,3.05,0
0,3.35,0|0
0,3.05,0
0,3.05,0
0,3.05,0|0
0,3.05,0|0
2.4;1.19;0.61;0.49;0.37,3.05,200|200
2.79;2.47;0.76;0.67;0.45,3.8,200
1.7;1.29;0.8;0.78;0.45,3.05,200|200
1.03;0.25;0.13;0.11,3.05,200
0,4.25,0
0,3.8,0
0,4.25,0
0,3.05,0|0
0,2.45,0
4.58;3.19;2.76;2.08;1,2.45,200
0,2.45,0
0,3.8,0
2;1.32;1.12;0.99;0.93,3.35,200|200
0,3.05,0
0,4.25,0
0,2.45,0
0,3.05,0
0,3.8,0
0,2.45,0
0,4.25,0
0.19;0.02,4.25,200
0,3.05,0|0
0,2.45,0
0,3.8,0
1.01;1;0.54;0.08,3.8,200
0,4.25,0
0,3.05,0|0
0,3.05,0|0
0,3.05,0|0
1.86;1.44;1.23;0.76;0.67,3.8,200
0,3.05,0
0,3.35,0|0
1.95;1.2;0.86;0.76;0.68,3.8,200
1.7;1.17;0.92;0.54;0.08,3.8,200
0.2;0.12,3.05,200
0,4.25,0
0.03,3.05,200|200
0.01,2.45,200
0,3.35,0|0
0,4.25,0
0,3.35,0|0
0,3.05,0
0,3.05,0|0
0,3.05,204
0,3.05,0
0.38;0.12;0.02,2.45,200
0,3.05,0|0
0,4.25,204
0,3.05,0|0
0,4.25,0
1.6;1.36;1.28;0.8;0.28,2.45,200
0,3.05,0
0,2.45,0
0,3.8,0
0,3.05,0|0
0,3.05,0|0
0,3.05,0|0
0,4.25,0
0,3.05,0
0.13;0.03;0.01;0.01,3.8,200
0,3.35,200|204
0,2.45,0
0,4.25,0
0,2.45,0
0,2.45,0
0,3.05,0
0,3.05,0
0,3.05,0
2.4;0.8;0.8;0.48;0.19,2.45,200
1.7;1.08;0.76;0.72;0.33,3.35,200|200
0,3.05,0
0.68;0.4;0.27;0.27;0.12,3.05,200
0,3.05,0
0.06,3.35,200|200
0,3.35,0|0
0,3.8,0
4.4;3.04;2.32;0.97;0.38,3.05,200
0.07,4.25,200
0.88;0.6;0.54;0.4;0.37,4.25,200
0.8;0.41;0.37;0.28;0.28,2.45,200
0,3.05,0
1.92;0.2;0.03,4.25,200
0,4.25,0
2.4;1.6;1;0.72;0.44,3.05,200|200
0,3.05,200|204
0,3.05,0
0.17;0.03,3.05,200
0,3.05,0|0
0,3.8,0
18.16;2.32;1.84;0.91;0.81,3.35,200
0,3.05,0
0,3.35,0|0
0,3.05,0|0
0,3.8,204
0,3.05,0|0
0,4.25,0
0,2.45,0
0,3.05,0|0
0,2.45,204
0,3.8,0
0,3.8,0
9.12;3.64;1.7;1.1;1,3.05,200
0,3.05,0
0,2.45,0
0,2.45,0
0.14;0.12,3.05,200
0,3.05,0|0
1.2;0.66;0.43;0.36;0.17,3.8,200
0,2.45,0
0,3.05,0
0,3.05,0|0
0,3.35,0|0
0,4.25,0
0.46;0.04,3.8,200
0,2.45,0
0,4.25,0
0,4.25,0
0,4.25,0
0,3.35,0|0
0,3.05,0
0.2,4.25,200
10.08;7.97;2;1.44;1.2,3.35,200
5.94;2.63;2.2;2;1.2,3.35,200
0,2.45,0
0,3.05,0|0
0.78,2.45,200
0,3.8,0
0.02,3.35,200|200
0,2.45,0
0,4.25,0
1.08;0.64,3.35,200|200
0,3.05,0|0
0,3.35,204|204
0,4.25,0
0,3.05,0
0,3.05,0|0
0,3.35,0|0
1.44;0.88;0.52;0.44;0.41,3.35,200|200
7.37;5.32;0.6;0.5;0.23,3.05,200
5.07;1.36;1.11;0.93,2.45,200
0,3.8,0
0,3.05,0
0,3.35,204|204
0,3.05,0
0,4.25,204
7.6;1.44;0.44;0.41;0.36,4.25,200
0.12,3.8,200
2.04;0.4;0.27;0.2;0.19,2.45,200
0,3.05,204
0.62;0.32;0.28,4.25,200
0,3.8,0
0,3.05,0|0
0,3.35,0|0
0.09;0.09,3.8,200
0,3.8,0
1.29;1.2;1;0.98;0.85,2.45,200
0,3.05,0
0,3.35,0|0
0,2.45,0
0,2.45,0
0,2.45,204
0,3.8,0
1.36;1.2;0.8;0.24;0.19,2.45,200
0.8;0.59;0.52;0.23,2.45,200
0,2.45,0
0,3.8,0
1.86,3.8,200
0,3.05,0|0
0,3.8,0
0,3.35,0|0
0,3.05,0|0
0,2.45,204
0.07,4.25,200
0,3.05,0|0
0,3.35,0|0
1.08;0.56;0.44;0.41;0.4,3.05,200|200
0,2.45,0
1.86;1.6,3.05,200
0,3.05,0
0.89;0.56;0.08,4.25,200
0,3.05,0
0,3.35,0|0
0,3.05,0
0,3.05,0
0.04,3.35,200|200
0.96;0.96;0.89;0.74;0.71,4.25,200
0,3.8,0
0,2.45,0
1.16;0.81;0.8;0.44;0.36,3.05,200
0,3.35,0|0
0,3.35,204|204
0,3.05,204
0,3.8,0
1.32;0.8;0.72;0.31;0.3,2.45,200
0,4.25,0
0,3.05,0
0,2.45,0
0,3.05,0
0,3.05,0|0
5;1.83;1.56;1.4;0.86,3.8,200
0,4.25,0
0,3.8,204
0,2.45,0
2.4;1.96;1.12;0.56;0.54,3.8,200
0,4.25,0
0,3.35,0|0
0,4.25,0
0.14;0.09,3.05,200|200
0,3.8,0
1.74;1.18;1.04;0.55;0.24,3.05,200
0,3.05,0|0
0.56;0.41;0.07,4.25,200
1.51;0.16;0.03,2.45,200
0,3.35,0|0
0,3.05,0|0
0,3.8,0
0,2.45,0
0,3.05,0|0
0,3.8,0
0,3.8,0
0,4.25,0
0.08,3.8,200
0,3.05,0|0
0,3.05,0
0,4.25,0
0,3.05,204|204
2.63;1.43;1.03;0.99;0.64,2.45,200
0,4.25,0
0,3.05,0
0,4.25,0
0,4.25,0
0,3.8,0
0,3.35,0|0
0,3.35,0|0
0,3.05,0
0,3.35,0|0
0,4.25,0
0,4.25,0
0,3.8,0
0,3.35,0|0
0,3.8,0
0,4.25,0
0,3.05,0
0,3.05,0
0,3.05,0
0.28;0.02,2.45,200
0,2.45,0
0,3.05,0
0,4.25,0
0,3.8,0
0,2.45,0
0,3.05,0|0
0.08,3.05,200
0.88;0.12,2.45,200
0.38,3.05,204|200
0.07,2.45,200
2.4;0.98,4.25,200
1.68;0.94;0.8;0.8;0.6,3.05,200|200
0,4.25,0
8.24;3.64;2.97;2.71;2.14,2.45,200
0,3.35,0|0
0.6,3.8,200
0,3.35,0|0
1.84;0.72;0.68;0.65;0.54,3.8,200
0,3.05,0
0,3.05,0
0,3.35,204|204
0,2.45,204
0.05,2.45,200
0.07,3.05,200|200
0,3.8,0
0,2.45,0
0,4.25,0
0.02,3.05,200
0,3.8,0
0,3.05,0
0,4.25,0
0,3.05,0
0.93;0.8;0.18;0.08;0.01,3.05,200|200
0,3.35,0|0
0,3.35,0|0
0,2.45,0
0,4.25,0
0,3.35,0|0
0,2.45,0
3.76;0.74;0.4;0.32;0.17,3.35,200
0.03;0.02,2.45,200
0,3.8,0
0,3.05,0
0,3.35,0|0
6.66;0.38;0.12,3.35,200
4;3.2;1.68;1.62;1.16,4.25,200
0.37;0.03;0.01,3.05,200
1.86,3.35,200|200
0,3.35,0|0
0,3.8,204
0,3.35,0|0
0,3.05,0
0,3.05,0|0
0,3.05,0|0
0,3.35,0|0
0,3.05,0|0
0,2.45,0
0,3.05,0
0,3.35,0|0
0,3.35,0|0
0,2.45,0
0,3.8,204
0,3.8,0
0,2.45,0
0,3.05,0
0,3.05,0
0,4.25,0
0,3.05,200|204
0,2.45,0
0,3.05,0|0
0,3.05,0
0,2.45,0
0,3.05,0
0.84;0.14;0.01,3.8,200
0,3.8,0
0,3.8,0
7.4;0.8;0.43;0.09;0.04,4.25,200
0,3.05,0
4.4;2.4;0.42;0.02,2.45,200
1.03;0.8;0.52;0.48;0.36,2.45,200
0.16;0.08;0.03,3.05,200|200
0,3.05,0
0,4.25,0
0,4.25,0
0.21;0.08;0.02,4.25,200
0,3.35,0|0
0.2;0.12;0.08,3.8,200
0.02,3.05,200|200
0.12;0.02,3.8,200
0,3.05,0
0,3.05,0
4;0.76;0.74;0.52;0.29,3.8,200
0,4.25,0
0.72;0.4;0.08;0.06,4.25,200
0,4.25,0
0,3.8,0
0.12,3.05,200
0.09,2.45,200
0,4.25,0
4.02;2.4;1.7;1.42;0.44,3.35,200
0,4.25,0
3.68;1.61;1.6;1.2;1,3.35,200
0,3.05,204|204
0,3.35,200|204
2.2;0.83;0.44;0.36;0.17,3.05,200
0,4.25,0
0,3.8,0
0,3.05,0
0,2.45,0
1.76;1.2;1.03;1.02;1,4.25,200
0.38;0.02,4.25,200
1.43;0.47;0.36;0.13;0.12,4.25,200
0,2.45,0
0,3.8,0
0.8;0.28;0.02,3.8,200
0,3.8,0
0,3.05,0
0,3.05,0
4.24;2.12;2.11;2;1,4.25,200
0,3.05,204
0.59;0.52;0.42;0.36;0.35,3.8,200
1.44;0.72;0.44,3.05,200
0,3.35,0|0
0,2.45,0
0,3.05,0|0
0,3.8,0
1;0.8;0.32;0.15,4.25,200
0,2.45,0
0,3.8,0
0,3.05,0|0
1.12;1;0.2;0.15,3.8,200
0,3.35,0|0
0,2.45,0
2.63;2.2;0.81;0.68;0.63,3.05,200|200
0.28;0.04,3.05,200|200
0,3.8,0
0.93;0.72;0.68;0.6;0.2,3.8,200
0,2.45,0
0,2.45,0
0,3.05,0
0,3.05,0
1.19;0.03,4.25,200
0,3.35,0|0
0,2.45,0
0.24;0.13,3.8,200
0,2.45,0
0,3.8,0
0,3.35,0|0
0,3.35,200|204
0,3.05,0|0
0,3.35,0|0
0,3.35,0|0
0,3.05,0|0
0,3.35,0|0
2.8;2.68;2;0.36,2.45,200
0,3.8,0
0,2.45,0
0,3.05,0|0
1.76;1.12;0.06,3.35,200|200
0,2.45,0
0,3.35,0|0
1.86;0.12,3.05,200|200
0,3.05,0
0,3.05,200|204
0,4.25,0
0,2.45,0
0.96;0.4;0.35;0.32;0.24,4.25,200
0,3.05,0|0
5.88;2.8;2.43;1.77;1.44,3.05,200
0,3.05,0|0
0,3.8,0
1.86;0.12,3.35,200|200
0,3.05,0
4.4;3.19;1.9;1.34;0.81,3.35,200
0,2.45,0
0,2.45,0
0,3.05,0|0
0,3.35,0|0
0,4.25,0
0,3.05,0|0
0.38;0.02,4.25,200
0,3.05,0|0
0,3.05,0
0,2.45,0
0,3.05,0|0
22.47;20.49;3.68;2.42;1.49,3.8,200
4.71;1.24;0.68;0.41;0.3,3.35,200|200
0,2.45,0
0.1,2.45,200
0,2.45,0
0.2;0.06;0.04,3.35,200|200
0,3.8,0
0,4.25,0
0,2.45,0
3.64;0.56;0.43;0.38,3.8,200
0,3.05,204
0,2.45,0
0,3.05,0|0
0,3.8,0
2.66;1.76;0.18;0.11;0.05,3.05,200
0,3.35,0|0
0.02,3.05,200|200
0,3.35,0|0
0,3.8,0
0.74;0.64;0.55;0.43;0.36,3.05,200
0,3.05,0
0.18;0.06,4.25,200
0,3.8,0
0,3.8,0
0,3.35,0|0
0.09,3.05,200
0.68;0.64;0.37;0.25;0.05,3.35,200|200
0,4.25,0
0,3.8,204
1;0.8;0.42;0.26;0.06,3.8,200
2.8;1.32,2.45,200
0,3.05,0|0
0,3.05,0
0,3.05,0
0,2.45,0
0,3.05,204|204
0,3.8,0
0.23,3.05,200
0,3.05,0|0
0,3.05,0
0,3.05,0
0,3.35,0|0
0,4.25,0
0,3.8,0
0.8;0.75;0.6;0.27;0.1,4.25,200
0,4.25,0
0,3.35,0|0
0,3.05,0
6.08;3.64;2.4;1.2;0.8,3.05,200
0,3.05,0|0
1.03;0.82;0.33;0.14;0.08,3.8,200
0,4.25,0
0,4.25,204
0,3.35,0|0
0,4.25,0
1.09;0.8;0.2;0.17;0.09,3.05,200
0,3.05,0|0
0,2.45,0
0,4.25,0
2.47;1.85;1.38;0.87;0.82,3.05,200
0,3.35,0|0
0,4.25,0
0,3.05,0
0.76;0.7;0.52;0.46;0.4,3.8,200
0,3.8,0
1.52;0.88;0.73;0.49;0.24,2.45,200
0.48;0.13;0.01,3.05,200|200
0,3.35,0|0
0.44;0.1;0.02,2.45,200
1;0.19;0.02,3.05,200
0,3.05,0|0
0,3.05,0|0
0,2.45,0
0,3.05,0|0
0,3.05,0|0
0.29,3.35,200|200
0,3.35,204|204
0,3.35,0|0
0,3.35,0|0
0,3.05,0|0
2.71;1.44;1.2;0.83;0.75,2.45,200
0,3.8,0
0,2.45,0
0,3.35,204|204
0,2.45,0
0,2.45,0
0,2.45,0
0,3.05,0
0,3.05,0
0,3.05,204|204
0,4.25,0
0,2.45,0
0,4.25,0
0,3.35,0|0
0,3.05,0|0
0,2.45,0
3.44;1.48;0.43;0.09,3.8,200
2.47;0.49;0.25;0.23;0.17,3.05,200|200
0,3.35,0|0
0,3.05,0
0,3.05,0
0,3.8,0
0.01,4.25,200
0,3.8,0
0.23;0.04,2.45,200
0,3.8,0
0.2,3.05,200|200
0,4.25,204
0,3.35,0|0
0,3.05,0
1.15;0.02,3.05,200|200
0.08,3.05,200|200
7.37;1.77;0.9;0.88;0.56,3.8,200
0.12,3.05,200
1.6;0.68;0.44;0.16;0.12,4.25,200
5.32;4.6;4.48;3.64;1.9,3.35,200
0,4.25,0
0,3.05,0
0,3.35,204|204
0,3.05,0|0
1.86;1.4;0.96;0.54;0.34,3.35,200|200
0,3.05,0|0
0,3.8,0
0,2.45,0
0,3.05,0|0
1.52;1;0.44;0.16;0.09,3.35,200|200
0,3.8,0
0.74;0.14;0.11,3.05,200
0,3.35,0|0
0,4.25,0
0,2.45,0
0,4.25,0
0,3.35,204|204
0,3.05,0
0,3.8,0
0,3.8,0
2.4;1.34;0.88;0.81;0.56,3.35,200|200
0,3.05,0
0,3.05,0
2;1.42;0.8;0.34;0.27,3.05,200
0.12;0.08,3.8,200
0,3.35,0|0
80.33;2.04;1.86;1;1,3.35,200
0,3.35,0|0
0,3.8,0
0,3.05,0|0
0.12;0.12,3.05,200
0,4.25,0
0,3.8,0
0.02,4.25,200
0,2.45,0
1.28;1.2;0.56;0.54,4.25,200
0,4.25,0
0,4.25,0
0,4.25,0
0,2.45,0
0.43;0.4;0.28;0.12,3.05,200
0,3.05,0|0
0,3.35,0|0
0,3.8,0
0,2.45,0
0,3.8,0
0,4.25,0
0.21;0.04,3.05,200
0,3.35,0|0
0,3.8,0
0,3.8,0
0,3.05,0
0,3.35,0|0
0,3.35,0|0
0,3.8,0
0,4.25,0
1.86;1.29,3.8,200
0,4.25,0
13.38;0.12;0.07,4.25,200
0,3.35,0|0
0,3.35,0|0
0,4.25,0
0,3.35,0|0
0,3.35,0|0
0,3.8,0
2.84;1.03;0.85;0.8;0.48,3.8,200
0,4.25,0
0,3.05,0
0,3.05,0
0,4.25,0
0,3.35,0|0
0,3.05,0
0,3.05,0|0
0.08,3.05,200
1.51;0.02,4.25,200
1.49;1.11;1.07;0.88;0.88,3.05,200|200
0,3.05,0|0
4;0.9;0.35;0.32;0.02,3.35,200
0,3.35,204|204
0,3.05,204|204
0,4.25,0
0,2.45,0
1.32;1;0.52;0.15;0.04,3.05,200
0.04,3.35,200|200
0.22;0.08;0.02,3.35,200|200
3.4;1.2;0.05;0.01,3.35,200|200
0,2.45,0
0,3.05,0
0,3.8,0
0.16;0.12;0.01,3.8,200
0.11,2.45,200
0,3.05,0|0
0.01,3.05,200|200
0,2.45,0
0,4.25,0
45.92;3.25;1.86;0.15;0.12,4.25,200
0,3.05,0|0
0,3.8,0
3.46;2.86;2.4;1.27;1.15,3.8,200
0,3.35,0|0
4;1.82;1;0.8;0.6,2.45,200
7.01;1.72;1.2;0.88;0.8,3.05,200
1.15;0.02,4.25,200
0,3.05,204
0,3.8,0
0,3.35,0|0
1.14;0.84;0.72;0.19;0.12,3.05,200
0,2.45,204
0.03,3.05,200
0.09,3.8,200
0,3.8,0
0,3.05,0|0
0,3.05,0|0
0,3.05,0
0,3.05,0|0
0,2.45,0
0,3.8,0
0,3.05,200|204
0,3.35,0|0
4;0.8;0.5;0.41;0.32,3.35,200
0,3.8,0
3.96;1.02;0.7;0.23;0.08,3.8,200
0,2.45,0
0,3.35,0|0
0,3.8,0
0,3.05,0|0
0.08;0.02;0.01,3.05,200
0,3.35,0|0
0.32,3.35,204|200
0,4.25,0
0,3.05,0
0,3.05,0|0
0,3.35,204|204
0.36;0.08;0.02,3.35,200|200
0.79;0.16;0.04,3.05,200|200
0,4.25,0
0,3.05,0
2.4;1.36;0.83;0.81;0.65,3.35,200|200
0.92;0.59;0.45;0.38;0.11,2.45,200
2.4;1.72;1.71;1.49;1.47,2.45,200
1.86;0.12,3.35,200|200
3.2;1.44;0.65;0.6;0.12,3.05,200
0,2.45,0
0,3.8,0
0,3.05,0
1.86,4.25,200
2.56;1.28;1.12;0.99;0.8,3.8,200
0,4.25,0
0,4.25,0
0,4.25,0
3.16;2.24;0.96;0.84;0.32,2.45,200
0,3.8,0
1.96;1.61;1.44;1.17;0.56,3.05,200
0,3.05,0
0.12;0.08;0.04,4.25,200
0,3.8,0
0,2.45,0
0,3.05,0
0.03;0.01,3.05,200|200
4.47;3.2;0.78;0.63;0.38,3.35,200
0,3.35,0|0
0,2.45,0
0,3.35,0|0
0.93;0.8;0.72;0.36;0.28,4.25,200
1.91;0.88;0.52;0.45;0.33,3.8,200
0,3.05,0
0,2.45,0
0,3.05,0|0
0,3.8,0
2.26;1;0.29;0.19;0.19,4.25,200
0,4.25,0
0.44;0.27;0.16;0.09;0.08,3.05,200|200
0,3.05,0
0.02;0.01,3.05,200
0,3.8,0
1.03;0.4;0.1,2.45,200
0,3.35,0|0
1.68;0.59;0.15;0.12,3.05,200|200
0,3.35,204|204
0,3.8,0
1;0.07;0.07;0.04,3.05,200|200
0,3.05,204
0,3.35,0|0
4.4;1.49;1;0.63;0.56,3.05,200
0,3.35,0|0
0.07,4.25,200
0,3.05,0
0,3.8,0
0,3.05,0|0
0,2.45,204
0,3.8,0
0,2.45,0
0.8;0.76;0.73;0.64;0.29,3.8,200
0,3.05,0
0,3.05,0
0,3.05,0
1.64;1.43;0.65;0.35;0.23,3.05,200|200
0,2.45,0
0.65;0.12,3.05,200
1.7;0.69;0.33;0.16;0.11,3.05,200|200
0,3.35,0|0
0,3.05,0
0,3.8,204
0.8;0.54;0.49,3.8,200
0,3.05,0|0
0,3.05,0
3.64;0.96;0.76;0.52;0.15,3.35,200
1.03;0.6;0.44;0.3;0.11,3.8,200
0,3.05,0
2.8,2.45,200
0,3.05,0
0,4.25,0
0,4.25,0
0,2.45,0
0,2.45,204
0,4.25,0
0,3.8,0
0,3.05,0|0
0,2.45,0
1.51;1.03;0.92;0.8;0.59,3.8,200
0,3.05,0
0,3.05,0|0
0,2.45,0
0.69;0.56;0.26;0.24,3.05,200
0,3.05,0|0
0,4.25,0
0,4.25,0
0,3.05,0|0
0,3.8,0
0,3.8,0
0,4.25,0
0,3.05,0
1.08;0.88;0.8;0.56;0.33,4.25,200
0,3.35,204|204
0,3.8,0
0,3.05,0|0
0,4.25,0
0,3.35,0|0
0,3.35,0|0
0,2.45,0
0,4.25,0
0,3.05,0|0
0,3.35,0|0
0.33,3.05,200
0,3.35,0|0
0,4.25,0
1.52;0.59;0.29;0.12;0.1,4.25,200
0.13;0.12;0.01,3.35,200|200
1.6;1.52;0.43;0.31;0.14,3.05,200|200
0,2.45,0
0,3.35,0|0
0,3.35,204|204
0,3.35,0|0
0,3.8,0
0,4.25,0
0,2.45,0
0,3.05,0|0
0,3.05,0
0,3.05,0|0
0,3.8,0
0,3.05,0
0,3.05,204
2.8;0.2,2.45,200
3.45;1.7;1.53;1;0.45,3.35,200
0,3.8,0
0,3.8,0
0,3.05,0
4;1.73;0.93;0.6;0.56,3.8,200
0,3.8,0
0,4.25,0
0,3.05,0|0
0,2.45,0
0,3.05,0
1.34;1.13;0.85;0.71;0.45,3.05,200|200
0,3.8,0
0,4.25,0
0,3.05,0
0,3.35,0|0
6.08;1.13;0.54;0.53;0.15,3.35,200
0.88;0.8;0.44;0.38;0.32,2.45,200
0.07;0.03,3.05,200
0,3.35,0|0
1.04,4.25,200
1.08;0.44;0.36;0.18;0.16,3.8,200
0,2.45,0
0,3.8,0
0,3.05,0
4;0.88;0.81;0.68;0.08,3.05,200
0,3.05,0|0
0.8;0.74;0.43;0.32;0.15,4.25,200
0,3.8,0
0,2.45,0
0,3.35,0|0
0,3.35,0|0
0,3.8,0
0.66,2.45,200
0,2.45,0
0,2.45,0
0,3.05,0|0
0,2.45,0
2.35;0.75;0.72;0.65;0.42,3.05,200
0,3.05,0|0
0,3.05,0|0
17.02;10.09;2.92;2.14;1.49,3.35,200
0.2;0.07;0.03,3.8,200
3.04;1.62;1;0.74;0.64,4.25,200
0,3.05,0|0
0,3.05,0|0
0,3.8,0
1.86;0.12,3.35,200|200
0,3.05,0
4.91;3.45;2.4;1.94;1.78,3.8,200
0,3.8,0
0,3.8,0
0,2.45,0
0,3.35,0|0
0,3.05,204|204
2.2;0.81;0.43;0.24;0.17,2.45,200
0.05,2.45,200
0.12,3.35,200|200
0,3.8,0
0,2.45,0
0,4.25,0
0.76;0.32;0.32;0.07;0.05,2.45,200
0,3.35,0|0
0.92;0.88;0.49;0.32;0.28,3.8,200
0,3.35,204|204
0,3.05,0
0,2.45,0
0,3.8,0
0.07,3.05,200
0.71;0.14,3.05,200
0,4.25,0
0,3.05,204|204
0,4.25,0
0,4.25,0
0,3.35,0|0
0.8;0.37;0.36;0.31;0.22,3.05,200
0,4.25,0
0,3.35,0|0
0,3.35,0|0
0,2.45,0
2.04;2.04;1.43;1.09;0.8,3.8,200
0.45;0.36;0.02,3.05,200|200
0,2.45,0
0,3.8,0
0.8;0.02,3.8,200
0,3.05,0|0
0,3.35,204|204
0,3.35,204|204
0,4.25,0
0,3.05,0
0,3.8,204
0.48;0.17;0.02,3.05,200|200
1.8;0.81;0.47;0.43;0.03,3.8,200
1;0.07;0.02;0.01,3.8,200
7.37;4;3.03;2.52;2.46,2.45,200
1.06;1.03;0.72;0.55,2.45,200
2.6;2.4;2;2;1.95,4.25,200
0,4.25,0
0,4.25,0
0,4.25,0
0,3.05,0|0
0,3.35,0|0
0.17,3.05,200|200
0.65;0.51;0.5;0.46;0.43,2.45,200
0,3.05,0|0
1;0.72;0.56;0.37;0.34,3.8,200
0,3.35,0|0
0,4.25,0
0.86;0.55;0.5;0.34;0.08,3.35,200|200
0,3.05,0|0
0,2.45,0
0,3.05,0
0.12;0.02,3.05,200
0,3.05,0
0,3.8,0
3.04;2;1.2;1.04;0.88,3.8,200
0,2.45,0
2.4;2.21;1.01;1;0.96,2.45,200
0,3.05,0|0
2;1.48;0.42;0.41;0.2,3.05,200|200
0,3.05,0|0
0,3.8,0
0,3.05,0
1.13;0.8;0.72;0.44;0.08,3.35,200|200
0,3.05,0|0
4.32;2.4;1.96;1.92;0.51,3.05,200
0,4.25,204
0.7;0.59;0.32;0.16;0.1,3.35,200|200
0,2.45,0
0,3.05,0
0,3.35,0|0
0.8;0.69;0.59;0.56;0.32,3.8,200
0,4.25,0
0,4.25,0
0,3.35,0|0
0,3.05,0|0
0,3.05,204
0,3.35,0|0
0,3.05,0
0,3.8,0
0,3.35,0|0
0,3.35,0|0
1.6;0.39;0.36;0.29;0.21,3.35,200|200
0,3.35,0|0
0,2.45,0
1.02;0.8;0.74;0.57;0.44,3.05,200|200
0,3.05,0
2.24;0.12;0.02,2.45,200
0,3.05,204|204
2.4;1;0.92;0.89;0.41,3.05,200|200
0,3.05,0|0
1.2;0.96;0.79;0.43;0.4,3.05,200
0,3.05,0|0
0.17,2.45,200
0,2.45,0
0,3.8,0
4;2.24;1.23;0.45;0.24,3.35,200|200
0,2.45,0
3.64;0.88;0.81;0.78;0.25,3.35,200
0,4.25,0
0,3.05,204
0,3.05,0
0,4.25,0
0,3.35,0|0
0.62;0.4;0.1;0.03,3.35,200|200
0,3.8,0
0,3.35,0|0
2.4;1.86,4.25,200
1.86,2.45,200
0,3.35,200|204
12;0.6;0.52;0.5;0.27,3.35,200
0,2.45,0
0,3.8,0
0,3.05,0|0
1.2;0.6;0.36,3.05,200|200
0.68;0.08;0.02,3.05,200
0.2,3.05,200
0,3.05,0
0,3.8,0
0,2.45,0
0.41;0.32;0.24;0.07,3.05,200
0.88;0.8;0.4;0.02,2.45,200
0,3.05,0|0
0,3.8,0
1.89;1.86;1.25;0.92;0.8,4.25,200
0,2.45,0
0,3.8,0
0,3.05,0
0,3.05,0|0
1.2;0.76;0.12,3.35,200|200
0,3.05,0|0
1.78;0.89;0.47;0.43;0.4,3.05,200
0,3.05,0|0
0,3.35,0|0
0,4.25,0
2.52;0.88;0.4;0.26;0.24,4.25,200
0,3.05,0|0
0,3.05,0
1.86;0.54;0.12,3.05,200|200
0,3.35,0|0
0,3.8,0
1.29;0.8;0.42;0.2;0.16,3.05,200|200
0,4.25,0
0,3.05,0
0.06,2.45,200
0,3.35,0|0
0,3.35,0|0
0,3.05,0
0,3.05,0
0,3.05,0|0
0,4.25,204
0,2.45,0
0,3.05,204
0,3.35,0|0
0,3.35,0|0
0,3.05,0|0
0,2.45,0
0,3.35,0|0
0,2.45,0
2.64;1.3;0.96;0.58;0.41,3.8,200
0,3.8,0
0,3.8,204
0.4;0.01,3.8,200
0,3.35,0|0
0,3.05,0
0.08,3.05,200
0,2.45,0
0,3.05,0|0
0,3.8,0
0,3.35,0|0
0,2.45,0
0,2.45,0
0,3.05,0|0
0,2.45,0
0,2.45,0
0.36;0.12;0.03,4.25,200
0,3.8,0
0,3.05,0|0
0,3.35,0|0
0,3.05,0|0
0,2.45,0
0,3.8,0
0.19,4.25,200
0,4.25,0
0,3.05,0|0
0.93;0.24;0.15,3.8,200
0.17;0.04,3.05,200
0,3.8,0
0,3.05,0
0.64,3.35,200|200
0.02,3.35,200|200
0,3.35,0|0
0,3.8,0
0,3.05,0|0
2,3.05,204|200
0.15;0.07,2.45,200
0,3.05,0|0
1.34;0.93;0.8;0.07;0.01,3.05,200
0,4.25,0
0,3.8,0
0,2.45,0
1.86;1.48;1.15;0.89;0.76,3.8,200
0,3.35,0|0
0,2.45,0
0,2.45,204
0.23;0.08,2.45,200
0,3.35,0|0
1.36;1.02;0.91;0.68;0.15,3.8,200
0,3.05,204|204
0.48;0.15;0.12;0.04,3.8,200
0,3.8,204
0.89;0.48;0.17,2.45,200
0,4.25,0
0,4.25,0
0,3.35,0|0
0,4.25,0
3.45;0.54;0.37;0.36;0.25,3.05,200
0,3.35,0|0
6.66;1.16;0.99;0.8;0.78,4.25,200
0.07;0.03,3.8,200
0,2.45,0
0,3.35,0|0
0,2.45,0
0,3.35,0|0
0,3.35,0|0
0.44;0.22;0.08;0.07,3.05,200|200
0,4.25,0
0.76;0.53;0.02,2.45,200
0,3.8,0
0,3.35,0|0
0,3.8,0
0,2.45,204
0,3.8,0
6.11;2.52;1.32;0.96;0.55,2.45,200
0,2.45,0
1.7;1;0.97;0.94;0.6,3.35,200|200
1.03;0.31;0.29;0.09;0.06,4.25,200
0,3.05,0|0
0,3.35,0|0
0,2.45,0
2.4;0.98;0.88;0.17;0.15,3.05,200
0,3.05,204
0,3.8,0
1.36;1.34;1.23;1.08;1,3.8,200
0,4.25,0
0,4.25,0
0,3.05,0
0,4.25,0
0,3.35,0|0
0,3.05,0|0
0,3.05,0
0.36;0.04,3.05,200|200
2.8;2.4;1.86;1;0.72,3.05,200
0.02,3.35,200|200
0,2.45,0
0,3.05,0
0,4.25,0
0,3.05,0
2.8;1.72,4.25,200
0,3.05,0
0,3.05,0|0
0,4.25,0
0,3.35,0|0
1.86,4.25,200
0,3.05,204|204
0.64;0.05;0.02,3.8,200
4;2.88;2.52;1.65;1.26,3.35,200
0,3.05,0
0.33;0.14;0.12;0.09,2.45,200
0,3.35,0|0
0.4;0.09,3.05,200|200
0,3.05,0|0
0,3.05,0
0,3.35,0|0
0,3.05,0
0,3.8,0
0,2.45,0
0,3.8,0
0,3.35,0|0
0,3.05,0|0
0,3.8,0
0,2.45,0
0,4.25,0
0,3.35,200|204
1.65;0.65;0.56;0.56;0.54,3.8,200
0,4.25,0
0,4.25,0
1.7;0.6;0.56;0.42;0.04,4.25,200
0,3.05,204
3.82;2.46;0.8;0.35;0.21,3.35,200
2.4;1.26;1.07;1;1,3.8,200
0,4.25,0
0,3.05,0|0
0,3.35,0|0
0.96;0.64,3.05,200
0.01,3.05,200|200
0.15,3.05,200
2.17;1.2;1.2,3.05,200|200
0.02,3.8,200
0,3.8,0
0,3.35,204|204
2.96;1.35;0.84;0.8;0.52,3.05,200
0,3.8,0
0,3.35,0|0
0,3.35,0|0
0.03,3.8,200
0,4.25,0
8.32;3.64;3.44;2.47;1.65,3.35,200
0,3.05,0
0,3.8,0
4.96;3.38;2;0.8;0.78,3.35,200
0,2.45,0
0,2.45,0
1;0.45;0.15;0.07,2.45,200
0,4.25,204
1;0.9;0.77;0.69;0.68,3.8,200
0,3.8,0
4.32;0.89;0.43;0.29;0.13,3.05,200
1.33,3.35,200|200
1.86;1,3.05,200|200
0,2.45,0
1.08;1;0.93;0.76;0.2,4.25,200
0,3.35,0|0
1.7;1.02;0.96;0.71;0.43,3.8,200
0.44,3.35,200|200
0,3.05,0|0
0,3.05,204|204
0,3.35,200|204
2.4;0.88;0.12;0.02,4.25,200
0,3.8,0
0,4.25,204
0.04,4.25,200
0,3.35,0|0
0,3.05,204|204
0,4.25,0
0.04,3.35,200|200
0,3.05,0
0,3.35,0|0
0,3.35,0|0
1.14;1.07;0.34;0.04,2.45,200
0,3.05,204
0,3.35,204|204
0.92;0.8;0.64;0.33;0.17,3.05,200|200
0,3.05,0
0,3.05,0|0
0.12,3.8,200
0,2.45,0
0,3.8,0
0,3.8,0
0.06;0.03,4.25,200
3.4;1.62;0.93;0.8;0.6,3.35,200
0,3.05,0|0
0,3.05,0
0,3.8,0
1.86;0.9,2.45,200
0,3.35,0|0
0.28,4.25,200
1.86;0.12,3.05,200|200
0,3.35,0|0
0,3.8,204
0,3.8,0
0,3.35,0|0
0,3.8,0
4.67;3.6;1.44;0.99;0.88,3.35,200
0,3.8,0
0,3.05,0|0
0.96;0.56;0.37;0.17,2.45,200
0,3.05,204|204
2;0.89;0.6;0.28;0.21,3.05,200|200
0,3.05,0
0,3.35,0|0
0,3.05,0|0
1.16,3.8,200
2.24;1.28;0.64;0.54;0.47,3.05,200
0,3.05,0
0.12;0.04,3.8,200
3.48;1.16;1.03;0.79;0.41,2.45,200
0,3.8,0
0,3.05,0
0.08;0.02,4.25,200
1.14;1.03;0.8;0.44;0.34,3.05,200
0,3.05,0
5.41;2.2;1.2;0.72;0.52,2.45,200
0,3.35,204|204
0,2.45,0
0,3.35,200|204
0,3.05,0|0
5.36;2.25;0.81;0.6;0.36,3.05,200
1.47;1;1;0.61;0.44,3.35,200|200
1.86;1.6;0.96;0.34;0.14,3.05,200
0,2.45,0
0.01,3.05,200
0,3.8,0
0,3.8,204
0.04,3.05,200
0,4.25,0
0,3.8,0
2.17;0.64;0.52;0.24;0.13,2.45,200
0,3.05,0|0
0,3.05,0
1.37,2.45,200
0,3.05,204
0,2.45,0
0.34;0.04;0.04,3.35,200|200
0,2.45,0
12;2.4;2;1.2;0.88,3.8,200
0,3.35,0|0
0,3.8,0
0,4.25,0
0,3.8,0
0,3.05,0
0,3.35,0|0
0,3.05,0
0,3.8,0
0,2.45,0
0,4.25,0
0,3.05,0
0.15;0.13,4.25,200
0,3.8,0
0,3.05,0
0,2.45,204
0,3.05,0
0,2.45,0
0,3.8,0
0.82;0.56;0.44;0.43;0.4,2.45,200
0,3.05,0
0.02;0.02,2.45,200
0,3.8,0
0,3.35,0|0
0,3.8,0
0,3.8,0
0,3.35,0|0
0.68;0.68;0.59;0.22;0.05,3.35,200|200
1.86;1.61;1.2;0.48;0.39,4.25,200
0.32;0.16;0.04;0.02,4.25,200
0,3.35,0|0
0,2.45,0
0,4.25,0
0,3.35,200|204
0,3.8,0
0,4.25,0
2.86;2.85;1.53;1.48;0.96,4.25,200
0,3.35,0|0
1.76;1.04;0.92;0.88;0.49,2.45,200
0,3.05,0
0,3.05,0
0,3.8,0
0,2.45,0
2.63;1.08;1.05;0.58,3.8,200
0,3.05,0
0,3.05,0
4.6;1.6;1.58;1.49;1.44,3.05,200
0,3.35,204|204
0.02,2.45,200
0,3.05,0|0
0,3.05,0|0
0,4.25,0
0,2.45,0
0,3.05,0
0,3.35,0|0
0,3.35,0|0
1.86;0.12,3.35,200|200
0,3.8,0
1.86;0.12,2.45,200
0,4.25,204
0,2.45,204
1.43;0.96;0.84;0.29;0.28,3.05,200
0,3.05,0
0,3.05,0|0
0,3.35,0|0
0,2.45,0
1.86;0.12,4.25,200
0,3.8,0
0.08,3.05,200|200
0,3.35,0|0
0,3.8,204
0,4.25,0
0.12,3.8,200
0,3.05,204|204
0,4.25,0
1.2;0.96;0.8;0.72;0.63,2.45,200
0,3.8,0
0,2.45,0
0,4.25,0
0,4.25,0
0,3.35,0|0
0,3.8,204
0,3.05,0|0
1.28;0.96;0.65;0.24;0.2,3.05,200|200
0.52;0.49;0.43;0.1,4.25,200
0.68;0.48;0.16,3.8,200
1.24;1;0.73;0.63;0.54,3.35,200|200
1.86;0.02,4.25,200
0,3.35,0|0
11.75;3.49;3.36;2;1,2.45,200
1.44;1.4;0.96;0.84;0.72,4.25,200
0,3.8,0
0.03;0.02,2.45,200
0,4.25,204
0,4.25,0
2.38;0.8;0.68;0.17;0.17,3.35,200|200
0,3.35,0|0
0,3.8,0
0.68;0.12,2.45,200
0,3.05,0|0
0,2.45,0
0,2.45,0
0,3.35,204|204
0,2.45,0
0,3.05,0
3.31;1.44;0.88;0.48;0.2,3.35,200|200
0,3.05,204
0,3.8,0
0,2.45,0
0,3.8,0
2.11;0.52;0.31;0.28;0.12,3.8,200
0,3.35,0|0
0,3.35,0|0
0,3.05,0|0
0,4.25,204
0.04,3.8,200
0,3.8,0
0,3.35,0|0
0.49;0.12,3.35,200|200
0,3.8,0
0,4.25,0
0,3.05,0|0
0,3.8,0
0,4.25,204
0,2.45,0
1.92;1.82,3.35,200|200
0,4.25,0
4.87;1,3.35,200
0,3.05,0|0
1.7;0.88;0.67;0.41,3.05,200|200
0,3.05,0|0
0,3.05,0|0
0,4.25,0
0,2.45,0
0,3.8,0
0,3.8,0
0,3.05,0
0,2.45,0
1.55;1;0.52;0.13;0.02,3.35,200|200
0,4.25,0
0,4.25,0
0,3.05,0
0,3.05,0|0
0,3.8,0
5.79;2.2;0.74;0.36;0.18,3.05,200
0,3.8,0
0,3.8,0
0,3.05,0|0
0.04,3.8,200
0,3.8,204
0.05,2.45,200
0,3.35,0|0
0.9;0.81;0.74;0.64;0.64,4.25,200
0,3.05,0|0
0,3.05,200|204
0,4.25,0
0,3.35,204|204
0,3.35,0|0
0,3.05,0
0.02,3.05,200
0,3.35,0|0
0,3.05,0
0.04,4.25,200
0,2.45,0
0,3.35,0|0
0,2.45,0
0.01,3.8,200
0.47;0.02,2.45,200
0,2.45,0
0,2.45,0
0,3.8,0
0,3.35,0|0
0.97;0.28;0.13;0.09;0.08,3.05,200|200
0,3.05,0|0
0,2.45,0
0,3.35,0|0
1.51;0.76;0.68;0.6;0.58,2.45,200
0,3.35,0|0
0,3.8,0
0,3.35,0|0
0.01,3.35,200|200
0,3.05,0|0
0,3.05,0|0
0,3.05,0|0
0.02,2.45,200
1.86;0.12,3.05,200
0,3.35,0|0
0,3.8,0
0.4,3.35,204|200
0,3.8,0
0,4.25,0
0,3.35,0|0
0,3.05,204
0.03;0.01,2.45,200
0,3.35,0|0
0,3.35,0|0
0.03,4.25,200
0,3.35,0|0
1.86,3.05,200|200
0.84;0.8;0.63;0.52;0.48,3.05,200
0,3.8,0
0,3.05,0
0.29,3.05,200|200
0,3.05,0|0
0,3.05,0
0,3.8,0
0,2.45,0
0,3.05,0|0
0.28;0.28;0.08,3.35,200|200
0,3.05,0|0
0,3.05,0
0,2.45,0
0,3.8,204
0,3.05,0
0,3.05,0|0
0,3.05,0
0.88;0.84;0.39;0.11;0.02,3.35,200|200
0.52;0.39;0.16;0.12,2.45,200
0.06,3.05,200
0,3.05,0
0,3.05,0
0,3.05,0
0,2.45,0
0,3.05,0
0,3.05,0
0,3.05,0
2.4;1.06;0.81;0.2,3.05,200
0.14;0.12,4.25,200
0.73;0.64;0.44,3.35,200|200
0,3.8,0
0,2.45,0
0,3.05,0|0
0,3.35,0|0
0,3.05,0
0.12,3.8,200
0,2.45,0
0,3.8,0
0.44;0.02,2.45,200
0,3.35,204|204
0.68,3.05,200
0,2.45,0
1.86;0.24;0.12,3.05,200
0,2.45,0
0,3.05,0|0
0,3.05,0|0
0,4.25,0
0,2.45,0
0,3.05,0|0
0.44;0.12,3.8,200
0,3.05,0|0
0,3.8,0
0,2.45,0
2.2;1.11;0.85;0.28;0.26,3.05,200
0,3.8,0
5.6;1.28;0.88;0.8;0.77,2.45,200
0.01,2.45,200
0,3.05,0
0,3.05,204|204
0.12,3.35,200|200
0,3.8,0
0,3.35,0|0
0,3.05,0|0
0,3.05,0
0,3.35,204|204
0.12;0.01,3.35,200|200
0,3.05,0
0,3.05,0|0
0.68;0.65;0.4;0.3,3.05,200|200
0,3.05,0|0
0,4.25,204
0,4.25,0
1.08;0.8;0.56;0.41;0.35,3.05,200
0,3.05,0
1.04;1;0.86;0.74;0.6,3.05,200|200
1.31;0.44;0.16;0.12;0.08,3.8,200
0,4.25,0
2;0.66;0.6;0.52;0.52,3.35,200|200
7.6;2.5;1;0.54;0.46,4.25,200
0,3.35,0|0
0,3.8,0
0.41;0.21;0.15;0.13;0.05,4.25,200
1.2;0.83;0.8;0.46;0.4,3.35,200|200
0,3.35,0|0
0,3.05,0|0
0,3.05,0
0,4.25,204
0,3.05,0|0
0,2.45,0
0,3.05,0
0,4.25,0
0,3.05,0|0
0.31,4.25,200
0,4.25,204
1.62;0.8;0.26;0.24;0.2,3.35,200|200
0,2.45,0
0,3.35,0|0
0,3.8,0
1.86;0.08,3.8,200
0,4.25,0
0.88;0.8;0.68;0.45;0.38,3.8,200
0,3.05,0|0
0,3.05,0
7.5;6.08;0.88;0.8;0.59,3.8,200
0,4.25,0
0,4.25,204
0,3.35,0|0
0,3.8,0
2.54;2.48;2.3;0.8;0.6,2.45,200
0,3.35,0|0
0.86;0.41;0.37;0.27;0.16,2.45,200
0,4.25,0
0,3.35,0|0
0,3.05,0|0
0,2.45,0
0,2.45,0
0,3.05,0
1.35;0.86;0.8;0.66;0.66,3.05,200|200
0.34;0.02,3.8,200
0,3.35,204|204
1.28;0.68;0.16,3.05,200
0,3.8,0
1.29;0.29,3.05,200|200
0.02,2.45,200
0.4;0.04,2.45,200
0,3.8,0
1.86;0.32,3.35,200|200
2.8;1.59;1.09;1;0.76,3.05,200
0,2.45,0
1.86;0.74;0.64;0.4;0.03,3.05,200|200
0,3.8,0
6.89;1.86;0.88;0.78;0.54,2.45,200
0,2.45,0
0,3.05,0
0,3.35,0|0
0,3.05,0
0,4.25,0
0,4.25,204
0,3.8,0
0,3.05,0
0,3.8,0
0,3.8,0
0,3.35,0|0
0,3.05,0
0,2.45,0
0.01,3.35,200|200
0,2.45,0
0.17;0.03;0.02,3.8,200
0,4.25,0
0,3.35,0|0
0.08;0.02;0.02,3.8,200
0,2.45,0
0,2.45,0
0,4.25,204
0.61,4.25,200
0,4.25,0
0,3.05,0
2.2;1.6;0.48;0.36;0.14,3.8,200
0,3.05,0
0,2.45,0
0,3.05,0
0,3.8,0
0,3.8,0
0,3.05,0|0
0,3.8,0
0,3.05,200|204
0,3.05,0|0
1.2;0.78;0.65;0.48;0.27,3.05,200|200
0,3.05,0|0
2.79;2.04;0.69;0.6;0.54,3.05,200
2.4;0.42,4.25,200
0,3.35,0|0
0.02,2.45,200
0,4.25,0
3.45;3.44;2.4;1.33;0.8,3.05,200
0,4.25,204
0,4.25,0
0,3.8,0
0,4.25,0
0.17,3.35,204|200
0,3.05,0
0.88;0.79;0.6;0.4;0.18,3.35,200|200
0,3.05,0|0
2.84;1.03;0.8;0.33;0.14,2.45,200
0,4.25,0
0,3.05,0
0,3.05,0|0
0,3.8,0
0,3.35,0|0
0.08,2.45,200
0,3.05,0
0.34,3.05,200|200
1.86;1.73;0.96;0.15;0.08,3.05,200
0,3.05,0
1.86;0.42,3.05,200|200
0.89;0.8,3.35,200|200
0,3.05,0
0,3.8,0
0,3.8,0
0,3.35,0|0
0.86;0.44;0.4;0.32;0.29,3.8,200
0,3.05,0
0,2.45,0
0,3.35,0|0
0,3.35,0|0
0.28;0.2,3.05,200
0,2.45,0
0.83;0.64;0.57;0.4;0.2,3.05,200|200
0.48;0.25;0.23;0.18;0.17,3.35,200|200
0,3.8,0
0,4.25,0
0.8;0.8;0.07,3.05,200
1.03;0.39;0.21;0.12,2.45,200
0,3.05,0|0
0,3.35,0|0
0,3.05,0|0
0.04;0.04,3.05,200
1.03;0.43;0.32;0.19;0.11,2.45,200
0,3.05,0
0,4.25,0
0,3.35,0|0
0,3.8,0
0.12,4.25,200
0,3.05,0
1.03;0.98;0.47,3.8,200
0.12,3.05,200
0,3.05,0
0.12;0.03,3.05,200|200
0,3.05,0|0
1.63;0.9;0.85;0.75;0.48,3.05,200
0,2.45,204
0,3.8,204
0,3.05,204|204
0.41,2.45,200
3.64;1.24;0.89,3.35,200
4.8;0.62;0.25;0.15;0.12,3.05,200|200
0,2.45,0
6.47;2.92;2.11;1.55;1.12,3.35,200
0.12;0.01,4.25,200
2.6;0.78;0.4;0.36;0.24,3.35,200|200
0.58;0.36;0.23;0.15;0.04,3.35,200|200
0.12,3.8,200
0.8;0.72;0.27;0.16;0.06,3.05,200|200
0,2.45,0
0,3.35,0|0
1.86;0.12,3.8,200
0,3.35,0|0
0,3.05,204
0.04,4.25,200
0,2.45,0
0,3.8,0
0,3.05,0|0
0.8;0.64;0.6;0.16;0.05,3.8,200
0,4.25,0
1.86;0.08,2.45,200
0,3.05,204|204
0,2.45,0
0,3.05,0
1.03;0.74;0.48;0.43;0.36,3.8,200
0,3.05,0
0,3.35,0|0
0.54;0.36;0.11;0.04,3.05,200
0,3.05,0
0,2.45,0
1.36;0.57;0.42;0.2;0.11,3.05,200|200
2.6;0.54;0.43;0.38;0.18,2.45,200
0,3.05,0|0
0,4.25,204
0,3.05,0|0
0,3.35,0|0
0,3.35,0|0
0,4.25,204
0,3.05,0|0
0.88;0.2;0.16,3.35,200|200
0.12,2.45,200
3.64;1.43;1.4;0.68;0.4,4.25,200
0,4.25,0
0.8,3.05,200
1.73;0.32;0.16,3.8,200
0,3.05,0|0
0.12,3.35,200|200
0,3.05,0
0,3.05,0|0
0,4.25,0
0,3.05,0|0
0,3.35,0|0
0,4.25,204
2.11;1.47;0.96;0.74;0.68,3.35,200|200
0,3.8,0
0,2.45,0
0,4.25,0
0,3.8,0
0,3.8,0
0,3.35,200|204
0,3.05,0|0
0.28;0.27,3.05,200
0,2.45,0
0,3.8,0
0,4.25,0
11.17;0.04,3.05,200|200
0,4.25,0
2.4;0.93;0.36;0.31;0.23,2.45,200
0,3.05,0
0.12;0.05,2.45,200
0,3.05,204
1.52;1.03;1;0.54;0.19,2.45,200
0.56;0.44;0.4;0.12;0.09,3.05,200
0,4.25,0
0.12,2.45,200
0,4.25,204
0,3.05,0|0
0.2;0.17,3.05,200|200
0,3.05,0|0
0.25;0.12,3.05,200
0,3.8,0
0.12,3.35,200|200
1;0.89;0.39;0.32;0.23,3.05,200|200
0.01,3.05,200
0,4.25,0
0,3.05,0
10.01;3.09;1.54;0.94;0.43,3.05,200
0,3.05,0
2.4;1.94;1.83;0.36,3.05,200|200
1.39,2.45,200
0,3.8,0
0,3.05,0
0,4.25,0
0.12,3.05,200|200
0,3.35,0|0
0,3.8,0
0,4.25,204
2.32;1.2;0.86;0.64;0.25,3.05,200
0,3.35,0|0
0.89;0.52;0.44;0.08,3.35,200|200
0,2.45,0
3.17;0.92;0.64;0.45;0.42,3.8,200
0,3.05,0
0,3.05,0|0
0.02,3.05,200
0.12,3.8,200
0,3.05,204|204
0,3.05,204|204
0,3.05,0
0,3.8,0
1;0.89;0.63;0.36;0.24,3.35,200|200
0.4;0.04;0.03,2.45,200
0.32;0.27;0.25;0.25;0.02,3.05,200|200
0.12,3.8,200
0.52;0.32;0.14;0.08,4.25,200
0,3.05,0
0,4.25,0
0,4.25,204
0,3.05,0|0
0,4.25,0
0.8;0.14;0.12,4.25,200
0,3.05,0
0,4.25,0
0.31;0.24;0.19;0.06,3.05,200
2.64;0.8;0.65;0.32;0.17,2.45,200
0,3.35,0|0
0,3.05,0
0,3.8,0
1;0.48;0.43;0.4;0.11,4.25,200
0,3.8,0
0,2.45,0
0,2.45,204
0,3.35,0|0
0,3.35,0|0
0,4.25,0
0,2.45,0
1.03;0.88;0.74;0.6;0.18,3.8,200
0,3.05,0|0
0,2.45,0
0,4.25,0
