0,1.85,0
0,2.35,0
0,1.85,0
0,1.45,0
0,2.65,0
0,1.45,0
0,2.05,0|0
0,1.45,0
0,1.85,0|0
0,1.45,204
0,2.65,0
1.38;0.87;0.32;0.28;0.19,2.05,200|200
0,1.45,204
0.34,2.35,200
0,1.45,0
0,2.05,0|0
0,1.45,0
0.02,2.05,200|200
0.28;0.12;0.02,2.65,200
0,2.05,0|0
0,1.85,0|0
0.68;0.14,1.85,200|200
0,2.05,0|0
1.32;0.11,1.85,200
0,2.35,0
0,2.05,0|0
0,1.85,0
0,1.45,0
0,1.85,204|204
0,1.45,0
0.02,2.05,200|200
0,1.85,204
0,1.85,0
0,2.05,0|0
0,1.85,0
0,2.35,204
0,1.85,0
0,2.35,0
0,1.45,0
0,1.85,0
0.12,2.35,200
0,2.35,204
0,1.85,0|0
0.64;0.54;0.13;0.09,2.05,200|200
0,1.45,204
0,1.45,204
0,1.45,0
0,2.65,0
0,1.45,0
1.32;0.42,2.65,200
0,1.85,0
0,1.85,0
0,1.85,0
0,1.85,0|0
1.6;0.59;0.29;0.07;0.06,1.85,200|200
0,2.05,0|0
0,2.05,0|0
0,1.45,0
0,2.65,0
0.02,1.85,200|200
0,1.85,0|0
0,1.85,0
2.4;1.2;0.8;0.56;0.54,2.65,200
0,2.65,0
0,1.85,204|204
0,2.35,0
0,1.85,0
0,2.35,0
167.28;2.66;1.2;1;1,2.35,200
0,2.35,0
0,1.45,0
0,2.65,0
2.15;1.68;1.6;0.66;0.4,1.85,200|200
0,1.85,0
0,2.35,0
0.17;0.08;0.02,1.85,200|200
0,1.85,0|0
0,2.35,0
0,2.05,0|0
0.03,1.85,200
0.72;0.56;0.16,1.45,200
0,2.65,204
0,1.85,0
0,1.85,0|0
0.24;0.18,1.85,200
1.49;0.85;0.04;0.02,2.05,200|200
0,1.85,0|0
0,2.05,0|0
0,1.45,204
0,2.35,0
0,1.45,0
0,2.05,0|0
0.07;0.02,2.05,200|200
0,2.05,0|0
2.44;0.8;0.34,2.65,200
0,2.05,0|0
1.2;1;0.36;0.29;0.17,1.85,200
1.15;0.12;0.12,2.35,200
0,1.45,0
0,1.85,0|0
0,1.85,0
5.25;2.6;1.7;1.55;0.88,2.05,200
0,1.45,0
0,2.05,0|0
0,1.45,0
2.8;1.79;0.89;0.54;0.38,2.35,200
0,1.85,0
0.12,1.85,200
0.15,2.65,200
0,1.85,0
0,1.85,0|0
0,2.65,0
0,2.65,0
0,1.85,0|0
0,2.05,0|0
0,1.45,0
0,2.05,0|0
0.02,1.85,200
0.2;0.16;0.04,2.35,200
0,2.35,0
0.02,2.65,200
0,1.85,0|0
0,2.65,0
0,1.85,0|0
3.85;1;0.8;0.8;0.56,1.45,200
1.27;0.86;0.6;0.45;0.36,1.85,200
0,1.85,0
0.42;0.02,2.65,200
1.68;1.25;1.01;0.93;0.62,1.85,200
0,2.05,0|0
0,2.65,0
0,2.35,204
0,1.85,0
0,1.85,0
0,1.85,204
0,2.35,204
0,2.05,0|0
0,2.35,0
0,2.05,0|0
0,2.35,0
1.86;1.4;0.12;0.08,2.05,200|200
0,1.85,0
1.03;0.96;0.59;0.44;0.3,1.85,200
0,2.35,0
0,2.35,0
0,1.85,0|0
0,2.65,0
0,2.35,0
0,2.35,0
1;0.76;0.54;0.2;0.07,2.35,200
0.03,2.35,200
0.33,1.45,200
0,2.35,0
0,1.85,0
0,1.85,0
0,2.65,204
0,2.05,0|0
0,2.35,204
1.4;0.44;0.25;0.2;0.12,2.05,200|200
0.06;0.03,2.35,200
0,1.85,0|0
0,1.85,0
0.04,1.45,200
0,2.05,0|0
0.01,2.35,200
0,2.35,0
0,1.45,0
1.78;1.2;1;0.67;0.25,1.85,200|200
0,1.85,0
0,2.05,0|0
0,1.45,0
0,1.85,204|204
0,2.35,0
0,1.85,204|204
0.8;0.24,1.85,200|200
0,2.05,0|0
1.15;0.03,2.05,204|200
0,1.45,0
0,2.05,204|204
0,1.45,0
0,2.35,0
0,1.85,0
2.49;1.2;0.99;0.86;0.1,2.05,200
0.79;0.12,2.05,200|200
2.96;2.44;2;1.42;1.41,2.65,200
0,1.85,0|0
0,2.05,0|0
0,1.85,0
0,1.85,0|0
0,2.65,0
2.64;2.2;2.04;1.38;1.26,2.05,200
0,1.85,0
0,1.85,0|0
0,2.05,0|0
0.76;0.01,2.35,200
0,1.45,0
0,1.85,0
0,1.45,0
8.52;0.2,1.85,200|200
0,1.45,0
1.14;1.02;0.54;0.49;0.35,2.05,200|200
0,1.85,204
2.24;2.2;1.62;1.4;1.06,1.45,200
0,1.45,0
10.01;1.8;0.8;0.72;0.52,1.45,200
1.68;1.33;1;0.85;0.56,1.85,200
1.32;0.49;0.48;0.41;0.4,2.35,200
0,2.35,0
1.68;1.03;0.96;0.37;0.35,1.85,200
0,2.05,0|0
0,2.05,0|0
0.8;0.69;0.35;0.29;0.19,2.05,200|200
0,2.65,0
0,2.05,0|0
0,2.05,0|0
0,2.65,0
0,2.05,0|0
0,1.85,0
0,2.35,0
0,1.85,0|0
0.52;0.24;0.24;0.08;0.06,2.35,200
0.42;0.02,1.85,200|200
0,1.85,0|0
0,1.85,0
0.12,1.45,200
1.03;0.61;0.45;0.08;0.08,1.85,200
0.32,1.85,200
0,2.05,0|0
0.37;0.14;0.02,1.45,200
0,1.85,0|0
0,2.05,0|0
0,1.85,0
0,1.85,0
0,1.85,0|0
0,1.45,204
0,1.45,0
0,2.35,0
0,1.85,0|0
0,1.85,0
0,1.45,0
0,1.85,0
0,2.35,0
2.63;0.92;0.8;0.14;0.14,2.05,200
0,1.85,204
0,2.65,0
0.12,2.05,200|200
0,2.35,0
0,1.85,0
0,1.85,0
0,1.85,0
0,2.05,0|0
0,2.65,0
0,2.05,0|0
0.03,1.85,200|200
0,2.35,0
0,1.85,0|0
6.12;0.8,2.05,200
1.2;0.88;0.87;0.8;0.28,1.85,200
0,2.05,0|0
2.56;1.31;0.66;0.54;0.28,2.35,200
0,1.85,0
0,1.85,0|0
6.18;1.18;1;0.7;0.44,2.05,200
1.48;0.96;0.66;0.56;0.04,1.85,200|200
0,1.45,204
0,2.05,0|0
0,1.45,0
0,2.05,0|0
0,2.05,0|0
0.89;0.34;0.15;0.12;0.06,2.35,200
4.32;2.56;2.4;2;1.64,2.65,200
0,2.65,0
0,2.05,0|0
0,1.85,0|0
2.6;1.86;1.7;0.94;0.86,1.85,200|200
0,1.85,0|0
0.2,2.65,200
0.12,1.85,200
0,2.65,204
0.8;0.12;0.02,2.35,200
0,2.35,0
0,2.05,0|0
0,1.45,0
0,2.35,0
1.66;1.12;0.75;0.6;0.48,1.45,200
1.77;1.4;1.21;0.38;0.33,1.85,200|200
0,1.45,0
0,1.45,0
0,1.45,0
0.03,1.85,200|200
0,2.05,0|0
0,1.85,204|204
0,2.05,0|0
0,2.65,0
0,1.45,0
0.8,2.05,200|200
0,1.85,0
0,2.65,204
0,2.05,0|0
0,1.45,0
0,2.05,0|0
0,2.35,0
0,1.45,0
0.02,1.85,200|200
0,2.05,0|0
0,2.05,0|0
0.24;0.08,1.85,200
0,2.65,0
0.26;0.05,1.85,200|200
0.02,2.05,200|200
0,1.85,0
0.16;0.02,1.45,200
0,2.05,0|0
3.24;1.43;1.4;1.16;0.66,2.65,200
1.2;1.13;0.8;0.72;0.56,1.85,200|200
0,1.45,0
0.17,1.85,200
0,2.65,0
0,1.45,0
0.99;0.78;0.64;0.09;0.04,2.05,200|200
0,2.65,0
0,2.05,0|0
2.02;0.99;0.51;0.36;0.17,1.85,200
0,2.05,0|0
0,1.85,0
0,2.05,0|0
0,2.65,0
0,1.45,0
0,2.35,0
0,2.35,0
0,2.05,0|0
1.86;0.12;0.08,2.65,200
1.24;1.2;0.91;0.56;0.33,1.85,200
17.6;2.04;1.76;1.72;0.88,1.45,200
0,2.05,0|0
0,1.85,0|0
0.02,2.35,200
0,1.85,0
0,2.35,204
0,1.85,0|0
0,2.65,204
0,1.45,0
0,1.85,0
0,1.85,0
0,1.45,0
0,2.05,0|0
0,2.65,0
0,1.85,0|0
0,1.45,0
0,1.85,0|0
1.78;1.4;0.76;0.19;0.07,1.85,200|200
0,2.05,0|0
0,2.05,0|0
0,1.85,0
0,2.35,0
0,2.05,0|0
0,1.45,0
0,2.05,0|0
0,1.45,0
1.04;0.8;0.6;0.52;0.45,2.35,200
0,1.85,0|0
0,1.85,0|0
0,2.05,0|0
3.7;1.03;0.8;0.25;0.2,1.85,200
0.48;0.01,1.85,200
0.03,1.85,200|200
0,2.65,0
0,2.35,0
0,2.05,0|0
0,1.85,0|0
0.36;0.27;0.12;0.05,1.85,200
0,1.45,0
0,2.35,204
0,1.45,0
0,2.65,0
0,1.85,204|204
0.11,2.65,200
0,1.45,0
0,2.05,0|0
2.63;2.52;2.44;1.52;1.03,2.35,200
0,2.65,0
1;0.76;0.52;0.32;0.13,1.85,200|200
0,1.45,0
0.2,2.05,204|200
0,2.65,0
0.12;0.04,1.85,200|200
0,1.85,0
0,1.85,204
0,2.05,0|0
0.35;0.07;0.06,2.05,200|200
0,1.85,204|204
0,2.35,0
0,1.85,0
2.2,2.05,204|200
0,1.45,0
0.17,1.85,204|200
0.21;0.02,2.65,200
0,1.85,0
0,2.05,0|0
0,2.65,0
0,1.85,0
0,2.05,0|0
7.6;2.14;1.59;0.96;0.8,2.05,200
0,1.45,204
0,1.45,204
0,2.05,0|0
0,2.05,0|0
0,1.85,0
1.08;0.72;0.69;0.43;0.26,1.85,200|200
0,2.05,0|0
0,2.65,0
0,2.35,0
0,1.45,0
7.2;4.75;2.65;2.4;0.96,2.35,200
0,2.05,0|0
1;0.12;0.08,1.85,200
0,1.85,0|0
0,2.65,0
0.04,2.35,200
0.12,2.05,200|200
0,2.05,204|204
0,1.85,0|0
0.8;0.02,1.85,200|200
1;0.82;0.8;0.16;0.02,2.05,200|200
0,2.65,0
0,1.45,0
0,1.85,0|0
0,1.85,0
0,1.85,0|0
0,1.85,0
0,2.35,0
0.02,1.45,200
0,1.85,0
0.69;0.07;0.02,2.05,200|200
0.58,1.85,200|200
0,1.85,0|0
0,2.05,0|0
0,1.85,0|0
0,1.85,204|204
0.13,2.05,204|200
1.4;1.13;1.12;0.74;0.72,2.65,200
0,2.35,0
0,1.45,0
1.16;0.12;0.08;0.02,1.45,200
0,2.35,204
0,2.35,204
0,2.05,0|0
0,2.35,0
0,1.45,0
0,1.85,0|0
0,1.85,0|0
0,1.85,0|0
0,1.85,0|0
0,2.05,0|0
0,1.45,204
0.03,1.45,200
0,2.35,0
4.67;3.43;2.63;1.58;1.14,2.35,200
0.7,2.05,200|200
0.93;0.67;0.41;0.12,1.85,200
0,1.85,0
10.26;1.27;0.51;0.32;0.29,2.65,200
0,2.35,0
0,2.05,0|0
0.02,2.05,200|200
0.03,1.85,200|200
0.04,2.05,204|200
0,1.85,0
0,2.65,0
0,1.85,0|0
1.6;0.56;0.56;0.53;0.52,2.35,200
0,2.35,0
2.27;1.8;0.88;0.48;0.47,2.05,200
3;0.43;0.34;0.16;0.08,2.05,200
0.24,1.85,204|200
1.24;0.12,2.65,200
0,2.05,0|0
0,2.05,0|0
0,1.85,0|0
0.05,2.05,200|200
0,2.05,0|0
0.08;0.01,1.85,200|200
5.6;2.94;2.73;1.4;0.76,2.35,200
0,2.05,0|0
0.68;0.42;0.12;0.08,2.65,200
0,2.05,200|204
0,1.85,0|0
1.02;0.96;0.81;0.8;0.36,1.45,200
0.93;0.72;0.57;0.24;0.02,2.65,200
0,2.05,0|0
0,1.45,0
0,2.35,0
0,2.05,200|204
0,1.45,0
0.68;0.19;0.18;0.08,1.85,200|200
3.04;2.79;1.6;1.4;1.2,2.05,200
0,1.85,0|0
0,1.85,0|0
0,2.05,0|0
0,2.65,0
0,2.65,0
2.4;1.86;0.45;0.4;0.13,1.85,200
0,2.35,0
0,1.85,0|0
0,2.35,0
1.47,2.35,200
0,1.85,0
0.12,1.85,200
0.02,2.05,200|200
0,1.45,0
0,2.35,0
0,2.65,0
0,2.65,204
0,2.35,0
0,2.05,0|0
0,1.45,204
0,1.45,0
0,1.85,0|0
1.47;0.75;0.28;0.28;0.11,2.35,200
0,1.45,0
0,2.65,0
9.84;1.2;0.5;0.48;0.38,2.35,200
0,2.05,0|0
0,1.45,0
0,2.35,0
0,1.45,0
0,2.05,0|0
0,2.05,0|0
0,1.45,0
12;1.43;0.87;0.76;0.17,2.05,200|200
0,1.45,0
0.23;0.19;0.16;0.15;0.11,2.35,200
0,2.35,0
0,1.45,0
0.8,2.65,200
0,1.45,0
0,1.45,0
0,2.05,0|0
0,1.45,0
0,1.45,204
1.47,1.85,200|200
0,2.05,0|0
0,2.35,0
8.79;1.82;0.96;0.8;0.42,2.65,200
0,1.45,204
0.12,2.65,200
0,2.35,0
2.4;1.86;0.82;0.8;0.61,1.45,200
0,1.85,0
0,1.85,0|0
0,1.45,0
0,2.65,0
0,2.05,0|0
1.14;0.2;0.12;0.02,2.65,200
0,1.85,0
1.16;0.25;0.01,1.85,200
0,1.85,0
0,2.05,0|0
0,1.85,204|204
0,2.65,0
0.01,1.85,200|200
0,1.45,0
0.02,1.45,200
0,2.05,0|0
3.32;1.56;1.32;0.95;0.89,2.05,200
0,2.05,204|204
0,2.05,0|0
0,1.85,0|0
1.86;1.16;1.04;0.96;0.58,1.85,200
0.12;0.12;0.02,1.85,200
0.32,1.45,200
2.56;1.64;1.36;1.29;0.87,1.45,200
0,2.05,0|0
2.8;0.5;0.28;0.22,2.05,200|200
0,2.35,0
0,1.45,0
0,2.35,0
0,2.35,0
0,2.35,0
0,1.85,0|0
1.2;0.88;0.32;0.13;0.07,1.85,200
0,1.85,0|0
1.24;1.18;0.98;0.86;0.68,1.85,200|200
0,2.05,0|0
0.4;0.02,2.65,200
0,1.85,0
0.3;0.01,2.65,200
0,1.85,0|0
0,2.05,0|0
0,1.85,0|0
0,2.05,0|0
0,2.35,0
0,1.85,0
0.17,2.35,200
0.66,2.65,200
1.4;0.71;0.68;0.44;0.4,2.35,200
8;0.32;0.16;0.14;0.1,1.85,200|200
0.07,1.85,200
1.34;1.2;1.12;1.02;0.4,1.85,200|200
0.02;0.01,1.85,200|200
0,1.85,0
0,2.65,0
0,1.85,0
0,2.35,0
0,1.85,0|0
0,2.35,0
0,1.85,0|0
0.02,1.85,200|200
4.4;1.66;1.11;0.72;0.4,2.05,200
0,2.35,0
0,1.85,0
0,2.35,0
0,1.85,204|204
0.96;0.31;0.02,1.85,200|200
0,1.45,0
0,2.35,0
0,1.85,0|0
0.17,2.05,200|200
0.08;0.04,1.85,200
1.32;0.8,1.45,200
0,2.65,0
0.92;0.43;0.41;0.15;0.12,2.35,200
0,2.65,0
0.42;0.12;0.02,1.85,200|200
0,1.45,0
0,1.85,0
0,2.35,0
0,1.85,0
1.47;0.84;0.69;0.08;0.05,1.85,200|200
0,1.85,0|0
0,1.85,0|0
1.53;1;0.55;0.38;0.18,2.35,200
0,2.05,0|0
0,2.35,0
0,2.05,0|0
0,1.85,0
0.12,1.85,200
0,2.05,204|204
0,1.85,0
0,1.45,0
0,1.45,0
1.79,1.45,200
0,2.65,0
0,1.85,204|204
0,2.35,0
0,1.45,0
0,2.05,0|0
6.4;1.4;1.3;0.2,2.35,200
1.2;1.03;0.96;0.7;0.57,1.45,200
0.8;0.09,2.65,200
0,2.65,0
0,1.45,0
0,1.85,0|0
0,1.45,0
0.02,1.85,200
0,1.45,0
0,1.85,0|0
0.08;0.02,1.45,200
4.82;4.56;3.88;1.4;1.23,2.65,200
0,2.05,0|0
0,2.05,0|0
0,1.45,0
0.01,1.85,200
0,1.85,0
0,2.65,204
0,2.65,0
0,2.05,0|0
0,1.85,0|0
0,2.05,0|0
0,2.65,0
0,2.05,0|0
0,1.85,0
0,1.85,0|0
0,1.85,0|0
0.81;0.44;0.19,1.85,200|200
1.27;1.21;0.68;0.42;0.27,1.85,200
0,2.05,204|204
0,1.45,204
0.14,1.85,200
0,2.65,0
0,1.85,0|0
0,1.85,0
0,2.65,0
0,1.85,0
1.2;0.91;0.61;0.12,1.85,200
0,2.65,0
0,2.35,0
0,2.35,0
0,1.85,0
0.27;0.11;0.08;0.02,2.35,200
0,1.85,0|0
0.46;0.18;0.16;0.06;0.02,1.45,200
0,2.65,0
0,2.65,0
0,1.85,0
0.13,1.85,200
0,1.85,0|0
0,1.85,0
0,1.85,0
0,2.35,0
0.06;0.03,1.85,200
0,1.45,0
0,1.85,0
0,2.05,0|0
3.64;2.11;1.8;1.13;0.79,2.35,200
0,1.85,0
0,1.85,0
0.76;0.12,2.35,200
9.12;1.4;1.3;1.2;0.97,2.05,200
0,2.65,0
0,1.85,204|204
0,1.45,0
0,1.45,0
0,1.85,204|204
0,1.85,0
0,2.05,204|204
0,2.65,204
0,1.85,204
11.13;0.87;0.8;0.72;0.32,1.85,200
0,1.85,0|0
0,1.85,204
3.8;0.42;0.08;0.02,2.05,200|200
0,2.35,0
0,2.05,0|0
3.32;1.08;0.96;0.38;0.32,1.85,200
0,1.85,204
0,1.85,0
0,1.45,0
0,2.35,0
0,2.05,0|0
0,2.35,0
0,1.85,200|204
0,1.45,0
2.28,1.85,200
1.21;1.2;0.84;0.8;0.78,1.45,200
0,1.45,0
0,2.35,204
0,2.35,0
0,1.85,0
0,1.85,0|0
1.2;0.94;0.27;0.18;0.16,1.85,200
0,2.65,0
0,2.35,0
0,1.85,0
0,2.35,0
0.78;0.65;0.48;0.42;0.29,1.85,200
0,1.85,0|0
0,2.35,0
0,1.45,0
0,1.45,0
0,2.65,0
0.88;0.72;0.28;0.14;0.07,2.05,200|200
0,1.85,0
0,2.05,0|0
0,1.45,0
0.96;0.48;0.12;0.08;0.02,1.45,200
0,1.85,204
0,1.85,0|0
0,2.65,0
7.37;3.79;2;1.77;1.05,1.85,200
0,1.85,0|0
2.6;2.4;0.33;0.24;0.19,2.05,200
0,1.45,0
0,1.85,204|204
3.2;1.09;0.87;0.74;0.6,2.05,200
0,2.35,0
0,2.05,0|0
0,1.85,204
0,2.05,0|0
0,2.05,0|0
0,1.45,0
0,2.05,0|0
0,2.35,0
0,1.45,0
2.4;1.86;1.47;0.86;0.68,2.35,200
0,2.65,0
1.4;0.8;0.65;0.56;0.21,2.35,200
0,2.05,0|0
1.47;0.96;0.85;0.18;0.12,1.85,200|200
0,2.65,0
0,1.45,0
2.8;0.6;0.08,2.35,200
0,2.65,0
0,1.85,0|0
0,1.85,0|0
0.96;0.12,1.85,200
0,1.85,0|0
0.36;0.12,2.65,200
1.86;0.12,2.05,200|200
0.81;0.64;0.64;0.43;0.1,1.45,200
0,1.85,200|204
0.26,1.85,200|200
0,1.85,0|0
0.04,2.65,200
0,1.85,0
0,1.85,0|0
0,2.35,204
0,1.85,0
0,2.35,0
0,1.85,204|204
0,1.85,0|0
0,2.65,0
0,2.65,0
0.12;0.02,1.85,200
1.2;1.07;0.8;0.2,2.35,200
2.83;1.8;1.4;0.78;0.6,2.05,200
0,2.65,0
0,1.85,0
0,2.65,204
0,2.35,0
0,2.65,0
1.14;0.85;0.7;0.68;0.52,2.05,200|200
1.52;1.47;0.88;0.18;0.12,1.85,200|200
0,2.65,0
0,2.35,0
0.8;0.6;0.56;0.16;0.09,2.65,200
0,1.85,0|0
3.88;0.22,2.05,200
0,1.85,0
0,1.85,0|0
0,1.85,204|204
0,1.45,0
1.14;0.03,2.05,200|200
0,2.65,0
0,1.85,0|0
0,2.05,0|0
6.08;1.86;0.84;0.72;0.54,2.65,200
0,1.85,0
0,2.05,200|204
0,2.65,0
0,2.35,0
0.2;0.11,1.85,200
0,1.85,0|0
0,1.85,204|204
0,2.05,0|0
0,1.85,0|0
0,1.85,0|0
0,2.35,0
0,1.45,0
0,2.65,0
0,1.45,0
0,2.65,0
0,2.65,0
2.4;1;0.7;0.4;0.32,2.05,200
0,1.85,204
0,1.85,0
0,2.35,0
0,1.85,0|0
0,2.65,0
0,2.35,0
0,2.35,0
0,1.85,0|0
0,1.45,0
0,1.85,204
0,2.05,0|0
0.05,1.45,200
0,1.85,0
1.36;0.8;0.31;0.08,1.85,200|200
0,1.85,0
0,2.35,0
0,1.45,0
0.54;0.4;0.32;0.04;0.03,2.35,200
0.12,1.85,204|200
1.85;0.64;0.28,1.85,200|200
0,1.45,0
0,1.45,0
0,1.45,0
0,1.85,0
0,2.35,0
6.66;0.12;0.08,2.65,200
1.31;0.6;0.24;0.17;0.11,2.35,200
0,1.45,0
0,1.85,0|0
0,1.85,0
0,1.85,0
0.2,1.85,200
2.4;1.72;0.87;0.56;0.39,1.45,200
0.86;0.8;0.36;0.32;0.11,1.45,200
0,2.35,0
0,1.85,0
1.2;1.07;0.4;0.32;0.32,1.45,200
0,2.05,0|0
0,2.35,0
0.02,2.65,200
0,2.35,0
0,2.35,0
0.36;0.02,2.35,200
0,2.65,0
0,2.05,204|204
0,2.35,0
1.86,1.85,200
0,2.35,0
0,2.65,0
0,2.65,0
0,1.45,0
0,1.45,0
0,1.85,0|0
0,1.85,0
0,2.35,0
1.4;1.28;1.22;1;0.32,2.65,200
0,2.05,0|0
0,1.45,0
0,2.35,0
0,2.05,0|0
0.8;0.08;0.02,2.05,200|200
0,2.05,204|204
0,2.65,0
1.2;0.96;0.5;0.43;0.32,1.45,200
0,1.85,0|0
0,1.85,0|0
0,2.05,0|0
0.12,2.65,200
1.68;0.33;0.12,2.35,200
0,1.85,0
0,1.85,0|0
3.38;2.4;1.25;1.16;0.9,1.85,200
0,2.65,204
1.03;0.8;0.6;0.44;0.28,2.35,200
0,1.45,0
0.44;0.05;0.01,1.45,200
0,1.85,0
0,1.85,0|0
0,2.35,0
0,2.35,0
0.8;0.11,2.65,200
0,2.05,0|0
0,1.85,204|204
0,2.65,0
0,2.35,0
0,2.05,0|0
0,2.35,0
1.06;1;0.96;0.78;0.52,2.35,200
2.57;2.47;2.01;0.68;0.22,2.65,200
0.04;0.04,1.85,200
0,2.65,0
0,2.05,0|0
0,1.85,0
0,1.85,204
0,2.35,204
1.62;1.12;0.94;0.31,1.85,200
0,1.85,0
2.56;1.6;1;0.9;0.78,1.45,200
0,2.05,0|0
0,1.85,0
0.2,1.85,200|200
0,2.05,0|0
0,2.05,0|0
0.01,2.35,200
0,1.85,0|0
0,1.45,0
0.36;0.04;0.04,2.35,200
0,2.35,0
1.48;0.66;0.05;0.04;0.02,2.35,200
0,2.35,0
0,1.85,0|0
0,2.35,0
0,1.85,0|0
0,2.65,204
0,1.45,0
0,2.05,0|0
0,1.45,0
0,1.85,0|0
1.27;1;0.92;0.6;0.5,2.65,200
0,1.85,0|0
0,2.05,0|0
0,2.65,0
0,2.35,204
0.69;0.08;0.02,2.05,200|200
0,2.65,0
0,2.05,0|0
0,1.45,204
0,2.05,0|0
1,1.85,200|200
0.42;0.26;0.02,2.35,200
0,2.65,0
0,1.85,0|0
0,1.85,0|0
0,1.45,0
1.28;1.2;0.86;0.25;0.08,2.05,200|200
0,2.35,0
0,2.35,204
1.91;0.12;0.08,1.85,200|200
0,1.85,0
0,2.05,0|0
0,1.85,0|0
0,1.85,0
0,2.65,0
0,2.35,0
0,1.85,0
0,1.85,0|0
0,2.05,0|0
0,2.65,0
0,1.45,0
0,1.85,0
0,2.35,0
0,1.85,0
0,1.85,0|0
1.96;1.86;1.2;0.68;0.63,1.85,200|200
0,1.45,0
0,2.65,0
0,2.65,0
0,2.05,0|0
0,2.35,0
0,1.45,0
0,2.35,204
0,2.05,0|0
0,1.85,204
0,1.85,0|0
0,1.45,0
0,2.05,0|0
0,1.85,0
0,1.45,0
0,2.65,0
0.03,1.45,200
0,1.45,0
0,1.85,0
6.18;2.61;0.7;0.59;0.34,2.05,200
1;0.85;0.45;0.44;0.37,2.05,200|200
0,1.45,0
0.42;0.02,2.65,200
0,2.35,0
0,2.05,0|0
1.4;1.2;0.8;0.36;0.12,2.35,200
1.58;0.8;0.48;0.04,1.85,200|200
0,2.35,0
3.24;1.2;0.64;0.56;0.51,2.35,200
0,1.85,0|0
0,1.85,204|204
2.63;0.96;0.32;0.28;0.23,2.05,200
0.12;0.02,1.85,200
6.4;6.4;1.6;0.88;0.56,2.05,200
0,2.05,204|204
23.17;2.23;2;1.74;1.55,1.85,200
0,1.45,0
0,2.05,0|0
0,2.65,0
2.44;2.12;1.13;0.96;0.88,2.35,200
0,2.05,0|0
0,2.05,204|204
0.12;0.02,1.85,200
0,1.45,0
0,2.35,0
0,1.45,204
0,1.85,0
0,2.05,0|0
0,1.85,0
0,2.35,204
0,2.05,0|0
0,2.35,0
0,1.85,0|0
0,1.45,0
0,1.85,0
0.12;0.02,2.05,200|200
0,1.45,0
0,1.85,0
0,2.35,0
0,2.05,0|0
0,1.85,204
0.12;0.08;0.02,2.65,200
0,2.05,0|0
0,1.85,0|0
0,2.35,0
1.36;0.8;0.1;0.09;0.08,2.05,200|200
0,1.85,0|0
0,1.45,0
0,2.65,0
0.07;0.01,2.65,200
0.42;0.34;0.02,1.85,200|200
0,1.85,0
0,2.05,0|0
0,1.85,0|0
0,1.45,0
0.4,1.85,200
0,2.05,0|0
0,1.85,0|0
0,2.05,0|0
0,2.65,0
0,1.85,0
0,2.05,0|0
0,2.65,0
0,1.45,0
0,1.85,0
0,2.05,0|0
0,2.35,0
0,1.85,0
0,2.35,0
0,2.05,0|0
0,2.35,0
0,2.65,0
0,2.35,0
0,2.05,0|0
0,1.45,204
0,2.65,204
1.2;1.12;0.49;0.41;0.32,1.85,200
0.23;0.04,1.45,200
0,2.65,204
0.22,1.85,200|200
0,2.05,0|0
0,1.85,0
0,1.85,204|204
0,2.35,0
0,2.05,0|0
0,1.45,0
0,2.65,0
0,2.65,0
0,2.65,0
0,1.85,0
0,2.65,0
2.6;1.4;1.32;0.89;0.54,2.65,200
0,2.05,0|0
1.24;0.78;0.4;0.1;0.08,1.85,200|200
0,1.85,0
0.96;0.12;0.12,1.85,200
0,1.85,0
0,1.85,0|0
0,1.85,0|0
0,1.85,0
0,1.85,0|0
0.28;0.16,1.85,200|200
0.8;0.52;0.12;0.12;0.04,1.85,200
0,2.35,0
0,2.05,0|0
0,2.35,0
1.57;1.47;1.24;0.55;0.12,1.85,200|200
0,1.85,0
1.2;0.05,1.85,200
6.4;2.36;1.6;0.45;0.4,1.85,200
0,1.45,0
0,2.05,0|0
0,1.85,0
0.88;0.72;0.64;0.62;0.59,1.85,200
0,2.05,0|0
0,2.05,0|0
0,1.85,0
0,2.05,0|0
0,1.85,0
0,2.05,0|0
0,1.85,0
0,2.65,0
0,1.85,0
0,2.65,0
0,2.35,0
0.02,2.65,200
0,2.35,0
0,1.45,0
0,2.05,0|0
1;0.56;0.4;0.13,1.45,200
0,2.65,0
1.86;1;0.81;0.45;0.09,2.05,200|200
0,2.65,0
0,1.85,204
0,1.45,0
0,2.05,0|0
0,2.35,0
0,1.85,0|0
1.21;0.68;0.55;0.3;0.24,2.05,200|200
0,2.05,0|0
9.12;1.86;1.4;1.38;0.77,2.05,200
0,1.45,0
14;7.59;0.71;0.4;0.12,2.65,200
0.36;0.03,1.85,200
2.47;1.86;0.94;0.8;0.8,2.35,200
0.96;0.86;0.68;0.45;0.16,2.05,200|200
0,1.85,204|204
0,2.05,0|0
0,1.85,0|0
0,2.65,0
0,1.85,204
0,1.85,204|204
0,1.85,0
0,1.85,0
0,1.85,0|0
0,2.05,0|0
0,1.45,0
0,1.85,0|0
0,1.85,0
0,2.35,0
0,2.35,204
0,2.05,0|0
1.04;0.6;0.43;0.3;0.2,1.45,200
0,1.45,204
0,2.65,0
1.4;1.2;0.74;0.37;0.14,1.85,200
0.12,2.35,200
0.67;0.02,1.85,200
0,2.05,204|204
0,2.65,0
0,2.35,0
0,2.65,0
2.66;2;1.44;0.49;0.45,1.85,200
0,1.85,0
0,1.85,0
0.2;0.07,2.05,200|200
1.86;1.2;1.2;0.8;0.42,2.35,200
2.65;1.32;1;0.88;0.55,2.05,200
0,1.85,0|0
0,1.45,0
0.17;0.12;0.1,1.85,200|200
0,1.45,0
0,1.85,0
0,2.05,204|204
0,2.05,0|0
0,1.45,0
1.07;0.72;0.19;0.01,2.05,200|200
6.47;2.76;2.04;1.7;1,2.65,200
1.77;1.6;0.96;0.91;0.88,2.65,200
2.6;2;1.52;1.03;0.45,1.85,200
0,1.85,0
0,2.35,0
0,1.85,0|0
0,2.35,0
0,2.35,0
0,2.05,0|0
0.72;0.6;0.32;0.12;0.07,2.65,200
1.86;0.45;0.4;0.4;0.1,2.35,200
0,1.85,0
0,1.85,0
0,2.65,0
0,2.35,0
0,1.85,0|0
0,2.65,0
1.86;0.12,2.05,200|200
0,1.85,0
4.59;2.88;1.86;1.56;0.68,2.35,200
0,1.85,0
0,2.35,0
0,2.65,0
0.82;0.6;0.25;0.12;0.11,1.85,200
1.03;0.8;0.42;0.28;0.19,1.85,200
0,1.85,0
0,1.85,0
0,1.85,0
0,1.85,0
0,1.85,0
0,1.85,0
9.77;1.12;0.5;0.48,2.05,200
0.42;0.02,1.85,200|200
0,2.35,0
0,2.35,0
0,1.45,0
0,1.45,204
2.46;1.86;0.96;0.76;0.6,2.05,200
0,1.85,0|0
0.26;0.05,2.65,200
0,2.65,0
0,2.05,0|0
3.04;0.96;0.51;0.41;0.28,1.85,200
0.08;0.02,2.05,200|200
2.04;1.03;0.6;0.34;0.28,2.65,200
0,2.65,0
5.66;1.88;1.4;1.27;1.13,2.05,200
0,1.85,0|0
0,1.85,204|204
2;1.35;1.14;1.01;1,1.85,200
0,2.05,204|204
0,1.45,0
0,2.05,0|0
0.42;0.36;0.02,2.35,200
0,1.85,204|204
0.02,2.65,200
0.04;0.02,1.85,200
0,1.85,204
0,1.45,0
0,2.05,0|0
0,2.05,0|0
0,2.35,0
0,2.05,0|0
0,2.05,204|204
0,1.85,0|0
0.12;0.02,2.65,200
0,2.65,0
0.9;0.52;0.12;0.03,2.05,200|200
0,1.85,0|0
0,2.35,204
0,1.85,0
0,2.35,204
0,1.45,0
0.76;0.33;0.15;0.02,1.85,200
0,1.85,0
0,2.65,0
0,1.85,0|0
0,1.85,0
0,2.65,0
0,1.85,0|0
0,2.35,0
0,2.35,0
0,1.85,0
0,2.35,0
0,1.85,204
0,2.65,0
0,2.05,0|0
0,2.65,0
0.52;0.12;0.08;0.02,1.45,200
0,2.35,0
0,1.45,0
5.95;1.8;1.75;1.2;0.79,2.05,200
0,1.45,0
0,2.35,0
1.86;0.12,2.35,200
0,2.35,204
0,2.35,0
0,2.65,0
0,2.65,204
0,1.85,0
0,1.85,0|0
0,2.65,0
0,1.85,0
0,2.35,0
0,1.85,0
0,1.85,0
0,1.45,0
0,2.65,0
0.72;0.61;0.48;0.37;0.32,1.85,200|200
0,1.85,0
0,1.85,0|0
0.08,1.85,200
1.2;1;0.56;0.47;0.34,2.35,200
0,1.85,0
0,1.85,0
0,2.65,0
0,1.45,0
0,1.85,0|0
0,2.35,0
0,1.45,0
0,2.65,0
0,2.35,0
1.86;0.96;0.92;0.34;0.32,2.65,200
0,2.05,0|0
0,1.85,0|0
0,2.05,0|0
0,1.85,204|204
1.4;0.49;0.48;0.36;0.16,1.45,200
0.02,1.85,200|200
0,2.05,0|0
0.01,1.85,200|200
0.02,1.85,200
0,1.85,0|0
3.45;2.59;1.8;1.49;1.01,2.05,200
0,2.65,0
0.72;0.45;0.2;0.02,2.35,200
0,1.45,0
0,2.35,0
0,1.85,0|0
0,1.45,204
0,1.85,0|0
0,2.65,0
1.2;0.02,1.85,200
0,2.05,0|0
0,2.05,0|0
0,2.05,0|0
0,2.05,204|204
0,2.35,0
1.03;0.43;0.1;0.07,1.85,200
0,2.05,0|0
0,1.85,0|0
0,2.35,0
0,1.85,0
0.88;0.04,1.85,200
0,1.85,0|0
0,1.85,0|0
0,2.65,0
1.94;1.15;1.03;0.8;0.77,1.85,200|200
0,2.65,0
0,2.35,0
0,1.45,0
0,1.85,0
3.32;0.96;0.57;0.51;0.38,1.85,200
0,2.05,0|0
0.27;0.06;0.02,2.35,200
0,1.85,0
0,1.85,0
0,2.35,0
0,2.05,0|0
0,2.35,204
0,1.45,0
0,1.45,0
0.96;0.02,1.45,200
0,1.85,0|0
0,1.85,0
0,2.65,0
0,1.85,204
0,1.45,0
0,2.05,0|0
0,2.35,204
0,1.45,0
0,1.45,204
0,1.85,0|0
0,2.05,0|0
0.12,2.65,200
0,2.35,0
0,2.65,0
0,1.85,0
3.2;2;0.85;0.76;0.6,2.35,200
0,1.85,0
0,2.65,0
0.42;0.12;0.02,1.45,200
0,2.65,0
0,1.45,0
0,2.05,0|0
0,1.85,0|0
0,2.65,0
0.01,2.05,200|200
0,1.85,0|0
0,1.85,204|204
0,1.85,0|0
0,1.85,0|0
0,2.65,0
0,2.65,0
0,1.85,0
0,2.05,0|0
0.51;0.4;0.2;0.14,1.85,200|200
0,2.35,0
0,1.85,0|0
13.32;0.42;0.12,1.45,200
2.57;0.47;0.41;0.33,1.45,200
0,2.65,0
0.24;0.12;0.02,2.65,200
0.89;0.68;0.54;0.28,1.85,200
0,2.05,0|0
0,2.05,0|0
0.12,2.65,200
0,2.05,0|0
0.07,1.45,200
0,2.05,0|0
4.8;1;0.79;0.6;0.56,2.05,200
0,1.85,0|0
0.12;0.02,1.85,200|200
0.6;0.41;0.38;0.12;0.07,2.05,200|200
0,2.35,0
0,1.85,0
0.52;0.43;0.16;0.11;0.02,2.05,200|200
0.8;0.45;0.36;0.19;0.08,2.05,200|200
0,1.85,0
0,1.85,0
0,1.45,0
0,1.85,0|0
0,1.85,204
0,2.05,0|0
0,1.85,0
0,2.05,0|0
0.07,1.85,200
0,2.05,0|0
0,1.85,0|0
0.16;0.03,2.65,200
0,2.05,0|0
1.86;0.12;0.01,2.05,200|200
0,2.65,0
1.86;0.6;0.29;0.26;0.25,1.85,200|200
0,1.85,0
0,2.05,0|0
0,1.85,0
1.8;0.42;0.02,1.85,200|200
0,2.65,0
2.4;1.03;0.96;0.92;0.73,2.05,200
1.16;1;0.8;0.36;0.12,1.85,200
0,2.05,0|0
0,1.85,0
0,1.85,0|0
1.6;1.1;0.68;0.24;0.24,1.85,200
0,2.65,204
0,1.85,0|0
0,1.45,0
0,2.35,0
0.06;0.05,1.45,200
0,1.45,204
0,2.35,0
2.64;1.24;0.72;0.58;0.57,2.35,200
0,1.45,0
0,2.05,0|0
0,2.65,0
0,2.05,0|0
0,1.85,0
0,2.05,0|0
0,2.05,0|0
1.7;1.07;0.16;0.04;0.01,2.05,200|200
3.04;2.13;0.42;0.4;0.36,1.85,200
0,1.45,0
0,1.45,204
0,1.85,0|0
1.47;0.32;0.23;0.13,2.05,200|200
0.07;0.02,2.65,200
0,2.65,204
0,2.35,0
1.2;0.99;0.16;0.08;0.05,2.65,200
0,1.85,0
2.67;2;1.79;1.47;1.27,1.45,200
1.7;1.2;0.81;0.58;0.12,1.85,200
0.92;0.08;0.01,1.45,200
0,1.85,0|0
0.81;0.74;0.2;0.14,1.85,200
0,1.85,0
0,2.05,0|0
0,1.85,0|0
0,1.85,0|0
0,1.45,0
0,2.05,0|0
4.6;3.5;0.62;0.45;0.42,2.35,200
0,1.85,0
0,1.45,0
0,1.85,0
0,1.85,0|0
0.49,2.05,200|200
0.01,2.35,200
0,1.85,0|0
0,1.85,0|0
0,1.45,0
0,2.35,0
0.01,2.05,200|200
0.02;0.02,2.05,200|200
0,2.05,0|0
0,1.85,0
2.4;2.26;0.96;0.8;0.49,2.05,200
0,2.05,0|0
0.41;0.31;0.12;0.07;0.04,2.35,200
0,2.65,0
0,1.85,0
0,1.45,0
0,2.65,0
0,1.85,204|204
0.11;0.01,1.45,200
0,1.45,0
0,1.45,204
0,2.05,0|0
1.86;0.12,2.05,200|200
2.63;1.72;1.4;0.96;0.8,1.85,200|200
0,1.45,0
0,2.65,0
0,2.65,0
0,2.65,204
0,2.05,0|0
0,1.85,0|0
2.96;0.94;0.68;0.28;0.24,1.85,200
0,1.45,0
0,1.45,0
0,1.85,0|0
0,2.65,0
0.08;0.02,1.85,200|200
2.76;1.29;1.09;0.45;0.44,2.05,200
0,2.35,0
0.08,2.65,200
0,1.45,204
0,1.45,0
0,2.05,0|0
3.15;2.12;0.93;0.76;0.64,1.85,200
0,1.85,0
0,1.45,0
0,1.45,0
0,2.35,0
0,2.35,0
0,2.35,0
0,2.35,0
0,2.05,0|0
1;1;0.48;0.48;0.36,1.45,200
0.01,2.05,200|200
0,1.45,204
8;0.44;0.32;0.25;0.22,2.05,200
0,1.45,0
0.08;0.02,2.35,200
0,2.35,0
0.36;0.36;0.19;0.16,2.05,200|200
0,2.65,0
0,1.85,0
0.47;0.04;0.01,1.85,200
0,1.45,0
0,1.85,0
0,1.85,0
0,2.35,0
0,1.45,0
0,1.85,0
0,2.05,0|0
0,2.05,0|0
0.07,1.85,200
0,1.85,0|0
2.35;2.01;0.95;0.94;0.87,1.45,200
1.4;0.6;0.36;0.36;0.33,1.45,200
0,2.65,0
0,2.65,0
2.66;1.57;1;0.92;0.82,1.45,200
0,2.35,0
0,1.85,0|0
1.06;0.96;0.34;0.19;0.13,2.05,200|200
0,2.05,0|0
4;4;2.4;0.41;0.3,1.85,200
0,2.35,0
0,2.35,0
4.28;3.6;2.4;1.28;1.23,2.05,200
0,2.05,0|0
0,1.85,0
0.02,2.35,200
0,2.65,0
0.02,2.65,200
0.24;0.2;0.11;0.07;0.04,1.85,200|200
0,2.35,0
0,1.85,0
0,1.85,0
0,1.85,0
0,1.85,0
0,1.85,0
0,2.35,0
0,1.85,0
1.86;0.08;0.06,1.85,200
0,2.35,0
0,2.05,204|204
0,2.35,0
0,1.45,0
0.25;0.12;0.03,2.05,200|200
0,1.45,0
0,1.85,0
0,2.05,200|204
0,2.65,0
1.44;1.2;1.2;0.96;0.62,2.05,200|200
0,1.85,0
0,1.85,0
0,2.05,204|204
0,2.05,0|0
0,1.45,0
0,2.35,204
0,1.85,0
0,1.85,0|0
0,2.35,0
0,2.65,0
0.96;0.02,1.85,200|200
0,2.35,0
2.4;0.6;0.38;0.24;0.19,2.05,200|200
0,2.05,0|0
0,1.85,204|204
0,1.85,0|0
0,1.85,0|0
0.56;0.08,2.35,200
1;0.36;0.36;0.33;0.14,2.65,200
0,2.35,0
0,1.85,0|0
0,2.35,0
0,2.65,0
1.8;1.2;0.44;0.39;0.1,1.45,200
0,1.85,0
0,1.85,204|204
1.86;0.78;0.25;0.17;0.16,2.65,200
0,2.65,0
0,1.85,0|0
0,1.85,0|0
0,1.45,0
0,2.35,0
0,1.45,0
0,2.05,204|204
1.89;1.2;1.2;0.78;0.4,2.65,200
0,2.35,0
0,1.85,0
3.29;3.13;2.42;1.39;0.96,2.05,200
0,2.35,0
0,2.35,0
0,1.85,204
0,1.85,0|0
3.2;1.86;1.4;0.93;0.92,2.65,200
0,1.85,0
1.78;0.04,2.05,200|200
0,1.85,0|0
0,2.35,0
0,1.45,0
2.16;1.53;1.2;0.86;0.16,1.45,200
0,1.45,0
0,2.65,0
1;0.43;0.2;0.19,2.65,200
0,2.65,0
0,1.85,0|0
0,1.85,0
0,1.85,204|204
0,2.35,0
0,2.05,0|0
0.14,1.45,200
0,2.65,0
0,2.35,0
0,2.05,0|0
0,1.85,0|0
0.28;0.02,1.85,200
0,2.35,0
0,1.85,204|204
0,1.85,0
0,2.05,0|0
0,1.85,0|0
0,1.85,204
0,2.05,0|0
0,2.65,204
0,1.45,0
0.8,1.85,200
0,2.35,0
0,2.05,0|0
0,1.85,0
1.32;0.74;0.6;0.54;0.5,2.05,200|200
0,1.45,0
6.96;3.16;0.96;0.82;0.6,2.65,200
0,1.85,0
0.87;0.45;0.34;0.27;0.2,2.05,200|200
0,1.45,0
0,1.85,0
1.92;0.85;0.8;0.67;0.16,1.85,200
0,2.65,0
0.11,1.45,200
0,2.35,204
4.56;0.78;0.54;0.43;0.34,2.35,200
0,1.85,0
0.8;0.43;0.38;0.16;0.08,1.85,200|200
0,1.85,0
0,2.05,0|0
0,2.35,0
0,2.35,0
0,2.05,0|0
0,1.85,204|204
0,1.85,0
0,1.85,0|0
0,1.85,0
0.12;0.01,2.65,200
1.7;1.56;0.4;0.37;0.23,1.85,200|200
0,2.05,0|0
0,2.05,0|0
0,2.35,0
0,1.85,0
0,1.85,0|0
0.8;0.24;0.21;0.2,2.05,200|200
1.29;0.86;0.8;0.28;0.2,2.05,200|200
0,1.85,0
0,1.85,0
0.32,2.35,200
0,1.45,0
15.2;10.08;1.86;1.84;1.7,2.35,200
0,1.45,0
1.2;1;0.99;0.92;0.84,1.85,200|200
0,1.85,0|0
0.09,2.65,200
0,2.05,0|0
0,2.65,0
0,2.05,0|0
0.2;0.02,2.65,200
7.18,2.05,200
0.09,1.85,200
0.01,1.85,200|200
0,1.85,0|0
0,1.45,0
0,2.35,0
0,2.05,0|0
3.04;2.71;2;1.49;0.96,2.05,200
1.44;0.8;0.68;0.45;0.02,2.65,200
0,1.45,0
0.24;0.21;0.19;0.04,2.65,200
0,1.85,0
0,1.45,204
0,2.65,0
0.3;0.02,2.65,200
0.8;0.68;0.64;0.52;0.27,2.35,200
4.11;1.26;1.22;0.96;0.8,2.05,200
0,2.35,0
0,1.85,0
0,1.45,0
0.94;0.12,1.85,200
0,2.05,0|0
1.86;0.83;0.24,1.85,200|200
0,2.05,0|0
0,2.65,0
0,2.35,0
0,2.05,0|0
0,2.05,0|0
0,1.85,0|0
0,2.35,204
0,1.85,0
0,1.85,0
0,2.35,0
1;0.96;0.56;0.55;0.5,1.45,200
0,2.05,0|0
0,1.45,0
0,2.65,0
0,1.45,0
2.56;2.12;1.97;1.4;1.12,2.35,200
0,2.05,0|0
0.23;0.16;0.12;0.08;0.02,2.65,200
1.16;0.02,2.35,200
0.02,2.65,200
0,2.05,0|0
0.07,2.35,200
0,2.65,0
0,2.05,0|0
0,1.85,0
1.26;1.03;1;0.84;0.8,1.45,200
0,2.65,0
0,2.65,0
3.45;1.7;1.52;1;0.7,2.35,200
0.09,1.85,200
0,2.35,0
0,2.35,0
0,2.05,0|0
0,1.85,0|0
0,2.65,0
1.2;1.15;0.6;0.53;0.43,1.85,200
0,2.05,0|0
0,2.05,0|0
0,2.65,0
2.6;1.43;0.8;0.79;0.6,2.35,200
1.86;0.12;0.03,1.85,200|200
0,2.65,0
0,1.85,0|0
2.03;0.45;0.02;0.01,1.85,200
0,2.35,0
0,1.85,0
0,1.85,0
0,2.05,0|0
0,2.65,0
1.4;0.45;0.04;0.02,1.85,200|200
0,2.05,0|0
2.4;1.2;0.7;0.54;0.48,2.35,200
0,1.85,0|0
0,2.05,0|0
0,2.05,0|0
0,1.85,0|0
4.32;2.2;1.89;1.86;1.74,2.05,200|200
0,1.85,0|0
0,1.85,0
2.66;1.18;0.96;0.24;0.05,2.05,200
0,2.35,0
0,1.85,0|0
4.68;2.6;1.61;1.15;0.93,2.35,200
0,2.65,0
1.2;1.04;0.96;0.49;0.32,2.35,200
0,2.35,0
0,1.85,204|204
0,2.65,0
0,2.35,0
0,2.05,0|0
0,1.85,0|0
0,2.35,0
0,1.85,0
0,1.85,0
0,2.65,0
0,2.05,0|0
0,2.05,0|0
0,1.85,0|0
3.68;2.2;0.79;0.57;0.36,2.35,200
0,1.45,0
0,2.05,0|0
1.6;1.56;1.39;1.33;0.85,1.45,200
0,2.35,0
0,1.85,0|0
7.32;0.8;0.22;0.07,1.45,200
0,2.35,0
0,1.85,0
6.18;0.69;0.49;0.11;0.1,2.35,200
0,2.35,0
0,2.35,0
0.8;0.27,1.85,200
0,1.45,0
0,1.85,0
0,1.45,0
1.2;1.07;0.4;0.28;0.16,1.85,200|200
0,2.05,204|204
0.68;0.12,1.45,200
0,1.85,0
0,1.85,0
0,1.85,204
0,1.85,0
0,2.35,0
0,2.35,0
0,1.85,0
0.27;0.03,1.45,200
0,1.45,0
8;5.92;2.8;1.84;0.84,2.05,200
1.86;0.35;0.08,2.35,200
0.59,2.65,200
0,2.05,0|0
0,2.05,0|0
0,2.35,0
0,2.35,0
0,2.35,0
0,2.65,0
0,1.45,0
0,1.85,0|0
0,1.45,0
0,2.05,0|0
0,1.85,0|0
0,2.35,204
0,2.35,204
4.35;1.4;0.54;0.51;0.4,1.85,200
0.07,1.85,200|200
0,1.85,0|0
0,1.45,0
0.01,2.35,200
0.07;0.02,2.65,200
0,1.85,0|0
0,1.85,0
2.22;1.47;0.31;0.14;0.12,1.45,200
12;3.04;2.6;1.4;0.68,2.05,200
0,2.05,204|204
0,1.45,0
0,1.45,0
0,2.35,0
0,2.05,0|0
0,1.85,0
0,2.65,204
0,1.85,0
0,1.85,0
0,2.05,0|0
0,2.05,204|204
0,1.85,0|0
0,2.05,0|0
1.2;0.8;0.16;0.11;0.11,1.85,200|200
0.59;0.04,2.05,200|200
0,1.85,0|0
1.14;1.08;0.57;0.48;0.1,2.05,200|200
0.79;0.02,1.85,200|200
0.02,1.85,200|200
0,1.85,0
0,2.65,0
0,2.05,0|0
0,2.05,0|0
0,1.45,0
0,2.65,0
0.3,1.85,200
0,2.65,0
0,1.85,0|0
0,1.85,0
0.25;0.19;0.12;0.08;0.04,1.85,200
0,2.65,0
0,1.85,0
0,1.45,0
1.21;1.03;0.8;0.16;0.02,1.85,200
0,2.05,0|0
4.28;2.77;1.2;0.87;0.59,2.35,200
0,2.65,0
0,2.05,204|204
1.67;1.41;1.2;0.45;0.45,2.05,200|200
0,1.85,0
0,2.05,0|0
0,2.65,0
1.23;0.7;0.43;0.39;0.32,2.35,200
0,2.35,0
0.03,2.05,200|200
2.64;2.57;2.4;1.55;0.88,2.05,200
4.46;1.66;0.96;0.15,2.35,200
1.86;0.12;0.12,2.35,200
0.85;0.6;0.37;0.32;0.2,1.85,200
0,2.35,0
0,2.05,0|0
0,1.85,0|0
0,1.85,0
0,1.85,0|0
0,1.85,0
12;2.33;1.4;1.2;1.11,1.85,200
0,1.85,0|0
1.56;1.09;0.48;0.45;0.2,2.05,200|200
0,2.35,0
0.04;0.02,2.35,200
0.08,1.45,200
0,1.45,0
0,1.85,0
0,2.05,0|0
1;0.56;0.49;0.07,1.85,200
0,2.65,0
0,1.85,0
0,2.65,0
0,1.45,0
0,2.05,0|0
0,1.85,0
0,1.45,0
0,1.85,0
0,1.85,0|0
0,1.45,204
0,1.85,0
3.03;2;1.38;0.88;0.53,2.05,200
0.44,1.45,200
0,1.45,0
0,1.85,0
0,2.65,0
0.07,2.65,200
2.48;1.18;0.83;0.71;0.56,2.35,200
0,1.85,0
0,1.85,0
4;2.02;1.59;1;1,2.05,200
0,2.65,0
0,2.05,0|0
4.2;2.4;2.17;1.2;0.75,2.65,200
0,1.45,0
0,1.45,0
0,1.85,0|0
0,2.05,0|0
0,2.35,0
0.12,1.85,200
0.68;0.08;0.04;0.01,1.45,200
0,1.85,0
0.02,2.65,200
0,1.85,0|0
1.36;1.32;0.93;0.85;0.78,1.85,200|200
2.6;1.89;1.49;0.95;0.8,2.05,200
1.76;0.72;0.19;0.09,2.35,200
0.71;0.5;0.13;0.08;0.01,2.05,200|200
0,1.85,0|0
0,1.45,0
0,2.05,204|204
0,2.05,0|0
0,1.85,0|0
7.08;2.2;0.93;0.84;0.74,2.05,200
0,2.05,0|0
0,2.35,0
0,1.45,0
0,1.85,0
2.14;1.89;1.03;0.24,2.05,200
0,2.35,0
0,1.85,0|0
1.4;0.93;0.92;0.79;0.51,2.05,200|200
0.18;0.12;0.02,2.35,200
0,2.35,0
0,1.85,0
0.04;0.02,1.85,200|200
0.08,2.05,200|200
0,1.85,0
0,1.85,0
0,1.85,204
0,2.65,0
0,2.05,0|0
0,1.85,0|0
0,2.05,0|0
6.18;0.8;0.72;0.6;0.24,2.65,200
0,1.85,0|0
0,2.05,0|0
0,1.45,0
0,1.45,0
0,2.35,204
0,2.05,0|0
0,2.35,0
0,2.35,0
0,2.35,0
0,1.85,0|0
0,1.45,0
0,1.85,0
0,1.85,0
0,2.05,0|0
0,2.65,0
0.02;0.01,2.65,200
2.66;2.65;0.88;0.43;0.24,1.85,200
1.7;0.55;0.03,1.85,200|200
0.59;0.48;0.39;0.14;0.08,2.05,200|200
0,1.85,0|0
2.4;0.93;0.45;0.43;0.32,1.45,200
0,2.05,200|204
0,1.85,0|0
0,1.85,0|0
0,1.45,0
0,2.35,0
0,2.35,0
0,2.65,204
0,1.45,0
0,2.65,0
0,2.65,0
0,1.85,0|0
0,1.85,204
0,2.35,0
0,2.65,0
0,1.85,0|0
0,1.85,0|0
5.23;1;0.98;0.97;0.72,2.65,200
0,1.85,0
0.24,2.05,200|200
1.4;1;0.6;0.22;0.01,1.45,200
0,1.85,0|0
0,2.05,0|0
0.24,1.85,200
0.6;0.53;0.06,1.85,200
0,2.35,0
0,2.35,0
0.12,1.85,200|200
0,2.65,0
0,1.85,0
0,2.35,0
0,1.85,0|0
0,1.85,0|0
0,1.45,0
0,1.85,0
0,1.85,0
0,1.85,0|0
0,1.85,204|204
0,1.45,0
0,1.85,0
0,1.45,0
1.53;1.03;0.44;0.27;0.11,2.65,200
0.12;0.01,1.45,200
0,2.05,0|0
0,2.35,0
0,2.05,0|0
0,1.85,0|0
0,2.05,204|204
1.2;0.8;0.72;0.55;0.45,2.05,200|200
0,2.65,0
0,1.45,0
0,2.35,0
0,2.05,0|0
0,1.85,204|204
2.76;1.8;1.77;1.26;1.03,1.45,200
0,2.35,0
0,1.85,0|0
0,2.35,0
0,1.45,0
0.7;0.64;0.54;0.32;0.19,2.65,200
0,1.45,0
0,2.05,0|0
0,1.45,0
0.12;0.02,1.85,200|200
0,1.85,0
0,2.65,0
0,1.45,0
0,2.05,0|0
0,2.65,0
1.76;0.75;0.47;0.12;0.12,1.45,200
0,2.65,0
0.31,2.05,200|200
1.32;1.03;0.76;0.72;0.54,2.65,200
0,2.05,0|0
0,2.05,0|0
0,1.45,0
0,1.85,0|0
0,1.85,0
0,1.85,204|204
0,2.65,0
1.56;1.42;1.39;1.03;0.31,2.35,200
0,1.85,0|0
1.4;0.81;0.71;0.6;0.49,2.65,200
0,2.35,0
0,1.45,204
0,1.85,0
0,2.65,204
0,2.05,0|0
0,1.45,0
0,2.35,0
0,1.85,0|0
0.68;0.12,2.35,200
0.85;0.69;0.4;0.2,1.45,200
6.66;1.77,1.85,200|200
0,2.05,0|0
0,2.05,0|0
0,2.35,0
0,1.85,0|0
0.51;0.37;0.2;0.02,1.85,200
0,1.85,0|0
0,2.05,0|0
1.24;0.88;0.65;0.24;0.1,1.85,200|200
2.25;0.8;0.6;0.56;0.45,2.05,200
0.93;0.86;0.53;0.49;0.48,1.85,200
0,1.85,0
0.83;0.54;0.43;0.3;0.24,2.35,200
0,2.35,0
0.98;0.8;0.28;0.16;0.07,1.85,200|200
0,2.05,0|0
0,1.85,0
0,1.45,0
0,2.05,0|0
0,1.85,0
3.4;3.04;0.84;0.64;0.56,2.35,200
0,1.85,0
0,2.35,0
0,1.85,0
0,1.85,0
0,2.05,0|0
0,1.85,0
0,2.05,0|0
0,2.05,0|0
0,1.85,0|0
0,2.05,0|0
0,1.85,0
0,1.85,0|0
1;0.96;0.54;0.45;0.41,2.05,200|200
0,1.85,204
0,2.35,0
0,2.65,0
0,2.65,0
0,2.35,0
0,2.65,0
1.03;0.52;0.19;0.11;0.11,2.35,200
0,1.45,0
0,1.85,0|0
0.04;0.01,1.45,200
0,2.65,0
2.4;1.86;0.87;0.84;0.68,2.35,200
0,1.45,0
0,2.05,0|0
0,1.85,0|0
0.6;0.08;0.02,2.05,200|200
0,2.05,0|0
0,1.85,0
1.18;1.13;0.88;0.7;0.6,1.85,200|200
0.12;0.08,2.05,200|200
0,2.65,0
0.02,2.65,200
0,2.65,0
0,1.45,0
1.21;0.64;0.24;0.17;0.15,2.35,200
0,1.45,0
0,2.05,0|0
0,2.35,0
0,1.45,0
1.47;0.31;0.19;0.05,2.35,200
0,1.85,0
0.72;0.32;0.08,2.65,200
0,2.35,0
0,1.85,0
0,2.65,0
0,2.05,0|0
0,1.45,0
0,1.85,204|204
0,1.45,0
0,2.65,0
0.68;0.52;0.34;0.28;0.16,1.85,200
0,2.05,0|0
0,1.85,0
0,2.05,0|0
2.24;1.73;0.76;0.74;0.54,2.05,200
0,2.35,0
0,2.05,0|0
2.4;0.88;0.56;0.52;0.2,1.45,200
0,2.35,0
3.45;3.2;2.71;0.67;0.5,2.05,200
0,2.05,0|0
0,1.45,0
0.08,2.65,200
0,1.85,0|0
0,2.35,0
0,2.35,204
0,2.65,0
0,1.85,0|0
1.2;0.64;0.04,2.35,200
0,2.05,0|0
2.8;1.2;0.87;0.46;0.43,2.05,200
0,2.05,0|0
0.12;0.02,1.85,200
0,2.65,0
0,2.35,0
6.18;3.44;2;1.29;0.69,2.35,200
2.34;0.61;0.6;0.47;0.43,2.05,200
0,2.05,0|0
0.43;0.14;0.12,2.05,200|200
0,2.65,0
1.4;1;0.36;0.36;0.29,1.45,200
0,1.45,0
3.8;1.86;0.96;0.6;0.47,1.85,200
0,2.05,0|0
0,1.85,0|0
0,1.85,0
0,1.85,204|204
0.08;0.02,1.85,200|200
0,1.85,200|204
0,2.35,0
0,1.45,0
0,1.85,0
0,1.45,0
0,2.05,0|0
0,1.45,0
0,2.35,0
0,1.45,0
0,2.35,0
0.12,1.85,200|200
0,1.85,0|0
0.81;0.8;0.76;0.52;0.2,1.45,200
1.79,2.05,204|200
0,1.85,0
1.31;0.68;0.64;0.6;0.52,2.65,200
0.64;0.6;0.53;0.44;0.34,1.85,200|200
0,1.85,0
0.12,2.35,200
0,1.85,0
0,1.85,0|0
1.67;0.42;0.18;0.11;0.06,1.85,200|200
0,1.85,0
1.16;1.1;0.85;0.82;0.63,1.85,200
0,2.05,0|0
0,2.65,0
0.23;0.1;0.09;0.07;0.02,1.45,200
0,2.35,0
1.86;0.12,2.05,200|200
0,1.45,0
0,1.45,0
0,1.85,0
0.03,1.85,200
0,1.45,0
0,1.85,0|0
0,1.85,0|0
0,2.35,0
0,1.85,0
0,1.45,0
0,1.85,0|0
0,1.85,0|0
0,1.85,0|0
0.14;0.12,2.35,200
0,1.45,0
0,2.35,0
0,1.45,0
0.85;0.8;0.64;0.6;0.59,2.05,200|200
0,2.05,0|0
0,2.35,0
0,1.85,0
1.86,1.85,200
0,1.85,0
0.2;0.06,1.45,200
0,1.85,0
0.12,2.05,200|200
0,2.65,0
0,2.65,0
0,1.85,0
0,2.05,0|0
0,1.45,0
2.08;1.79;0.3;0.15;0.03,2.05,200
0.8;0.58;0.27;0.06;0.02,1.85,200|200
0,1.85,0|0
0,2.05,0|0
6.83;2.84;2.4;1.86;1.72,2.05,200
0,2.05,0|0
0,1.45,204
0,2.35,0
0,2.65,204
0,1.45,0
0,2.65,0
0,1.85,204
1.4;1.2;0.85;0.68;0.64,1.85,200
0,1.45,0
0,2.35,0
0,1.85,0|0
0,1.85,0
0,2.65,0
0.5;0.45;0.43;0.39;0.37,1.85,200
6.3;4;3.64;1.84;1,2.05,200
0,2.05,204|204
1.14;0.79;0.36;0.13,1.45,200
0,1.45,0
1.03;0.53;0.51;0.26;0.19,2.35,200
0,1.85,0|0
14.4;1.86;1.2;0.88;0.17,2.05,200
0,2.05,0|0
0,2.35,0
0,1.85,0|0
0,1.85,0
1.32;0.8;0.6;0.54;0.44,2.05,200|200
0,1.85,200|204
5.32;0.4;0.04,1.45,200
0,2.65,0
0,1.85,0|0
0,1.45,204
0,2.35,0
0,2.35,0
0,2.05,0|0
1.4;0.3;0.24;0.17;0.13,2.05,200|200
0,1.85,0|0
4.96;2.32;1.26;0.4;0.12,2.35,200
0,2.65,0
2.52;1.2;0.68;0.32,2.05,200
0.03;0.02,1.85,200|200
0,1.85,0
0.01,1.85,200
0,1.85,204
0.07,1.45,200
2.04;1.03;1.01;0.88;0.4,1.45,200
0,2.05,0|0
1.36;0.45;0.43;0.12;0.05,2.35,200
2.03;1.03;0.23;0.12,1.45,200
0.42;0.32;0.11;0.08,2.35,200
0,2.65,0
0,1.85,0|0
0.02;0.01,1.85,200
1;0.96,1.45,200
2.6;1.4;0.76;0.6;0.13,2.05,200
0,2.35,0
0,1.85,204|204
0,2.35,204
0,2.35,0
0,1.85,0|0
0,1.45,0
0,1.85,204|204
1.89;0.81;0.74;0.68;0.64,1.85,200|200
0,2.35,0
0,2.65,0
0,2.35,0
0,1.45,0
0,1.85,0
1.86;1.47,2.65,200
0,1.85,0
1.86;0.7,2.35,200
0,1.85,0|0
0,1.85,0
0,2.05,0|0
1.2;1;0.68;0.23;0.11,1.45,200
0.12;0.02,1.85,200
0,2.05,0|0
0,1.45,0
0,1.45,0
0,2.65,0
0,1.85,0|0
0,2.35,0
0,2.05,204|204
0,2.05,0|0
0,1.85,0
0,1.45,204
0,2.35,204
0.04;0.02,2.35,200
0,2.05,0|0
0,1.85,0
0.76;0.56;0.29;0.23;0.2,2.35,200
1.03;0.96;0.3;0.05,2.35,200
0,1.85,0
0,2.35,0
0,1.45,0
0,2.35,204
0,1.45,0
0,2.05,0|0
0.12;0.02,1.45,200
0.12,2.05,200|200
0,2.65,0
0,2.35,204
0,1.85,0
0,1.85,0|0
0,1.85,0|0
0,2.05,0|0
0,1.85,0|0
0,2.05,0|0
0,2.35,0
2.6;1.45;0.78;0.76;0.65,1.85,200
1.2;0.95;0.88;0.58;0.14,1.85,200
0,1.85,0
0.13;0.02;0.02,2.35,200
0.56;0.12,2.35,200
0,2.65,0
0.02,2.05,200|200
0,2.35,0
0,1.85,0|0
1.09;0.25;0.24;0.17,2.05,200|200
0,1.85,0
0,1.45,0
0,2.05,0|0
0.21;0.12,2.65,200
0,2.05,0|0
0,2.35,0
1.63;1.4;0.91;0.48;0.45,1.85,200
0,1.45,0
0,1.85,0
1.03;0.88;0.55;0.06,1.45,200
0,2.35,0
0,2.05,0|0
0,1.85,0|0
0,2.05,0|0
0,1.45,0
0,2.05,0|0
0.01,2.35,200
0,2.65,0
0,2.65,0
0,1.85,0
0,2.35,204
0,1.45,0
0,1.85,0|0
0,1.85,204|204
0,1.85,0
0.14;0.12,1.85,200|200
0,2.35,0
0,2.35,0
0,1.85,0|0
0,1.85,0|0
0,2.05,0|0
0,1.85,0|0
0.88;0.25;0.11,2.35,200
0,1.45,204
0,1.85,0|0
0.36;0.01,2.35,200
1.52;0.64;0.06,2.35,200
0,2.05,0|0
1.2;0.36;0.28;0.07;0.02,2.05,200|200
0.76;0.32;0.16;0.12;0.06,1.85,200
0,1.85,0
0,1.85,0
0,1.85,0
0,1.45,0
0,1.85,0|0
0,1.45,0
0,1.45,0
0,1.85,0|0
0.02;0.02,1.85,200|200
0,2.05,0|0
0.09;0.01;0.01,1.45,200
0,1.85,0|0
0,1.45,0
3.57;3.45;0.84;0.6;0.58,2.05,200
0,1.85,0|0
0.12,1.85,200|200
0,1.45,0
0,2.05,0|0
0.02,2.05,200|200
0,1.85,200|204
3.64;2.33;1.4;1.23;0.88,1.85,200
2.2;1.86;1.13;1.02;1,1.85,200|200
2.4;1.72;1.51;0.74;0.42,1.85,200
0,2.05,0|0
0,2.05,0|0
0,1.85,0
0,2.05,0|0
0,2.05,0|0
0,2.35,0
0,2.05,0|0
0.12,2.35,200
0,2.65,0
0,2.05,204|204
0,2.65,0
0,1.45,0
0.34;0.31;0.14;0.11;0.03,2.35,200
1.7;0.02,2.05,200|200
0,2.35,0
0,1.85,0|0
0,1.85,0|0
0.76;0.24;0.19;0.14;0.1,2.35,200
0,1.85,0
1.86;0.14,1.45,200
0.14,2.65,200
6.45;2.88;2.47;0.4;0.36,2.35,200
0,1.85,0
0,1.85,0
0.08,2.35,200
0.36;0.35;0.27;0.2,2.65,200
0,2.35,0
0,1.45,0
1;0.6;0.56;0.12,2.65,200
0,2.05,0|0
0,1.45,0
0.31,2.05,204|200
0,2.65,0
0,2.05,0|0
0,1.85,0|0
3.04;0.68;0.44;0.37;0.36,2.05,200
0,1.85,0|0
0,1.85,0
0,2.05,0|0
0,1.85,0
0,2.35,204
1.4;0.91;0.78;0.75;0.68,1.85,200|200
0,1.45,0
0,1.85,0
0,2.05,0|0
0.3;0.25;0.22;0.04;0.03,2.35,200
2.11;1.66;0.64;0.61;0.38,2.35,200
1.4;1.37;1.06;0.76;0.74,2.05,200|200
0,2.35,0
0,1.85,0|0
0,2.05,0|0
0,1.85,204|204
0,1.85,0
0,2.65,0
0,1.85,0|0
0,2.05,0|0
0,2.65,0
0,2.65,0
0,1.85,0
0,1.85,200|204
0,2.05,0|0
0,1.85,0
0.8;0.48,2.65,200
1.03;0.88;0.23,2.35,200
1;1;0.7;0.54;0.35,2.05,200|200
3.76;1.52;0.96;0.36;0.14,2.35,200
0,1.85,0
0,2.65,0
0,1.45,0
0,1.85,0
0,2.65,0
6.47;3.24;3.04;0.49;0.17,2.05,200
0,1.85,0
0,2.35,0
0,1.85,0
0,2.35,0
0,2.05,0|0
0,1.85,0|0
0,2.65,0
0.96;0.48;0.45;0.32;0.31,1.85,200
0.34,1.85,200
0,2.05,0|0
0,2.65,0
0,1.45,0
0.81;0.34;0.12,1.45,200
0,2.65,0
0,2.05,0|0
2.89;2.58;1.08;0.76;0.57,1.85,200
0.31,2.05,200|200
0,1.85,0
0.18;0.12,1.45,200
0,1.85,204
0,2.65,0
0,2.05,0|0
0,2.35,0
1.03;0.51;0.45;0.24;0.14,2.65,200
0,2.05,0|0
3;1.12;0.87;0.67;0.6,2.65,200
0,2.65,0
0.02;0.01,1.85,204|200
0,2.05,0|0
0,1.45,0
0,2.35,0
0.78;0.58;0.45;0.11;0.05,2.35,200
0,1.85,0|0
0,1.85,0
0,2.65,204
0,1.45,0
0,2.05,0|0
0,2.35,0
0,1.85,0
1.45;0.16;0.06,2.35,200
6.18;0.8;0.8;0.2;0.19,2.05,200
0,2.65,0
0,1.45,204
0,1.85,0|0
0.19;0.07;0.07;0.05,2.35,200
0.12;0.07;0.01,1.85,200
0,1.85,0|0
0,1.85,0|0
5.6;2.4;1.28;0.88;0.72,1.45,200
0.12,2.65,200
0,1.85,0
0,2.05,0|0
0,1.85,200|204
0,1.85,0
0,1.85,0|0
0,2.05,0|0
0,2.35,0
0,1.85,0|0
0,2.05,0|0
0,2.05,0|0
3.04;0.54;0.43;0.41;0.39,2.05,200
0,1.85,0
0,2.35,0
0,2.35,0
0,2.05,0|0
0,1.85,0
0,1.85,204|204
0.93;0.28;0.23;0.2;0.16,2.05,200|200
0.86;0.68;0.47;0.45,2.65,200
0,1.85,0|0
0,2.65,0
0,2.65,204
0.01,2.05,200|200
0,2.65,0
0,2.35,204
0,2.35,0
0,2.65,0
0,2.05,204|204
0,2.35,0
0.96;0.68;0.43;0.27;0.09,2.65,200
0,2.65,0
0,1.85,0
0,1.45,0
0.91;0.68;0.44;0.43;0.42,1.85,200|200
0,1.85,0|0
0,1.85,0|0
2.11;1.8;1.4;1.11;0.87,2.05,200
4;3.67;3.53;0.64;0.23,2.05,200
0,1.85,0
0,1.45,0
0.12,1.45,200
0,2.35,0
0,2.35,0
0.08,2.35,200
0,1.45,0
0,2.35,0
4;1.15;1.04;0.79;0.4,2.05,200
0.02,1.85,200|200
1.05;0.43;0.42;0.19;0.08,2.65,200
0,2.05,0|0
0,1.85,0|0
0,1.85,0|0
1.4;0.57;0.42;0.42,2.65,200
0,2.35,0
0,1.45,0
0,1.85,200|204
0,1.85,0|0
0,1.45,0
0,1.85,0|0
0,2.35,204
3.06;0.96;0.89;0.6;0.4,2.05,200
6.18;1.11;0.41;0.37,1.45,200
0,1.85,0
0,2.05,204|204
0,2.05,0|0
1.86;0.12;0.12,2.65,200
1.47;1.12;0.24;0.16;0.09,1.45,200
0,1.85,0
0,2.65,0
0,1.45,0
0,1.45,0
0,1.85,0
0,2.65,0
0,1.85,0
0,2.05,0|0
2.8;1.2;1;0.72;0.22,1.85,200
2.4;0.64;0.4;0.29;0.25,2.05,200
0,1.45,0
0,2.35,0
0,1.85,0
0.01,1.45,200
0,2.65,0
0,2.65,0
0,2.35,0
0,2.65,0
0,1.85,0
0,2.65,204
2.32;1.76;0.08;0.02,2.05,200|200
0,2.35,0
0,2.65,0
0,1.85,0
0.42;0.21;0.2;0.19;0.14,2.35,200
0,2.05,0|0
0,1.85,0
0,2.35,0
0,1.85,0|0
0,2.05,204|204
0,2.35,0
0,1.85,0|0
0,2.05,0|0
0.16;0.14;0.07,2.05,200|200
0,2.65,0
0,2.65,0
0,1.85,0|0
0,2.05,0|0
0,1.85,0|0
0,2.05,0|0
0,2.05,0|0
0.2;0.14,2.35,200
0,2.65,204
0,1.85,0|0
0,2.35,0
0,1.45,0
0.19,1.85,200|200
0,2.35,0
0,2.35,0
0,1.85,0
0,2.35,0
0,1.45,0
0,1.45,0
0,2.35,0
0,2.65,0
1.2;0.41;0.4;0.09;0.06,2.05,200|200
0,1.85,0|0
1.86;0.12,1.45,200
0,2.05,0|0
0,1.85,0
0,2.35,0
0,1.85,0
0,1.45,0
0,2.05,0|0
0,1.45,0
0.08,1.45,200
0,1.85,0
0,2.35,0
0,1.85,0|0
0,2.65,0
0,2.05,0|0
0,1.85,0
0,2.05,204|204
0,1.85,0
0,2.05,0|0
0,2.65,0
0,1.85,0|0
3.6;1.64;1.3;0.84;0.22,1.85,200|200
0,1.45,0
1.7;1;0.86;0.81;0.74,1.45,200
0.57;0.56;0.42;0.41;0.3,2.35,200
1.33;1.2;0.67;0.48;0.38,2.05,200|200
0,2.05,0|0
0,2.65,204
0,1.85,0
0.55;0.3;0.27;0.17;0.07,1.85,200|200
0.76;0.46;0.28;0.14,2.05,200|200
0,1.85,0
0,2.35,0
8.41;1.2;0.9;0.59;0.48,1.85,200
0,2.65,0
0.71;0.12,2.35,200
0,1.85,0|0
1;0.55;0.3;0.26;0.14,1.85,200|200
0,1.85,0
0,2.05,0|0
0,2.05,0|0
0,1.85,0
2.67;1.4;1.22;1.13;0.68,2.65,200
0,1.85,0|0
0.4,2.05,200|200
0.52;0.42;0.36;0.05,2.65,200
0,1.85,0|0
0,1.85,0|0
0.76;0.27;0.22;0.16;0.11,1.85,200|200
0,1.85,0|0
0.01,1.85,200
0,1.85,0
0,1.85,204|204
0,2.35,0
0,2.05,204|204
1.92;1.4;1.16;0.85;0.74,2.35,200
0,1.85,0
0,1.85,0|0
0,2.65,0
0,1.85,0|0
0,2.65,0
0,1.85,0|0
0.74;0.43;0.3;0.23;0.12,1.85,200
0,1.85,0
0,1.85,204
0,2.65,0
0,2.35,0
0,1.85,0
0.92;0.55;0.02,1.85,200
0.82;0.68;0.64;0.36,2.65,200
0,1.85,0|0
0,1.45,204
0,1.45,0
0.31;0.07;0.06,1.45,200
0.12,1.45,200
0,1.85,0
0,1.85,0|0
0,2.05,0|0
1.4;0.57,1.85,200|200
1.4;0.92;0.42;0.35;0.2,2.35,200
0,2.05,0|0
0,2.35,0
0,2.35,0
0.48,1.85,200
0,1.85,0
0,1.85,0|0
0,1.85,0
0,1.85,0
1.86;1.08;0.99;0.99;0.89,2.35,200
0,1.45,0
0,1.45,0
0,1.85,0
0.96;0.96;0.44;0.3;0.25,2.05,200|200
0,2.35,0
