0,0.85,0
0,0.85,204
0,0.5,0
0.8,0.5,200
1.66;0.76;0.14;0.08;0.05,0.5,200
0,0.5,0
0.02,0.7,200
0,1.5,204
0,0.5,204
0.8,0.5,200
0,0.85,0
0,0.5,204
0,0.7,0
0,0.85,0
0,0.85,0
0,0.85,204
0,0.5,204
0,1.5,0
0,0.7,0|0
0,0.5,0
0,0.7,0
0,0.5,0
0.56;0.13,0.85,200
0.36;0.2;0.12;0.02,0.3,200
0.02,1.5,200
0,0.3,0
0,1.5,0
0,0.7,0|0
0,0.9,0|0
0,0.7,0
0.4;0.15,0.5,200
0,0.5,0
0,0.5,0
0,0.85,204
0,0.85,0
0.56;0.13,0.5,0
0,0.85,204
0,0.3,0
0,0.5,204
0.44,0.3,200
0,0.5,0
0,1.5,204
0,0.3,0
0,1.2,0
0,0.7,0|0
0,0.5,0
0,0.5,204
0.32;0.02,0.7,200
1.7;0.59;0.56;0.32,0.5,200
0,0.9,0|0
2.88;1.28;0.25;0.15,1.2,200
0,0.85,0
0,0.85,0
0,0.9,0|0
0,0.7,0
0,0.5,204
0,0.5,0
0,0.5,0
0,1.5,0
0,0.5,0
0.5;0.01,0.85,200
0.5;0.01,0.5,0
0,0.3,0
0,0.5,204
0,0.7,0
0,0.7,0
0.71;0.4;0.27,1.2,200
0,1.5,0
0,0.3,0
0,0.5,0
0.12;0.12,0.5,200
0,0.85,0
9.21;0.8;0.24;0.24;0.16,0.9,200
0,0.3,0
0.07,0.9,200|200
0,0.5,0
0,0.5,204
0,1.5,0
0,0.7,0
0,0.5,0
0,0.7,0|0
0.17;0.01,0.7,200
0,0.5,204
0,0.7,204
0.36;0.12;0.05,0.5,200
0,0.85,0
0,0.7,0
0,0.5,0
0,0.5,0
0,0.3,0
0,0.85,0
0,0.9,0|0
0,0.5,0
0.2;0.02,0.3,200
0,0.85,0
0,1.2,0
0,0.85,0
0,0.5,0
0,0.7,0
0,0.85,0
0,0.85,0
2.49;0.2;0.02,0.9,200
0,0.3,0
0,1.2,0
0.58,0.3,200
0,0.5,0
0.36,0.85,200
0,0.5,0
0.48;0.32;0.14;0.08;0.07,0.85,200
0,0.7,0|0
0.93;0.02,0.3,200
0,0.7,204|204
0,0.5,204
0,0.5,204
0.47,0.85,200
0,0.5,0
0,0.3,0
0.76;0.71;0.71;0.4;0.39,0.85,200
0,1.2,0
0,0.3,204
0,0.7,0|0
0.34;0.07,0.5,200
2.16;1.2;0.8;0.36;0.32,0.7,200
0,0.5,0
0,0.85,0
0,0.85,0
0,0.5,204
0,0.5,0
0,0.5,0
0.07,0.85,200
0,0.5,0
0,0.85,0
0,0.7,0|0
0.09,0.85,200
0,0.5,0
0,1.5,0
0,0.9,0|0
0,1.2,0
1.56;0.22,1.2,200
0.03,0.7,200|200
0.27;0.2;0.18;0.07;0.06,1.2,200
0,0.85,204
0,1.5,0
0.13;0.03,0.5,200
0,0.7,0|0
0,0.5,0
0.32,1.5,200
0,0.9,204|204
0,0.7,204
0,0.5,204
0,0.7,0
0.01,0.7,200
0,0.3,0
0,0.85,204
0.28;0.01,0.85,200
0,0.5,204
0.12,0.7,200
0,0.85,0
0,0.85,0
0,0.85,0
0,0.85,204
0,0.5,0
0,0.7,0|0
0,1.5,0
0.12,0.5,200
0,0.5,0
0,0.3,0
0,0.7,0
0,0.7,204
0,0.3,0
0.56,0.5,200
0,1.5,0
0,1.5,0
0,0.5,0
0,0.5,0
0,0.9,0|0
0,0.85,0
0.05;0.02,0.85,200
0.48;0.17;0.07,0.9,200|200
0.03,0.85,200
0,1.5,0
0,1.5,0
0,0.85,0
0,0.5,0
0,1.5,0
0,0.7,204|204
0,0.85,0
0,0.5,0
0,1.2,0
0,0.7,0
0,0.9,0|0
0,1.2,204
0.15,0.5,200
0,0.9,200|204
0,0.7,0|0
0,0.85,0
0,1.5,204
0.16,0.85,200
0,0.7,0|0
0,0.3,0
0,0.85,0
0,0.85,0
3.55;0.41;0.4;0.27;0.05,0.9,200|200
0,1.5,0
0,0.85,0
0,0.5,0
0,0.7,0
0,1.5,204
0,1.2,0
0,0.5,0
0,0.3,0
0,0.3,0
0,0.85,0
0.14;0.08;0.08,0.5,200
0,0.7,0
0,0.85,0
0.05;0.03;0.01,0.85,200
0,0.5,204
0,0.85,204
0.22;0.08,0.5,200
0,0.5,0
0.32;0.12;0.04;0.02,0.5,200
0,0.9,0|0
0,1.5,204
0,1.2,0
0,0.5,0
0,0.85,0
0,0.7,0|0
0,0.3,0
0,0.5,0
0,0.5,0
0,1.5,0
0,1.5,0
0,0.7,0
0,0.85,0
0,0.7,0|0
0,0.5,0
0,0.9,0|0
0,0.7,0
0.12;0.02,0.85,200
0,0.85,0
0,0.85,0
0,1.5,0
0,0.5,0
0,0.7,0|0
0,0.5,0
0,0.85,0
0,0.5,0
0,0.5,0
0,0.3,0
0,0.5,204
0,0.5,0
0,0.5,204
0,1.5,0
0,0.3,204
0,0.7,0
0,0.7,0
0,0.85,204
0,0.5,204
0,0.3,0
0,1.2,204
0,0.5,0
0,0.7,0
0,0.85,0
0,0.85,0
0.2;0.02,0.7,200
0,0.85,0
0,0.7,0
0,0.3,204
0,0.5,0
0.04;0.03;0.01,0.85,200
0.4;0.28;0.07;0.04,0.9,200|200
0,0.5,0
0,0.5,204
0,0.3,204
0,0.5,0
0,0.9,0|0
0,0.85,0
0,0.7,0
0,0.5,0
0,0.85,0
0,0.5,0
0,0.5,0
0.26;0.17,0.3,200
0,1.2,0
0.02,0.7,200|200
1.61;0.72;0.48;0.36;0.28,0.3,200
0,1.2,0
0,1.2,0
0,0.85,0
0,0.9,0|0
0.32;0.2;0.14;0.14;0.1,0.9,200|200
0,0.5,0
2.4;0.2;0.2,1.2,200
0.4;0.16;0.01,1.5,200
0,0.85,204
0,0.3,204
0,1.5,204
0,0.5,0
0,1.2,204
0,0.85,0
0.28,0.7,200
0.12,1.5,200
0,0.3,204
0,0.5,0
0,1.5,0
0,0.9,0|0
0,0.5,0
0,0.5,0
0,0.9,0|0
0,0.7,204
0,0.7,0
0,0.5,0
0,0.7,0|0
0,0.5,0
0,1.5,0
0,0.5,0
0,0.85,0
0,0.85,0
0,0.7,0|0
0,1.5,204
0,0.5,0
0.03,0.7,200|200
0,0.5,0
0,0.9,0|0
0.74;0.1,0.3,200
0.04,0.7,204|200
0,0.5,204
0.01,0.5,200
0,0.5,0
0,0.5,0
0,0.85,0
0,0.85,0
0,0.7,0
0,0.7,0|0
0,0.85,204
0,0.5,204
0.28;0.04,0.85,200
1.42;0.3;0.27;0.2;0.07,0.85,200
0,0.85,0
0.31;0.01,0.7,200
0,0.5,0
0,1.5,204
0,0.5,0
1.11;0.32;0.01,0.7,200
0,0.5,204
0,0.85,204
0,0.5,0
0,1.2,0
0,0.5,0
0,0.3,0
0,0.5,0
0,0.7,0|0
0,0.85,0
0,0.9,0|0
0,0.9,0|0
0,0.7,0
0,0.7,0|0
0,0.5,0
0,0.85,0
0.28;0.13,0.85,200
0,0.85,204
0,0.85,0
0,0.9,0|0
0,0.85,0
0,1.2,0
0,0.5,0
0,0.5,204
0,0.7,0
0,0.3,0
0,0.7,0|0
0.03,0.5,200
0,0.7,200|204
0,0.85,0
0,0.7,0|0
0,0.85,0
0,0.3,204
0,0.3,0
0,0.5,204
0,1.5,0
0,0.9,0|0
0,0.7,0
0,0.5,0
0,0.3,204
0,0.5,0
0,0.85,0
0,0.7,0|0
0,0.5,204
0,0.3,0
0,0.5,0
0,0.7,0|0
0,0.85,0
0,0.7,0|0
1.94,1.2,200
0,0.5,204
0,0.85,0
0,0.3,0
0,0.7,0
0,0.5,204
0,0.7,0|0
0,1.5,204
0,0.7,0|0
0,0.85,0
0,1.2,0
0,1.5,0
0,1.5,0
0.07,0.3,200
0,0.85,0
0,0.85,0
0,0.7,0|0
0,0.5,204
1.82;1.32,0.9,200
0,0.85,0
0,1.5,0
0,1.5,0
0,0.85,0
0,1.5,0
0,0.7,0
0,0.5,204
1;0.21;0.2;0.01,0.9,200|200
0,0.7,0|0
0.02,0.5,200
0,0.7,0
0,1.5,204
0,0.7,0
0,0.9,0|0
0.27;0.14,1.5,200
0.09;0.05,0.85,200
0,0.5,0
0,0.3,0
0,0.85,0
0,0.5,204
2.08;0.32;0.27,0.85,200
0,0.7,0
0.56,1.5,200
0,0.85,0
2.76;0.41;0.36;0.26;0.14,0.85,200
0,0.5,0
0,0.85,0
0,0.5,0
0.6;0.36;0.19,0.5,200
0,1.5,0
0,1.5,0
0.02,0.85,200
0,0.5,0
0,0.5,0
0,0.5,0
0,0.9,0|0
0,0.3,204
0,0.7,0
0,0.7,0
0,0.85,0
0,0.85,0
0,0.5,0
0,1.5,0
0,0.7,204|204
0,0.85,0
0,0.85,0
0,0.5,204
0,0.5,0
0,0.85,0
0,0.85,0
0,0.3,0
0.03,0.7,200|200
0,0.85,0
0,0.9,0|0
0,1.5,0
0,1.5,0
0,0.5,0
0,0.85,0
0,0.5,204
0,0.7,0|0
0,0.85,204
0,0.7,0|0
0,0.9,0|0
0,0.85,0
0,0.5,204
0,0.7,0|0
0,1.2,0
0,0.3,0
0,0.5,0
0,0.5,204
0.29;0.04,0.5,200
0.8,1.5,200
0,0.5,0
0,0.85,0
0,0.7,0
0,0.5,0
0,0.3,204
0,0.5,0
0,0.7,0
0.12;0.04,0.5,200
0.8;0.8;0.31;0.28;0.09,1.2,200
0,1.5,0
0.16;0.16;0.02,0.3,200
0,0.5,0
0,0.5,0
0,0.7,0
0,0.7,0|0
0.04;0.02,0.7,200
0,0.7,0
0,0.85,0
0,0.7,0|0
0,0.5,0
0,0.9,0|0
0,0.5,204
0,1.5,204
0,1.2,0
0,0.85,0
0,0.5,0
0,0.5,0
0,0.85,0
2.32;0.11,1.2,200
0,1.2,0
0,1.5,0
0,0.5,0
0,0.3,204
0,0.5,0
0.8;0.36;0.22;0.02,1.2,200
0,0.9,0|0
0,1.5,0
0,0.5,0
0,0.5,0
0,0.5,204
0,0.5,0
0,0.5,0
0.52,0.5,200
0,0.9,0|0
2.4;0.93;0.52;0.36;0.2,0.9,200
0.13;0.03,1.5,200
0,0.7,0|0
0,0.9,204|204
0,0.3,0
0.82;0.8;0.8;0.59;0.51,0.85,200
0,1.5,0
0,0.5,0
0,1.5,204
0,0.5,0
0,0.5,204
0,0.7,0
0,0.5,0
0,1.2,0
0.08,0.7,200|200
0,0.5,0
0.12,1.2,200
0.19,0.9,200|200
0.14,0.85,200
0,0.5,0
0,0.3,204
0,1.2,0
0,0.85,0
0,0.5,0
0,0.5,0
0,0.7,0
0.88;0.03,0.5,200
0,0.5,204
0.56;0.34,0.5,200
0,0.5,0
0,1.2,204
0,0.5,0
0,0.5,204
0,0.5,0
0,0.85,0
0,0.85,0
0,0.7,204|204
0,0.7,0|0
0,0.85,0
0,0.5,0
0.16,0.5,200
0,1.2,0
0.54;0.2;0.12,0.7,200
0,0.9,0|0
0,0.5,0
0,0.5,0
0,0.7,0
3.2;0.44;0.17;0.13;0.03,0.7,200
0,0.5,0
0,0.5,0
0,0.5,204
0,1.2,0
0,0.85,0
0.08,0.85,200
0,0.5,0
0.25;0.06,0.85,200
0,0.85,0
2.12;0.52;0.2;0.16,0.5,200
1.72;0.38;0.36;0.24;0.21,0.85,200
0,1.5,0
0,0.85,0
0,0.9,0|0
0,0.7,0
0,0.85,0
0,1.5,0
0,0.5,0
0,0.5,0
0,0.85,0
0,0.85,0
0.07,0.5,200
0,0.5,0
0,0.85,0
0.31;0.26,1.5,200
0,0.5,0
0,0.5,0
0,0.7,0|0
0,0.5,0
0,0.85,0
0.12,0.7,200
0,0.5,0
0,1.5,0
0,0.5,204
0,0.3,0
0,0.5,0
0,0.7,0|0
0,0.5,204
0,0.85,204
0,0.85,0
0,0.85,0
0,0.85,0
0,0.5,0
0,1.2,204
0,0.5,204
0.96;0.45;0.06;0.02,0.9,200|200
0,0.7,0
0,0.3,0
0.02,0.7,200
0.04,0.7,200
0,0.85,0
0,0.5,204
0,0.7,0
0,0.5,0
0,0.7,204
0,0.85,0
0,0.5,0
0,0.5,0
0,0.5,0
0,0.5,0
0,0.85,0
0,0.85,0
0,0.7,0
0,0.5,0
0,0.5,0
0,0.5,0
0,1.2,0
0,1.5,204
0,1.5,204
0,0.5,0
0.14;0.03,0.85,200
0,0.5,0
0,0.5,0
2.8;2.09;1.6;1.4;0.81,0.3,200
0,0.85,0
0,0.5,0
0,0.7,0|0
0,0.85,204
0,0.7,0
0,0.9,0|0
0,0.7,0
0,0.7,0
0,0.85,0
0,0.85,0
0.56;0.04,1.5,200
0,0.85,0
0,1.2,0
0,0.7,0|0
0.92;0.8;0.75;0.38;0.31,0.85,200
0,1.5,0
0,0.85,0
0,1.5,0
0,0.85,0
0,0.7,0|0
0,1.2,0
0,0.5,0
0,0.7,200|204
0,0.5,0
0,0.5,0
0.21;0.16;0.1;0.04,0.9,200|200
0,0.7,204|204
0,1.5,204
0,0.5,0
0.58;0.17;0.08;0.06,0.3,200
0,0.5,0
0.09;0.07,0.5,200
0,0.5,0
0,0.85,0
0.02;0.02,0.3,200
0.17,1.5,200
0,0.85,0
0,0.7,0|0
0,0.9,0|0
0.2,0.5,200
0,0.5,0
0.06,0.5,200
0,1.5,204
0,0.85,0
0,0.85,0
1;0.02,0.3,200
0.03;0.01,0.85,200
0,0.85,0
0,0.85,0
0,0.7,0|0
0,0.7,204
0,0.85,0
0.05,0.5,200
0.45;0.33;0.32;0.12;0.02,1.5,200
1.28;1.15;0.16,0.85,200
0,0.5,0
0,0.5,0
0,0.5,0
0,0.7,0
0,0.7,0|0
0,0.7,0|0
0,1.2,0
0,1.2,0
0,1.5,0
0,0.9,0|0
0,0.5,0
0,0.9,0|0
0,0.5,204
0,0.5,0
0,0.5,0
0,1.5,0
0,0.5,204
0,0.7,0|0
0,0.7,0
0,0.85,0
0,1.2,0
0,0.85,0
0.01,0.7,200
0,0.85,204
0.1,0.3,200
0.11,0.7,200|200
0.8;0.24,0.85,200
0,1.5,204
0,0.9,0|0
0,0.85,0
0,0.5,0
0,0.9,0|0
0,0.85,0
0,0.3,0
0,0.5,0
0,0.5,204
0,0.5,204
0,0.5,0
0.01,0.9,200|200
0,0.7,0|0
0.25;0.06,0.85,200
0.04,0.7,200|200
0.24;0.2;0.14;0.01,0.3,200
0.17;0.02,0.9,200|200
0,1.5,0
0,0.7,0
0,0.85,0
0.12;0.02,0.7,200
0.02,0.5,200
0,0.5,0
0,0.5,0
0,0.85,0
0,0.5,204
0,0.9,0|0
0,0.5,0
0,0.85,0
0,0.3,0
0,1.5,0
0,0.7,0|0
0,0.7,0
0,1.2,0
0,0.5,0
0,0.5,204
0.8;0.61;0.18,0.85,200
0,0.7,0|0
0.8;0.61;0.18,0.5,0
0,1.5,0
0,0.5,204
0,1.2,0
0,0.5,0
0,0.3,0
0,0.7,0|0
2.33;0.8,0.3,200
0,0.5,204
0,0.85,0
0,0.3,0
0,0.5,204
0,0.5,0
0,0.7,204
0,0.7,0
0,0.85,0
0,0.5,0
0,0.5,0
0,0.7,0
0,0.5,0
3.54;2.43;1.31;1.12;0.8,0.85,200
0,0.5,0
0,0.3,0
0,0.3,0
0,0.3,0
0,0.5,0
1.04;0.21;0.05,0.3,200
0.79;0.21;0.13,1.5,200
0,0.3,0
0,0.5,204
0,0.5,204
0,0.5,0
0,0.5,0
0,0.85,204
0,0.85,0
0,1.5,0
0,0.7,0|0
0.11,0.3,200
0,0.85,0
0.8;0.72;0.6;0.57;0.36,1.2,200
0.12,0.5,200
0.09,0.7,200
0,0.5,0
0,0.85,0
0.25,0.7,200|200
0,0.3,0
0,0.85,204
0,0.7,204|204
0,0.7,0|0
0,0.85,0
0,0.9,0|0
0,0.5,204
0,0.5,0
0,0.3,204
0.7;0.2;0.12;0.04,0.7,200
0,0.7,0|0
0,0.3,0
1.48;0.02,0.7,200
0,0.5,0
0,0.5,0
1.94;0.8,0.5,200
0,0.5,0
0,0.7,0|0
0.04;0.02,0.9,200|200
0,0.5,0
0,0.3,0
0,0.7,0|0
0,0.5,0
0,0.5,0
0,0.5,0
0,0.7,200|204
0,0.85,0
0,0.5,204
0,0.5,204
0.16,0.5,200
0.27,1.2,200
0,0.85,0
0,0.5,204
0,0.5,0
0,0.85,0
0.04,1.5,200
0,0.3,0
0,0.5,0
0,1.5,0
3.2;0.25;0.12;0.01,0.9,200
0,0.5,0
0,1.2,0
0.2;0.2,0.7,200
0,0.3,0
0,0.5,0
0,1.5,0
0,0.5,204
0,0.7,0
0.02,0.7,200|200
0,0.85,0
0,0.85,0
0,0.5,204
0,1.5,0
0,0.9,0|0
0.25;0.13,0.85,200
0.11,1.2,200
0,0.9,0|0
0,0.9,204|204
0,0.7,0|0
0,0.85,0
0,0.5,0
0.09,0.7,200|200
0,0.7,0
0,0.3,0
0,0.9,0|0
0.03,0.5,200
0.68;0.52;0.5;0.27;0.08,0.7,200|200
0,0.7,204
0.12;0.01,0.7,200|200
0,1.2,0
0,0.5,0
0,1.5,0
0,0.7,0|0
0,0.5,204
0,0.85,0
0,1.5,0
0,0.7,0
0,0.7,0
0,0.7,0
0,0.85,0
0,1.5,0
0,1.2,0
0,0.3,0
0.12,0.7,200
0.08,1.2,200
0,0.85,204
0.4,0.5,200
0,0.5,0
0.15;0.04,0.85,200
0,0.5,0
0,1.2,204
0,0.9,0|0
0.28;0.2,0.7,200|200
0,0.7,0|0
0,0.3,204
0,0.5,0
0.88;0.03;0.03,1.5,200
0.02,0.5,200
0,0.5,0
0,0.5,0
0,0.5,0
0.84;0.74;0.16;0.08;0.07,0.7,200|200
0,0.5,0
0,0.5,0
0,0.5,0
0,0.5,0
0,1.5,0
0,0.85,0
0,0.85,0
0,0.5,0
0,0.5,0
0,0.85,204
0.88;0.03,0.5,200
0,0.5,0
0.24;0.13;0.08;0.02,0.85,200
0.04,0.85,200
0.19,1.5,200
0,0.85,0
0.91;0.49;0.28;0.2;0.12,0.9,200|200
0,0.5,0
0.13;0.08;0.01,0.7,200
0.07,0.5,200
0,0.5,0
0,0.5,0
0,0.5,0
0.17;0.15;0.12;0.12,0.85,200
0,0.85,0
0.57;0.14;0.14;0.08;0.07,0.85,200
0,0.5,0
0.09,0.85,200
1.42;0.78;0.66;0.54;0.36,0.9,200|200
0,0.5,0
0,0.3,0
0,0.85,0
0.24;0.21;0.16;0.02,0.5,200
0,1.5,0
0.49;0.3;0.27,0.5,200
0,0.5,204
0,0.7,0
0,0.5,204
0,0.5,0
0.12,0.85,200
1.12;0.6;0.35;0.02,0.7,200|200
0,0.5,0
0,0.5,204
0,0.3,0
0,0.85,0
0,1.2,0
0.11,0.5,200
0,0.5,204
0,1.5,0
0,0.5,204
0,0.5,204
0,0.5,0
0,0.7,0
0,0.85,0
0,0.85,0
0,0.5,0
0,0.3,0
0,0.9,0|0
0,0.5,204
0,0.5,0
0,0.85,0
0,0.85,0
0,0.3,0
0.67;0.03,0.7,200|200
0,1.5,0
0,0.7,0|0
0,0.85,0
0.15;0.05;0.04;0.01,0.85,200
0,0.9,0|0
0,1.2,0
0,0.85,0
0,0.7,204|204
0,0.7,0
0.07,0.5,200
0,0.5,0
0.33;0.03,0.5,200
0,0.85,0
0,0.5,0
0,0.5,0
0,0.5,0
0,0.5,0
0,0.85,0
0,0.7,204|204
0,0.5,0
0,0.5,0
0,0.5,0
0.8,1.2,200
1.08;0.01,0.9,200
0,0.5,0
0,0.9,0|0
0,1.5,0
7.32;0.18;0.07,0.85,200
0,0.85,0
0,0.5,0
0,0.85,204
0.02,0.85,200
0,0.7,0|0
0,0.5,0
0,0.85,0
0,0.85,0
1.64;0.76;0.2;0.18;0.02,0.3,200
0,0.7,0|0
0,0.5,204
0.48;0.2;0.14,0.3,200
0,0.3,0
0,0.5,0
0.37;0.12;0.12;0.09;0.01,1.5,200
0,0.5,0
0,0.85,0
0.03,0.5,200
0,0.3,0
0,0.7,204
0,0.5,204
0,0.5,0
0,0.3,0
0,0.9,0|0
0,0.9,0|0
0,1.2,0
3.64;0.16,0.9,200
1;0.98,0.5,200
0.5,0.5,200
0,0.85,0
0.65;0.44;0.38;0.24;0.12,0.85,200
0,1.2,0
2.76;0.59;0.38;0.36;0.13,0.7,200|200
0.2;0.01,0.3,200
0.12,0.5,200
0,0.7,0|0
0,0.7,0|0
0,0.5,0
0,0.85,0
0,1.2,0
0,0.85,0
0.03,0.85,200
0,1.2,0
0,1.5,204
0,0.85,204
0,0.5,0
0,0.5,0
1.23;0.02,0.85,200
0,0.85,0
0,0.7,0
0,0.5,0
0,0.5,204
0,1.2,204
0,0.7,0
0,0.85,0
0,0.7,0|0
0,0.5,0
2.82,0.5,200
0,0.5,0
0,0.85,0
0,0.85,0
0,0.9,0|0
0,1.5,204
0,0.85,0
0,1.5,0
0.08,0.3,200
0,0.85,0
0,0.3,0
0,0.5,0
0,0.5,0
0,0.7,0
0,1.2,0
0,0.85,0
0,0.7,204|204
0,0.85,0
0,0.5,0
0,0.7,204|204
0,0.5,0
0,0.3,0
0,0.85,0
0,0.9,200|204
0,1.2,0
0,0.5,0
0.03,0.5,200
0,1.5,0
0,0.85,0
0.1;0.01,0.5,200
0.17;0.08;0.03,0.5,200
0,0.5,0
0,0.3,0
0,0.7,0|0
0,0.5,0
0,0.5,0
0,0.85,204
0,0.5,204
0,0.7,0|0
0.12,0.85,200
0,0.85,0
0,0.5,0
0.44,0.3,200
0,0.7,0
0,0.7,0
0,0.5,0
0,0.5,204
0,0.5,0
0,0.85,0
0.27;0.04,0.5,200
0,0.5,0
0.98;0.59;0.16,0.85,200
0,0.7,0
0,0.85,0
0,0.5,0
0,0.5,204
0,0.85,0
0,0.5,0
0,1.5,0
0,0.7,0
0,0.5,0
0,0.7,0|0
0,0.7,0
0,0.3,0
0,0.85,0
0,0.85,0
0,0.85,0
1.28;1.19;0.97;0.8;0.42,0.3,200
0.26;0.2;0.02,0.3,200
0,0.85,0
0,0.5,0
0,0.5,0
0,0.5,0
0,0.85,0
0.03;0.01,0.5,200
0,0.7,204|204
0,0.7,0|0
0,1.5,0
0,0.5,0
0,0.7,0|0
0,0.7,204
0,0.85,0
0.09;0.03,0.9,200|200
0,0.9,204|204
0,0.5,0
0,1.2,0
0,0.5,0
0.75;0.56;0.32;0.24;0.12,0.5,200
0,0.5,0
0,0.5,0
0,0.5,0
0,0.85,0
1.42;0.2;0.12,0.9,200
0,0.3,0
0,1.5,0
0,0.5,0
0,0.5,0
0,0.85,0
0.07,1.5,200
0.04,0.7,200
0,1.5,0
0,0.5,0
0,0.5,0
0,0.5,204
0.2;0.19;0.06,0.9,200|200
0,0.5,0
0,0.85,0
0,0.7,0
3.55;0.51;0.13,1.5,200
0,0.3,0
0,0.5,0
0.08;0.03,0.5,200
0,0.85,0
0.09;0.07;0.03,0.3,200
0,0.7,0|0
0.12,0.7,200
0,1.2,204
0,0.85,0
0,0.7,0
0,0.9,204|204
0,0.85,0
0,0.7,0
0,0.5,0
0.03;0.01,0.85,200
0,0.5,0
0,0.7,0|0
0,0.7,0|0
0,0.85,0
0,1.2,0
0,1.5,0
0,0.85,0
2;0.07,0.5,200
0.67;0.29;0.27;0.2;0.07,1.5,200
0,0.3,0
0,0.5,0
0,1.2,0
0,0.85,0
0,0.5,0
0,0.85,204
0,0.5,0
0,0.7,0
0,0.9,0|0
0,0.5,0
0.12,1.5,200
0.03,0.3,200
0.36,1.5,200
0,0.3,0
0.31;0.21;0.07;0.02,0.5,200
0,0.5,0
0,0.7,204|204
0,0.5,204
0,0.85,0
0,0.7,0|0
0,0.5,0
0,0.85,0
0,0.3,204
0,0.3,0
0,1.5,0
0,0.5,0
0,1.5,0
0,0.7,0
0.01,0.7,200
0,0.7,204
0,0.5,204
0,0.7,0
0.8,0.85,200
0,0.3,0
0,0.3,0
0,0.5,0
0.93;0.72;0.32;0.23;0.11,0.7,200
0.03,0.5,200
0.68;0.36;0.1;0.07,0.9,200|200
0,0.85,0
0,1.5,0
0,0.5,0
0,1.2,0
0,1.2,0
0.24,0.85,200
0,1.2,0
0,0.7,204|204
0,0.9,0|0
0,1.5,0
0,0.85,0
0,0.5,0
0,0.3,0
0.44;0.12,0.5,200
0,0.7,0|0
0,0.5,0
0,0.5,0
0,0.5,204
0,0.7,0|0
0,1.2,0
0.01,0.85,200
0,0.5,0
0,1.5,0
0,0.3,204
0,0.5,204
0,0.7,0
0,0.7,204|204
0,0.7,204
0.14;0.02,0.5,200
0,0.7,0|0
0,0.85,204
0,0.9,204|204
1.6;0.41;0.4;0.29;0.26,0.9,200
0,0.5,0
0,0.7,204
0,1.5,0
0,0.5,204
0,0.7,0
0,0.5,0
0,0.5,0
0,0.85,0
0,1.2,0
0,0.7,204
0,1.2,204
0,0.3,0
0.2;0.18;0.16,0.5,200
0,1.5,0
0,0.5,0
0.01,0.5,200
0,0.5,204
0,0.5,0
0,0.85,0
0,0.5,0
0,0.5,0
0,0.85,0
0.32;0.03,0.85,200
0,1.2,0
0,0.85,0
0,0.7,0
0,0.7,0|0
0,0.5,0
0.14,0.85,200
0,0.7,204
0,1.5,0
11.99;0.36;0.05,0.7,200
0,0.5,0
0,0.9,204|204
0,0.3,0
0,0.5,0
0.03;0.01,0.7,200
0,0.85,0
0,0.5,0
0,0.5,204
0,0.7,0|0
0,1.2,204
0.36;0.26;0.01,1.5,200
0,0.7,0
0,0.5,0
0.24,1.5,200
0.2;0.01,0.5,200
0.76;0.4;0.14;0.07,0.3,200
0,1.2,0
0,0.3,0
0,0.5,204
0,0.85,0
0,0.5,0
0,0.3,0
0,0.5,0
0,1.5,0
0,0.5,204
0,1.2,0
0,0.5,204
0.63,1.5,200
0.28;0.12;0.1;0.07;0.02,0.5,200
0,0.85,0
0,0.7,0|0
0,0.3,0
0,0.5,0
0,1.2,0
0,0.85,0
0.04,0.85,200
0,0.85,0
0,0.5,0
0,0.85,204
0,0.85,0
0,1.5,0
0,0.85,0
0,0.5,0
0,0.5,0
0.01,0.3,200
0,0.5,204
0,0.5,0
0,0.85,0
0,0.85,0
0,0.85,0
0,0.5,0
0,0.5,0
0,0.85,0
0,0.85,204
0,0.85,0
0,0.7,0
0,0.85,0
0,1.2,204
0.03;0.02,1.5,200
0.32;0.02,0.85,200
0,0.85,204
0,0.5,0
0,0.5,0
0,0.85,204
0.25;0.14;0.04,0.5,200
0,0.5,0
0,0.5,204
0,0.3,0
0,1.5,0
0.03;0.01,0.5,200
0,0.5,204
0,0.5,0
0,0.85,0
0,0.85,0
0,0.7,0|0
0,0.85,204
0,1.2,0
0,1.5,0
0,0.85,0
0.14,0.5,200
0,0.7,0
0,0.5,204
0,0.5,0
0,0.7,0
0,0.5,0
0,0.85,0
1.58,0.5,200
0.03;0.02,0.5,200
0,1.5,0
0,0.5,0
0,0.85,0
0,0.5,0
0,0.85,204
0,0.85,0
0.32;0.02,0.5,200
0,0.7,0
0.35;0.04,0.3,200
0,0.7,204
0,0.85,0
0,1.5,0
0,0.5,0
0,0.85,0
0.38;0.16;0.02,0.5,200
0,1.5,0
0,0.9,0|0
0,0.5,0
0,0.7,0|0
0,0.5,0
0.04;0.02,0.7,200
0.03,0.85,200
0,0.7,0|0
0,0.5,0
0,1.5,0
0,0.3,0
3.2;2.4;1;0.2;0.09,0.85,200
0,0.5,0
0,0.5,0
0,1.5,0
0,0.85,0
0,0.3,0
0.56,0.3,200
0.11,0.7,200|200
0,0.7,0|0
0,0.9,0|0
1.04;0.27;0.08;0.07,0.3,200
0,0.3,204
0,0.85,0
0,0.85,0
0,0.5,0
0,1.5,0
0,0.5,204
0,0.3,0
0,1.2,0
0,1.2,0
0,0.7,0
0,0.7,0|0
0,0.5,204
0,0.5,0
0,0.5,204
0,0.7,0|0
0,0.85,0
0,0.9,0|0
0,0.85,0
0,1.2,0
0.04,0.35,200
0,0.5,0
0,0.9,0|0
0,0.85,0
0,0.85,0
0,0.3,0
0,0.85,0
0,0.85,0
0,0.85,204
0.15,0.7,200|200
0,1.5,0
0,0.7,204
0,0.5,0
0.2;0.13,0.7,200|200
0,0.5,0
0,0.3,0
0,0.5,0
0,0.3,0
0,0.5,0
0,0.5,0
0,0.5,0
1.71;0.51;0.44;0.24;0.12,1.5,200
0,0.5,0
0,0.5,0
0.06,0.7,200
0,0.5,0
0,1.2,204
0,0.85,204
0.18;0.18;0.17;0.07,1.2,200
1.72;0.16;0.11;0.1,0.7,200|200
0,0.85,0
0,0.85,0
0,0.3,0
0,1.2,0
0,0.3,0
0,1.2,204
0,0.5,0
0,0.5,0
0,1.5,0
0,0.7,0
0,1.5,0
0,0.3,0
0,0.5,204
0,0.7,0|0
0.74;0.07,1.5,200
0,0.85,0
0,0.9,0|0
0,0.7,0
1.42;0.28;0.02,1.2,200
0,0.7,0
0,0.5,0
0,0.5,204
0,0.85,0
2.4;0.6;0.56;0.52;0.12,0.85,200
0.07,0.5,200
0,0.5,0
0,0.5,0
0.14,0.5,200
0,0.7,0
0,0.85,0
0,1.5,0
0,0.5,0
3.23,0.3,200
0,0.85,204
0,0.5,204
0,0.5,0
0.27,0.85,200
0,0.5,0
0.09,0.5,200
0,0.5,0
0,0.3,0
0,0.5,0
0,0.7,0|0
0,0.7,0|0
0,0.5,204
0,0.85,0
0,0.85,0
0,0.85,0
0,1.2,0
0,0.5,0
0.39;0.08;0.06;0.01,0.85,200
0,0.7,0|0
0,1.2,204
0.04,0.9,204|200
0,0.85,0
0,0.5,0
0,1.2,0
0,1.5,0
0,0.3,204
0,0.5,0
0,0.5,0
0,0.3,0
0,0.7,0
0.86;0.7;0.28;0.16;0.16,0.7,200
0,0.5,0
0.32;0.01,0.85,200
0,0.5,0
0,0.7,204|204
0,0.5,0
0,0.7,204|204
0,0.5,0
0.39;0.02,1.2,200
0,0.85,0
0,0.7,0
0,0.85,0
0.2;0.2;0.12,1.2,200
0,1.2,0
0.8;0.02,0.85,200
0.8;0.02,0.5,0
0,0.7,0|0
0,0.7,0|0
0,1.5,0
0,0.3,0
0,0.85,0
0,0.7,0
0,1.2,204
0,0.7,0|0
8.32;2.8;1.42;0.32;0.28,0.85,200
0.07,0.5,200
2.77;0.16,0.5,200
0,0.5,0
0.2;0.02,0.7,200|200
0,0.7,0
1.04;0.56;0.48;0.37;0.19,0.85,200
0,0.5,0
0,0.5,0
0,0.7,0
0.07,0.7,200
0,0.7,0
0.26;0.12,0.85,200
0,0.3,0
0,1.5,204
0,0.5,0
0.21;0.2;0.02,0.3,200
0,1.5,0
0,0.7,0|0
0,0.3,204
0,0.7,0
0.02,0.5,200
0.02,0.5,200
0,0.3,0
0,1.5,0
0,0.5,0
0,0.7,0|0
0,0.85,0
1.16;0.6;0.54;0.52;0.43,0.7,200
0,0.7,0
0,0.5,0
0,0.85,0
0.16,0.3,200
0,1.2,0
0.11;0.04;0.03,0.7,200|200
6.4;2.4;1.8;0.22;0.16,0.85,200
0,0.7,0
0,0.9,0|0
0.25,0.5,200
0,0.5,0
0.32;0.2;0.12;0.07,1.5,200
0,0.3,0
0,0.5,204
0,0.3,0
0,1.5,0
0,0.7,0
0.07,0.85,200
0,0.7,0|0
0.44;0.02,0.3,200
0,0.85,0
0,0.3,0
0,0.5,0
0,0.85,204
0,0.3,0
0,0.7,0
1.54;0.5;0.03,1.5,200
0,0.85,0
0,0.9,0|0
0,0.5,0
0,0.7,0
0.03,0.7,200
0,0.7,0|0
0,0.85,0
0,0.7,0
0,0.3,0
0,0.5,0
0.59,1.5,200
0,1.5,0
0.48;0.39;0.36;0.35;0.12,1.2,200
0,0.3,0
0.54;0.43;0.4;0.09,1.2,200
0,1.2,0
0.04,0.7,200
0.01,0.5,200
0,0.5,0
0,0.5,0
0,0.7,0|0
0,0.85,0
0,0.5,0
0,0.85,0
0,0.5,0
0.98;0.76;0.75;0.27;0.14,0.85,200
0,0.7,0|0
7.6;1.4;0.48;0.36;0.27,0.85,200
0,0.85,0
0.04;0.03,0.5,200
0.17,1.5,200
0,0.5,0
0,0.5,204
0,0.3,204
0,0.85,204
0,0.5,0
0,0.85,0
0,0.7,204
0.8;0.28;0.24;0.17;0.07,0.7,200
0,1.5,0
0,0.5,204
0.04;0.04,0.7,200|200
0,0.5,204
0,0.5,0
0,0.35,0
0,0.85,0
0,0.85,0
0,0.5,0
0,0.7,0|0
0,0.85,0
0,0.5,0
0,0.7,204
0,0.5,0
2.36;2;0.6;0.54;0.35,0.3,200
0,0.85,0
0,0.5,0
0,0.7,0|0
0,0.85,0
0.16,0.85,200
0,1.5,0
0,0.7,0
0,0.9,0|0
0.03,1.2,200
0,1.2,0
0,0.7,0|0
0,0.5,0
0,0.7,0
0,0.3,0
0,0.85,0
0,0.85,0
0,0.7,204
0.08,0.5,200
0,0.3,0
0.04,0.85,200
0,0.7,0
0,0.5,204
0.36;0.03,0.5,200
0,0.9,0|0
0,0.85,0
0.21;0.14;0.08,0.85,200
0,0.7,0|0
0,0.5,0
0,0.85,204
0,0.5,0
0,0.5,0
0,0.85,0
0,0.7,204|204
0,1.2,0
0.09,0.5,200
0,0.7,0
0,0.5,0
0,0.5,0
0,0.85,0
0,0.7,0
0,0.7,0
0,0.85,0
0,0.85,0
0,0.7,0
0,0.7,0
0,1.5,0
0,0.5,0
0,1.5,204
0,0.9,0|0
0,0.5,0
0,1.5,0
0,0.5,0
0,0.7,0
0,0.5,0
0,0.85,0
3.12;0.72;0.54;0.2;0.2,0.7,200
0,0.85,204
0,0.5,0
0,0.5,204
0,0.5,0
0,0.5,0
0,1.2,0
0,0.5,204
0,0.3,0
0,1.5,0
0,0.3,0
0,0.9,0|0
0,0.9,0|0
0.02,1.5,200
0,0.5,0
0,0.3,0
0,0.7,0
0.64;0.29;0.12;0.08;0.02,1.5,200
0.48;0.48,0.5,200
0,0.7,204|204
0,0.5,0
0,1.5,0
0.02,0.3,200
0,0.9,0|0
0,0.9,0|0
0,1.5,0
0,0.3,0
0,0.5,0
0,0.85,0
0,0.7,0|0
0,0.5,0
0,0.5,204
0,0.7,204|204
0,0.5,204
0,1.5,0
0,0.5,0
0,0.85,0
0,0.85,0
0.92;0.2,0.3,200
0,0.85,0
0,0.5,204
0.43,0.85,200
0.07,0.5,200
0,0.7,0|0
1.23;0.88;0.57;0.3;0.24,0.85,200
0,1.5,0
0,0.5,204
0,0.7,0|0
0,0.5,0
0,0.85,0
0,0.85,0
0,0.85,204
0,0.85,204
0,0.5,0
0,0.5,0
0,1.5,204
0,1.5,0
0.08,0.7,200
0,0.5,0
0,1.5,0
0,1.5,0
0,0.3,0
0.64;0.09,0.7,200
0.16,0.5,200
0,0.7,0|0
0,0.7,0|0
0.16;0.02,1.2,200
0,0.85,0
0,0.7,0|0
0,0.9,0|0
0,0.5,0
0,0.85,0
0,0.5,0
0,0.5,0
0.01,0.5,200
0,0.7,0|0
0,0.5,0
0,1.5,0
0,0.7,0|0
0,0.85,0
0,0.5,0
0,0.3,0
0.22,0.5,200
0,0.7,0
0.56;0.14;0.1;0.05,0.9,200|200
0,0.7,0
0,0.7,0
0,0.85,0
0,0.85,0
0,0.5,0
0,1.5,0
0,0.5,204
0,0.5,204
0.06,0.3,200
0,0.7,0|0
0,0.3,0
0,1.5,0
0,0.85,204
0,0.5,0
0,1.5,204
0,0.5,0
0,0.7,204|204
0.34;0.16;0.06,0.7,200
0,0.85,204
0,0.85,0
0,0.5,0
0,1.2,0
0,0.5,0
0,0.85,0
0,0.5,0
0,0.5,0
0,0.7,0
0,0.85,0
0.64;0.02,0.85,200
0,0.5,204
0,0.5,0
0,0.85,0
0,0.85,0
0,1.2,0
2.4;0.99;0.69;0.45;0.24,0.85,200
1.72,0.85,200
0,0.7,204
0.08;0.04,0.85,200
0,0.7,0|0
0,0.9,0|0
0,0.9,0|0
0.36;0.12,1.5,200
0,0.5,0
0,1.2,0
0,0.5,0
0,0.5,0
0.68;0.28;0.19;0.07;0.01,1.2,200
0.2;0.07,0.85,200
0,0.85,0
0,0.7,0|0
0,0.85,0
0,0.5,0
0,0.7,0|0
0,0.5,0
0,0.5,0
0,0.5,0
0,0.5,0
0,1.2,0
0,0.3,0
0,0.85,0
0,0.9,0|0
0,0.85,0
0,0.5,0
0,0.5,204
2.8;1.2;1.12;1.08;1.07,0.85,200
0,0.3,0
0,0.7,204|204
0.13;0.07;0.02,0.7,200
0,1.2,0
0,0.85,0
0,1.2,0
0,0.5,0
0,1.5,204
0,0.5,0
0,0.7,0|0
0.12,0.85,200
0,1.2,0
0,0.5,0
1.1;1.04;0.43;0.4;0.19,0.9,200
0,0.85,0
0,0.5,0
0,0.5,204
0.8;0.6;0.04,0.7,200
0,0.3,0
0,0.7,0|0
0,0.7,0
3.25;0.36;0.32;0.03;0.02,0.7,200
0,0.5,0
0.88;0.04,0.85,200
0,0.5,204
0,0.85,0
0,0.5,0
0,0.85,204
0,0.85,204
0,1.5,204
0.07,1.5,200
0,0.5,204
1.3;0.07,0.7,200|200
0,0.85,0
0,0.5,0
0,0.5,0
0,0.85,0
0,0.85,0
0,0.5,0
0,0.85,0
0.04;0.02,0.9,200|200
0,0.3,0
0,0.5,204
0.24,0.3,200
0,0.7,204
0.16,0.3,200
0,1.5,0
0,0.5,0
0,0.3,0
0,0.5,204
0,0.85,0
0,0.5,0
0,0.9,0|0
0.03,1.2,200
0,0.85,0
0,0.3,0
0,0.85,204
0,0.7,0
0,0.5,0
0,0.5,0
0.08,0.85,200
0.14,0.7,200
0.24;0.16;0.06;0.06,0.3,200
0,1.2,0
0,1.5,0
0,1.5,0
0,1.5,0
0,0.5,0
0,0.85,0
0,0.5,0
0,0.85,0
0,0.85,0
0,0.9,0|0
0.12,0.7,200|200
0,0.3,0
0.63;0.36;0.16;0.14;0.02,0.5,200
0,0.85,0
0,0.7,0|0
0,0.85,0
1;0.16,0.3,200
1.14;0.02,0.3,200
0.02,0.85,200
0,0.5,0
0,0.85,0
0,0.85,0
0,0.7,0
0.23;0.02,0.7,200|200
0.16,1.5,200
0,0.85,204
0,0.5,204
0,0.7,0
0,1.5,204
0,0.5,0
0,0.5,0
0,0.5,0
0,1.5,0
0,0.85,204
0,0.85,204
0.01,0.5,200
0,0.5,0
0,0.85,0
0,0.85,0
0,0.7,0|0
0.24,1.2,200
0,0.85,0
0,0.5,0
0,0.5,0
0,0.85,0
0,1.5,0
0,0.5,0
0,0.7,0|0
0,0.85,0
0.24;0.07,0.5,200
0.02,0.85,200
0,0.35,0
0,0.3,0
0,0.5,204
0,0.5,0
0,0.3,0
0,0.7,0
0,0.7,0|0
0,0.5,0
0,0.85,0
0,1.5,0
0,0.7,0
0,0.5,204
0,0.5,0
1.36;0.71;0.48;0.24;0.2,0.85,200
0,0.9,0|0
0,1.2,0
0.24;0.06,0.5,200
0,0.85,0
0,0.5,204
0,0.3,204
0,0.5,0
0,0.5,0
0,0.5,0
0,1.2,0
0,1.5,0
0,0.7,0|0
0,0.3,0
0.12,0.5,200
0,0.5,0
0,0.85,0
0,0.5,0
0,0.5,0
0,0.7,0
0,0.7,0|0
0,0.5,0
0.16;0.16,0.5,200
0,0.5,0
0,0.5,0
0,0.7,0|0
0,0.5,0
0,0.7,0|0
0,0.5,204
0,0.7,0|0
0,1.2,0
0,0.5,0
0,0.5,204
0.02,0.9,200|200
0,0.5,0
0,0.3,0
0,1.5,204
0,0.5,0
0.39;0.3;0.04,0.7,200|200
0.06;0.05,0.5,200
0,0.3,0
0,0.85,0
0,0.7,0
0.12,1.2,200
0,0.5,0
0,0.3,0
0,0.5,204
0,0.7,0|0
0,0.85,0
0,0.5,0
0,0.5,0
0,0.7,0|0
0,1.2,0
0,0.9,0|0
0,0.85,0
0,0.85,0
0,0.5,0
0,0.85,0
0,0.5,0
0.75;0.15;0.15;0.06;0.04,0.85,200
0,0.5,0
0,0.5,0
0,0.7,0
0,0.85,0
0,0.85,0
0,0.5,0
0,0.5,0
0,0.85,0
0,1.2,0
0,0.7,0|0
0,0.85,0
0,0.9,0|0
0,1.5,204
0.13;0.04;0.01,0.5,200
0.88;0.54;0.32;0.17;0.08,0.7,200|200
0.08,0.7,200|200
0,0.5,0
0,0.85,0
0,1.5,0
0,0.5,0
0,0.3,0
0,0.3,0
0,0.7,0
0.36;0.01,0.85,200
0,0.5,204
0,0.5,0
0,1.5,0
0,1.5,204
0,0.85,0
0,0.5,0
0.03;0.01,0.5,200
0,0.85,204
1.03;0.96;0.88;0.58;0.43,0.85,200
0,0.9,204|204
0,0.7,0
0,0.3,0
0.54,0.5,200
0.02,0.5,200
0,0.5,204
0,0.5,0
0,0.5,0
0,0.5,0
0,1.5,0
0,0.5,0
0,0.7,0|0
0,0.7,0
0.01,0.5,200
0,0.5,0
0,0.7,0
0,0.5,0
3.7;0.16,0.85,200
0,0.5,0
0.24,1.2,200
0,0.3,0
0.02,0.7,200|200
0,1.5,0
0,0.7,0|0
0.04,0.85,200
0,0.85,0
3.2;1.83;0.56;0.48;0.26,0.7,200
0,0.85,0
0,0.5,0
0,0.7,0|0
0,1.5,204
0,0.85,0
0,0.9,0|0
0.27,0.3,200
0,0.9,200|204
0,0.5,0
0,0.5,204
0,0.5,0
0,0.85,0
0,0.3,0
0,1.5,0
0,0.5,0
0,0.5,0
0.06;0.02,0.5,200
0,0.5,204
0,0.7,0
0,0.85,0
0,0.5,0
0,0.5,0
0,0.5,0
0,0.5,204
0,0.85,0
0,0.7,0
0,0.5,0
0,0.85,204
0,0.5,0
0,0.7,0
0,1.5,0
0,0.85,0
0,0.3,0
0,0.85,0
0,0.3,0
0,1.2,0
0,0.5,0
0,0.5,0
0.16,0.5,200
0,0.5,0
0,0.7,0
1.04;0.8;0.32;0.27;0.14,0.9,200
0,0.7,0|0
0,0.5,0
0.36;0.02,0.5,200
0,0.85,204
0.21,0.5,200
0,1.5,0
0,0.7,0|0
0,0.3,0
0,0.5,0
0,0.5,204
0,0.85,0
0,0.7,0
11.09;1.2;0.21;0.16;0.12,0.9,200
0,0.7,0|0
0,0.85,0
0,1.2,0
0,0.7,204
0,0.5,0
0,1.5,204
0,0.5,204
0,0.9,0|0
0,1.5,0
0,0.7,204|204
0,0.9,0|0
0,0.7,0
0,0.7,0
0,0.5,0
0,0.85,0
0,1.5,0
0,0.3,0
0,0.5,0
0,0.5,0
0,0.3,0
0,0.9,0|0
0,0.3,0
0,0.5,0
0,0.5,0
0,0.7,0
0,0.5,204
0,0.7,0
0,1.2,204
0.04,0.3,200
0,0.3,0
0.03,0.85,200
0,0.7,0|0
0,0.5,0
0,0.7,0|0
0.07,0.5,200
0,1.5,0
0,0.7,204|204
0,0.5,0
0,0.5,0
0,0.5,0
0,0.3,0
0,0.3,0
0.01,0.5,200
0.07,0.85,200
0,0.9,0|0
0,1.5,0
0,0.7,0|0
0,0.9,0|0
0,0.85,0
0,0.7,0
0.09,0.5,200
0,0.85,0
0,0.85,0
0,0.85,0
0,0.5,0
0,0.5,204
0,0.5,204
0,0.7,0|0
0,0.5,0
0,0.7,0
0,0.3,0
0,0.5,0
0.01,0.7,200
0,0.85,0
0,0.5,0
0.02,0.5,200
0.23,0.9,204|200
0,0.5,0
0,0.5,0
0,0.5,204
0,0.5,204
0,0.5,0
0,0.7,0|0
0,0.9,0|0
0.12,0.5,200
0.8;0.28;0.04,1.5,200
0,0.85,0
0,0.7,0
0,0.3,204
0.56,0.85,200
0,0.7,0
0,0.3,0
0,0.85,204
0,0.7,0
0,0.85,0
0,0.5,204
0,0.7,204
0,1.5,0
0,0.3,0
0,0.5,0
0,0.3,204
0,0.85,0
0.92;0.48;0.09;0.04,0.5,200
0,0.7,0|0
0,0.85,0
0,1.2,0
0.02,0.5,200
0.09,0.85,200
0,0.5,0
0,0.7,204
0,0.7,204
0,0.7,0
0,0.5,204
0,0.85,0
1.32;0.8;0.8;0.67;0.24,0.7,200
0.51,0.7,200|200
0,0.85,204
0,0.3,204
0,0.7,0|0
0,0.7,0
0,0.3,0
0,0.5,0
0,0.3,0
0,0.85,0
0,1.5,0
1.94,0.85,200
0,0.85,0
0,0.5,0
0.2;0.08;0.06;0.02;0.01,0.85,200
0,0.5,0
0,0.7,200|204
0.08;0.01,0.85,200
0,1.2,0
0,0.3,204
0,0.7,0
0.19;0.08;0.08;0.06,1.2,200
0,0.5,0
0.37;0.04;0.02,0.85,200
0.02;0.01,0.7,200|200
0.03;0.01;0.01,0.5,200
0.16,0.85,200
0,0.3,0
0.27;0.2,1.5,200
0,0.9,0|0
0,0.9,204|204
0,0.85,0
0,0.5,0
0,1.5,0
0,0.85,204
0,0.85,204
0.4;0.05,0.3,200
0.36;0.36;0.34;0.16;0.05,0.85,200
0,0.5,0
0,0.7,0
0,0.7,0
0,0.5,204
0,0.7,204|204
0.32;0.08;0.05,1.2,200
0,0.5,0
0,0.3,0
0,1.2,0
0,0.85,0
0,0.5,204
0,1.5,0
0,0.5,0
0,0.5,204
0,0.7,204|204
0,0.7,0
0,0.85,0
0,0.85,0
0,0.7,0
0,0.7,0
0,0.7,0|0
0,1.5,0
0,0.9,0|0
0,0.7,0
0,1.5,0
0,1.2,0
0,0.5,0
0.96;0.04;0.03,0.7,200
0,0.5,0
0,0.5,204
0,0.5,0
0.32,0.5,200
0,0.9,0|0
0,0.5,0
0.68;0.59;0.16;0.03,0.85,200
0.04;0.01,0.7,200|200
0.35,0.3,200
0,0.5,0
0,0.5,204
0,0.5,0
0,0.85,0
0,0.5,0
0,0.5,0
0,0.5,0
0.4;0.07,0.85,200
0,0.5,0
0,1.2,0
0,0.85,0
0,0.7,204|204
0,0.7,204
0,0.7,0|0
0,0.5,0
1.36;1.16;0.32;0.24;0.17,0.9,200
0,0.85,204
0.04,0.3,200
0,0.85,0
1.2;0.48;0.12;0.01,0.3,200
0,0.85,0
0,1.2,0
0,0.3,0
0.16,1.5,200
0,0.7,204
0,0.5,204
1.6;0.31;0.04,0.85,200
0.2;0.03,0.85,200
0,0.7,0|0
0.05;0.03,0.5,200
0,0.5,0
0,0.3,0
0,0.9,0|0
0,0.5,0
0.16,1.5,200
0,0.5,0
0,0.85,0
0,0.7,0|0
0,0.5,0
0,0.85,0
0,1.5,0
0,1.2,0
0,0.5,0
0,1.2,0
0,0.5,0
0,0.5,0
0.01,0.3,200
0,0.5,204
0,0.85,0
0,0.5,0
0,0.5,0
0,0.9,204|204
0,0.7,0|0
0,0.7,0|0
0,1.5,0
0.2;0.01,0.5,200
0,0.85,0
0,1.5,0
0,0.5,0
0.08;0.01,0.5,200
0,0.85,0
0,0.5,0
0,0.3,0
0,1.5,204
0,0.5,204
0,0.5,0
0.04;0.02,0.5,200
0.43;0.39,0.5,200
0.16,0.85,200
0,0.5,0
3.18;0.85;0.56;0.42;0.27,0.3,200
0,0.5,0
0,0.7,0
0,0.7,0
0,1.5,0
0,0.5,0
0,1.5,0
0,0.5,0
2.32;1.77;0.8;0.61;0.59,0.7,200
0,0.5,0
0,0.5,0
0,0.7,204|204
0,0.7,0|0
2.4;0.96;0.73;0.32;0.2,0.9,200
0.14;0.12,0.85,200
0,0.5,0
0,0.85,204
0,0.3,0
0,0.9,0|0
0.18;0.13;0.03;0.01,0.5,200
0,0.7,204
0,0.3,204
0,0.7,0
0,1.2,0
0,0.85,0
0,0.7,0
0,0.3,204
0,1.5,0
0,0.5,0
0,0.5,204
0,1.5,0
0,0.3,0
0.62;0.36;0.35,0.7,200|200
0,1.2,0
0,0.5,0
0,0.5,204
0.03;0.02,0.3,200
0.13;0.03,0.85,200
0,0.85,0
0,0.9,0|0
0,0.5,0
0,0.85,0
0,0.85,0
1;0.68;0.2,0.5,200
0,0.5,0
0,0.5,0
0,0.7,0
0,1.5,0
0,0.7,204|204
0,0.7,0|0
0,1.2,0
0,0.7,0|0
0,1.2,0
0,1.5,0
0,0.9,0|0
0,0.85,0
0.02,0.85,200
0,0.3,0
0.05;0.03,1.5,200
0,0.3,0
0,0.5,204
0,0.7,0|0
0,0.5,204
0,1.2,0
0,0.5,0
0,0.5,204
0,0.85,204
0,0.5,0
0,0.7,0
0,0.5,0
0,0.5,204
0,0.7,0|0
0,0.7,0|0
0,0.5,0
0,1.5,0
0,0.85,204
0.02,0.3,200
0,1.2,0
0,0.5,0
0,0.5,0
0,0.3,0
0,1.5,0
0,1.2,0
0.04,0.7,200
0,1.5,204
0.01,0.85,200
0,0.5,0
0,1.5,0
0,0.5,0
0,0.5,0
0,0.85,0
0.14,0.5,200
0,1.2,0
0.05;0.02,1.5,200
0,0.3,0
0,0.7,0
0,0.7,0
0,1.5,0
0,0.7,0|0
0,0.85,0
0,0.85,0
0,0.85,0
0.07;0.03,0.85,200
0,0.3,0
0,0.5,204
1.23;0.24;0.2;0.19;0.06,0.85,200
0,0.7,0
0,1.5,0
0,0.5,0
0,0.7,0|0
0,0.5,0
0,0.7,0
0,0.5,0
0,0.3,204
0.12,0.35,200
0,0.5,0
0,0.5,0
0,0.9,0|0
0.76;0.65;0.36;0.12;0.05,0.7,200
0,1.5,0
0,0.7,204
0,1.5,0
0,0.85,0
0,0.85,0
1;1;0.76;0.66;0.51,0.85,200
0,0.85,0
0,0.85,0
0.28;0.23;0.09,0.85,200
0,0.7,0
0,0.85,204
0,0.5,204
0,0.7,0
0,0.85,204
0,0.5,0
0,0.7,0
0,0.7,0
2;0.4;0.01;0.01,0.5,200
0,0.85,0
0,0.3,0
15.49,1.2,200
0,0.5,0
0,0.7,204
0,1.5,204
0,0.7,0|0
0,0.9,0|0
0,1.5,0
0,0.7,0|0
0,0.5,0
0,0.85,0
0.04,0.7,200
0,0.5,0
0,0.5,0
0.86;0.85;0.8;0.35;0.33,0.3,200
0,0.7,0|0
0,0.85,204
0,0.85,0
0,0.85,0
0.12;0.03;0.01,0.7,200
0.15,0.85,200
0,0.85,0
0,0.9,0|0
2.27;1.57;0.58;0.56;0.13,1.2,200
0,0.85,0
0,0.9,0|0
0,1.5,0
0,0.5,0
0,0.5,204
0,0.85,0
0,0.5,0
0,0.3,0
0,0.85,204
0,0.5,0
0,0.85,0
0,0.5,0
0,0.5,204
0,0.3,0
0,0.3,204
0.78;0.24;0.04,0.85,200
0,1.5,0
0,0.9,0|0
0.03;0.02,1.5,200
0,0.9,0|0
0,0.5,0
0,0.5,0
0,0.5,0
0.26,0.85,200
1.12;0.92,0.85,200
0,0.9,0|0
0,0.7,0
0,0.3,0
0,0.5,204
0,0.85,0
1.04;0.17;0.07,0.5,200
0,1.5,0
0,0.9,0|0
0,0.85,0
0,1.5,0
0,0.5,0
0,0.5,0
0,0.3,0
0,1.2,0
0,0.5,0
0,0.3,0
0.02,1.2,200
2.4;0.8;0.72;0.52;0.36,1.2,200
0,0.5,0
0,0.5,204
0,0.7,0
0,0.3,0
0,0.7,0|0
0,0.85,0
0,0.5,204
1.08;0.12,1.2,200
0,1.5,0
0,0.5,204
0,0.7,0|0
0,0.5,204
0,0.85,0
0,0.5,0
0,0.7,204
0,0.85,204
0,0.3,0
0,0.85,204
0,0.5,0
0,0.5,0
0,1.5,0
0,0.7,0
0,0.5,0
0,0.7,0
0.04,0.5,200
0,0.5,0
0,0.85,0
0.24;0.12;0.02,1.2,200
0,1.2,0
0.2,1.2,200
0.17,0.3,200
0,0.7,0
0,0.3,0
0,0.5,0
0,0.5,204
0,0.85,204
0,0.85,0
0,0.7,0|0
0.32;0.02,0.3,200
0,0.7,0|0
0,1.5,0
0,0.5,0
0,0.9,0|0
0,0.5,204
0.03,0.3,200
0,1.5,204
0.31;0.12,0.3,200
0.01,0.7,200
0,0.7,0|0
0,0.5,0
0,0.9,0|0
0,0.7,204|204
0,0.7,0
0,0.5,0
0,0.3,0
0,1.5,0
0,0.85,0
0.01,0.7,200
0,0.5,0
0,0.7,0|0
0.28;0.17;0.07,1.2,200
0,1.5,0
0,0.3,0
0,0.5,0
0,0.5,204
0,0.5,0
0,1.5,0
0,0.85,0
0,0.5,204
0,0.85,0
0,0.9,0|0
0,0.5,0
0.36;0.07,0.7,200
0,0.5,0
0.2,0.7,200|200
0,0.3,0
0,0.5,0
0,0.5,0
0,1.5,0
0,0.9,0|0
0,1.2,204
0.41;0.2;0.05,0.7,200
0.2;0.02,0.7,200
0,0.5,0
0,0.5,0
1;0.95;0.68;0.46;0.36,0.9,200
0,1.2,0
0,1.5,0
0,0.85,0
0,0.5,0
0,0.5,0
0,0.85,0
0.11,0.5,200
0.8;0.02,1.5,200
0,0.85,0
0,0.7,0
0,0.85,0
0,0.5,204
0,1.5,0
0,0.85,0
0,0.85,0
0,0.5,0
0,0.5,0
0.02,0.5,200
0,0.5,204
0,1.5,0
0,1.2,0
0,0.5,204
0,0.3,0
0,0.5,204
0,0.85,0
0,0.5,204
0.54;0.01,1.5,200
0,0.5,0
0,0.85,0
0,0.5,0
0,0.3,0
0,0.5,0
0,0.5,0
0.08,0.7,200
0.68,1.5,200
0.12;0.08,0.85,200
0,0.85,0
0,0.5,0
0,0.9,0|0
0,0.3,0
0,0.7,0|0
0,0.3,0
0.12,0.5,200
0,0.85,0
0,0.7,0|0
0,0.5,0
0,0.5,0
0,0.9,0|0
0.02,0.5,200
0,0.85,204
0,0.5,204
0,1.5,0
0,0.5,0
0,0.3,0
0,0.7,0
0,1.5,0
0,0.3,0
0.01,0.85,200
0.44;0.17,0.5,200
0,0.85,0
0,0.5,0
0,0.5,0
0,1.2,204
0,1.5,204
0.2,1.5,200
0.01,0.5,200
0,0.85,0
0,0.5,0
0,0.5,0
0.8,0.7,200
0,0.7,0|0
0,0.5,204
0.11,0.5,200
0,0.85,0
0,0.85,0
2.58;0.06;0.06,0.7,200
0,0.85,0
0,0.5,0
0,0.85,0
0,0.85,0
0.07,0.5,200
0.28,0.5,200
0,0.5,0
0,0.3,0
0,0.5,0
0.26;0.12,0.5,200
0,0.85,0
0,0.5,0
0,0.7,0|0
0,0.7,204|204
0,0.9,0|0
0,0.5,0
0,0.5,204
0,0.85,0
0,0.5,0
2.08,0.5,200
0,0.85,0
0.03,0.7,200
0,0.9,0|0
0,0.5,204
0,0.7,204|204
0,1.5,0
0.09,0.7,200
0,0.5,0
0,0.5,0
0,0.9,0|0
0,0.85,0
0,0.85,0
0,0.85,0
0,0.7,0|0
0.96;0.52,0.7,200|200
0,0.5,0
0,0.5,204
0,1.5,0
0,0.85,0
0,0.7,0
0.08,0.7,200
0,1.2,0
0,0.5,0
0,0.5,204
0,0.5,0
0,0.85,0
0,0.3,0
0,0.9,0|0
0,1.2,0
0,0.3,0
0,0.5,0
0,0.5,0
0,0.5,0
0,0.5,0
0,0.85,0
0,0.5,0
0,0.7,204
0,0.85,0
0,0.85,0
0,0.5,0
0.36,0.85,200
0.96;0.09;0.08,0.9,200|200
0.8;0.36;0.23;0.07;0.05,0.5,200
0,0.5,0
0,0.85,204
0,0.5,0
0,0.3,0
2.84;0.32;0.02,1.5,200
0,0.85,0
0.17;0.08;0.07;0.06,1.5,200
0,0.85,0
0,0.5,204
0,0.5,0
0,0.5,0
0,0.3,0
0,0.85,0
0,0.85,0
0,0.3,0
0,0.85,0
0,0.7,0|0
0,0.5,0
0,0.7,0
3.12;0.08,1.2,200
0.01,0.5,200
0,0.3,0
0,0.5,0
0,0.5,0
0,1.5,0
0,0.5,0
6.4;0.64;0.28;0.16;0.12,1.2,200
0,0.5,204
0.28,0.5,200
0,0.5,0
0,0.5,0
0,0.7,0|0
0,0.3,0
0.08;0.02,0.85,200
0,0.85,0
0,0.85,0
0,0.5,204
0,1.5,0
0,0.85,0
0,1.5,0
0,0.3,0
0,0.5,0
0,0.85,0
0,1.5,204
0.2;0.01,0.9,200|200
0,0.7,0
0,0.3,0
0,0.5,0
0,0.85,204
0,0.3,0
0,0.3,0
0,0.85,0
0,0.7,0
0,0.5,0
0,0.85,204
0,0.5,0
0.04,0.5,200
0.01,0.5,200
0,1.2,0
0,0.85,0
0,0.5,0
0,1.5,0
0,0.5,0
0,0.7,0
0,0.7,0
0.91;0.64;0.35;0.08;0.05,0.85,200
0,0.85,0
0,0.5,0
0,0.5,0
0,0.85,0
0,0.9,0|0
0,0.5,0
0,0.7,0|0
0.4,1.5,200
0,0.5,0
0,0.85,0
0.23;0.16,0.85,200
1.86;1,0.85,200
0,0.5,0
0,1.2,0
0,0.5,0
0,0.3,0
0,0.5,0
0,0.7,0|0
0,0.85,204
0,0.7,0
0,0.5,0
0,0.85,0
0,0.85,0
0.41;0.28;0.2;0.08,0.9,200|200
0,1.2,0
0,0.5,0
0.2;0.2,0.9,200|200
0,0.3,0
0,1.5,0
0,1.5,0
0,0.85,0
0,0.5,204
0,0.3,0
0,0.7,0|0
4;2.44;1.52;0.62;0.24,0.85,200
0,0.5,0
0,0.85,204
0,1.5,0
0,0.7,0
0.45;0.25;0.2;0.07,0.7,200|200
0.06,0.7,200|200
0,1.2,0
0.64;0.02,0.7,200|200
0.3;0.15,0.5,200
0,0.5,0
0.2;0.02,0.85,200
0,0.85,0
0,1.5,0
0,1.2,0
0,0.5,0
0,0.5,0
0,0.7,0
0,0.5,0
0,0.5,204
0,0.3,0
0,0.85,0
0,0.9,204|204
0,0.5,0
0,0.7,0|0
0,0.7,204|204
0,0.85,204
0,0.5,0
0,1.5,0
0,0.7,0
0,1.5,0
0,0.5,0
0,0.5,0
0,0.7,0
0,0.5,0
0,0.7,0|0
0,1.5,204
0,0.5,0
0,0.9,0|0
0.44;0.23;0.16;0.15;0.1,0.9,200|200
0,0.7,204|204
0.38;0.16;0.02,0.85,200
0,0.5,204
0,0.85,0
0.02,0.3,200
0.12;0.05;0.02;0.01,0.7,200|200
0,0.85,0
0,1.5,0
0,1.5,0
0.36;0.3;0.28;0.25;0.11,1.2,200
0,1.5,0
0,0.5,0
0,0.7,0
0,0.5,0
0,0.5,0
0.03,0.3,200
0,0.85,0
0,0.7,0|0
0,0.9,0|0
0,0.9,0|0
0,0.85,0
0,0.7,0|0
0,1.5,0
0,0.85,204
1;0.93;0.68;0.48;0.09,0.9,200
0,0.85,0
0,0.7,0
0.2;0.02,0.7,200
0,0.5,204
0,0.85,0
0,0.5,0
0,0.5,0
0,0.85,0
0,0.35,0
0.6;0.38;0.08;0.02;0.01,0.85,200
0,1.5,0
0,0.85,0
0,0.85,0
0,0.85,0
0,0.3,0
0.12,0.85,200
0,0.85,0
0,0.7,0|0
0,0.7,0|0
0,0.7,204
0,0.7,0
0,0.7,0
0,1.5,0
0,0.5,0
0,0.5,0
0,0.3,0
0,0.7,0
0.27;0.2,0.7,200|200
0,0.85,0
0,0.5,204
0,0.5,0
0,1.5,0
0,0.5,0
0,0.85,0
0,1.5,0
0,0.7,0
0,0.5,0
0.97;0.65;0.14,1.2,200
0,1.2,204
0,0.85,0
0,0.5,0
0,0.7,200|204
0,0.5,0
0,0.5,0
0,0.5,0
0,0.5,0
0,0.5,0
0,0.5,0
0,0.85,0
0.35,0.85,200
0,0.7,204|204
0,0.3,0
0,0.85,0
0.05;0.02,1.5,200
0,0.5,0
0,0.9,0|0
0,0.7,0
0,0.5,204
0,0.5,0
0,0.7,204
0,0.7,0
0,0.7,0|0
0,0.85,0
0,0.85,0
0,0.85,0
0.3;0.18;0.07;0.02;0.01,0.85,200
0,0.85,0
0,0.85,0
0,0.7,204
0,0.5,0
0,0.5,0
0,0.85,204
0,1.5,204
0,0.5,0
0,0.5,0
1.88;0.96;0.76;0.46;0.19,0.9,200
0,1.5,0
0,0.9,0|0
0,1.5,0
0,0.5,0
0,0.7,0
0,0.85,0
0,0.5,0
0,0.5,0
0,0.7,204
0,0.5,0
0,0.7,0
0,0.5,0
0,0.85,0
0.03,0.85,200
0,0.5,0
0,0.5,0
0,0.5,204
0,0.5,0
0.04,1.2,200
0,0.7,204|204
0,1.5,204
0.16;0.02,0.85,200
0.03,0.85,200
0,0.3,0
0,0.5,0
0.03,0.3,200
0.16,1.5,200
0,0.5,0
0,0.5,0
0,0.5,0
0,0.85,204
0,0.85,0
0,1.5,0
0.39;0.08,0.9,200|200
0,0.7,0
0,0.7,0|0
0.05,0.85,200
0.77;0.28;0.28;0.24;0.21,1.2,200
0,0.85,0
0,0.85,0
0,0.5,0
0,0.5,0
0,0.85,204
0.31;0.12;0.01,0.5,200
0,0.3,0
0,0.85,0
0,0.5,0
0,0.5,0
0,0.7,0
2.4;1.47;0.68;0.36;0.36,0.7,200
0,0.85,0
0,1.5,0
5.7;0.57;0.52;0.44;0.37,1.5,200
0,0.7,0|0
0,0.7,204|204
0,0.85,0
0,0.7,0|0
0,0.9,0|0
0,0.7,0|0
0,0.3,0
0,0.85,0
0,0.5,0
0,0.85,0
1.15;0.03,0.5,200
0,0.5,204
0,0.5,0
0.16,0.5,200
0,0.85,0
0,0.5,0
0,1.5,0
0,0.85,0
0,0.5,0
1.42;0.2;0.2,1.2,200
0,0.5,0
0.02,0.85,200
0,0.85,0
0,0.5,0
1.2;0.67;0.52;0.43;0.36,0.85,200
0,0.85,0
0.02,0.5,200
0,0.5,0
0,0.85,0
0,0.5,0
0,0.85,0
0,0.85,0
0,0.5,0
0,0.5,0
0,1.5,0
0,0.9,0|0
0,0.3,0
0,0.7,0|0
0,0.5,0
0,0.5,0
0,0.7,0|0
0.14,0.85,200
0,0.5,0
0,0.7,204
0,0.7,204|204
0.68;0.02,1.5,200
0,1.5,0
0,0.85,0
1.2;0.2,1.5,200
0,0.7,0
0.28;0.08;0.02,0.5,200
0,0.85,0
0,0.3,0
0,0.5,204
0.06,0.7,200
0,0.7,200|204
0,0.85,0
0,0.7,0
0,0.7,0|0
0,0.5,0
0.99;0.64;0.48;0.18;0.02,0.7,200|200
0,1.2,0
0.23;0.17;0.16;0.16;0.1,0.7,200
0,0.5,0
0.09,0.7,200
0,0.5,0
0,0.85,204
0.27,0.5,200
0,0.9,0|0
0,0.7,0
0,0.85,0
0,0.85,0
0,0.5,0
0,0.5,0
0,0.9,0|0
0,0.7,0
1.6;0.17;0.02,0.85,200
0,0.5,0
0,0.85,0
0,0.7,0|0
0.24,0.5,200
0,0.5,0
0.07,1.5,200
0,0.85,0
0,0.7,0|0
0,0.5,204
0.34;0.2,0.85,200
0.16,0.5,200
0,0.9,0|0
0.6,0.5,200
0,0.85,204
0,0.3,0
0,0.3,0
0,0.5,0
0.15;0.03;0.01,0.3,200
0,0.85,204
0,0.3,0
0.18;0.1;0.02,0.5,200
51.07;0.76;0.44;0.3;0.2,0.3,200
0,1.5,0
0,0.85,0
0,1.2,0
0.01,0.7,200
0.01,0.3,200
0,0.3,204
0.1;0.07,1.5,200
0,0.7,0
0,0.5,204
0.17,0.7,200|200
0.12,0.5,200
0,0.5,0
0,0.5,0
0,0.85,0
0,0.5,0
0.01,0.85,200
6.91,0.9,200
0,0.3,0
0,0.5,0
0,0.5,204
0,1.5,204
0,0.85,204
0,0.5,0
0.36;0.23;0.06,0.9,200|200
0,0.3,0
0,0.3,204
0.08,0.5,200
0,0.5,0
0,0.7,0
0,0.9,0|0
0,0.85,0
0,0.85,0
0,0.5,0
0,0.7,0|0
0,0.5,204
0,0.5,0
0,0.7,0
0,0.5,204
0,0.9,0|0
0.32;0.21,0.5,200
0,1.5,0
0,0.7,0
0,0.5,0
0,0.3,0
0,0.5,0
0,0.5,0
0,0.5,0
0,0.5,0
0,0.5,0
0,0.9,0|0
0,0.9,0|0
0,0.9,0|0
0,0.5,0
0,0.3,0
0,0.85,0
2.4;1.04;1;0.47;0.36,1.5,200
0,0.85,0
0,0.85,0
0,0.5,0
0,0.85,0
0,0.5,204
0,0.5,0
0.11;0.07;0.06;0.02;0.01,0.7,200
0,0.85,0
0,0.5,0
0,1.5,0
0,1.5,204
0,1.5,0
0,0.5,204
0,0.85,0
0,1.2,0
0.02,0.85,200
0,0.5,0
0,1.5,0
0,0.5,0
0,0.7,0
0,0.5,0
0,0.5,0
0,0.5,204
0,0.5,0
0,0.85,0
0,0.7,204|204
1.53;0.8;0.75;0.54;0.32,0.3,200
1.2;0.51;0.48;0.36;0.21,1.2,200
0.01,1.5,200
0,0.3,204
0,0.5,204
0,0.85,0
0,0.5,0
0,0.3,0
0,0.85,0
0,0.5,0
0,0.85,204
0.01,0.7,200
0,0.5,0
0,0.85,0
0,1.5,0
1.86;0.78;0.12;0.12,0.3,200
0,0.7,0
0,1.5,0
0,0.7,0|0
0,1.5,0
0,0.85,204
0,0.85,0
0,0.7,0|0
0,0.7,0
0,0.85,0
0,0.9,0|0
0,0.5,0
0,0.5,0
0,0.7,0
0,0.7,0
0,0.5,0
0,0.85,204
0,1.5,0
0,0.5,0
0.2,0.7,200|200
0.26,1.5,200
0,0.5,0
0,0.85,0
0,0.85,0
0.03;0.01,0.85,200
0,0.5,204
0.14,0.5,200
0.13;0.11,1.2,200
0,0.85,0
0,0.3,204
0.11;0.03,0.7,200|200
0.04,0.85,200
0,0.85,0
0,0.85,0
0,0.7,200|204
0,0.7,0
0,0.85,0
0.28;0.01,1.2,200
0,0.7,0|0
0,0.3,0
0,0.7,204|204
0,0.85,0
0.11,0.3,200
0.09;0.06,0.5,200
0,1.5,0
0,0.5,0
0,0.7,0
0,0.5,0
0,0.85,0
0,0.9,0|0
0,0.9,0|0
0,0.7,0
0,0.7,204|204
0,0.5,0
1.8,0.3,200
0,0.7,204|204
0.96;0.72;0.68;0.6;0.6,0.7,200
0,0.85,204
0,0.5,0
0,0.5,0
0,0.3,0
0,0.85,0
0,0.5,0
0.08;0.02,0.85,200
0,0.7,0|0
0.2,1.5,200
0,1.5,0
0.03,0.5,200
0.93;0.2,1.5,200
0,0.85,0
0,1.2,0
0,0.85,0
0,0.5,0
0,0.3,0
0,0.3,204
0.09,0.85,200
0.75;0.18;0.07;0.04,0.85,200
0.36;0.02,0.85,200
0,0.7,0|0
0,0.5,204
0.2;0.04,0.7,200
0,1.5,0
0,0.85,0
0,0.5,0
0.09,0.5,200
0,0.7,0|0
0.72,1.5,200
0,0.5,204
0.8;0.31;0.09,0.85,200
0,0.5,204
2.1;0.18;0.14;0.14;0.05,0.5,200
0,0.85,0
0,0.5,0
0,0.5,0
0,0.85,0
0,0.5,0
0,0.7,0
0.01,0.7,200
0,0.3,0
0,0.85,204
0,0.5,0
0,0.7,0
4.81;0.38;0.36;0.2;0.01,1.2,200
0,1.2,0
0,1.5,0
0.26;0.16,0.5,200
0.16,0.3,200
0.46;0.04,0.3,200
0,0.5,0
0,0.5,0
9.28;0.02,0.85,200
0,0.7,0
0,0.5,0
0,0.85,0
0,0.9,0|0
0,0.85,0
0,0.3,0
0,0.5,204
0,0.5,0
0,0.85,0
0,0.7,0
0,0.7,204|204
0,1.5,0
0,0.7,0
0,0.85,0
0,0.5,0
0,0.85,0
0,0.85,204
0,0.7,204
0,0.5,204
0,0.5,0
0,0.3,204
0,0.85,0
0,0.85,0
0.8;0.6;0.01,1.2,200
0,0.7,0|0
0.48;0.36;0.16;0.11,0.5,200
0.56,0.85,200
0,1.5,0
0,0.85,0
0,0.5,0
0,0.5,0
0,0.5,0
0,0.7,0|0
0,0.85,0
0,0.5,0
0.09,0.7,200|200
0.3,1.5,200
0.02,0.7,200
1.23;0.28;0.09;0.03;0.01,0.5,200
0.01,0.5,200
0,0.5,0
0,0.5,0
0,0.7,0|0
0.33;0.12,0.3,200
0,0.5,0
0,0.5,0
0,0.5,0
0,0.5,0
0,0.85,0
0,0.7,0
0,1.5,0
0.17,0.5,200
0,0.3,0
0,1.2,0
0,0.85,0
0,0.7,0
0,0.85,0
0,1.5,0
0,1.2,0
0,0.9,0|0
0.2,0.7,200|200
0,0.7,200|204
0.2,0.5,200
0,0.5,0
0,0.7,0|0
0,0.5,0
0,0.5,0
0.42;0.12;0.08;0.02,1.5,200
0,0.85,0
0,0.85,0
0,0.85,0
0.36;0.03;0.02,0.85,200
0,0.5,0
0,0.7,204
0,0.85,0
0,0.85,0
0,0.5,0
0,1.5,204
0,0.5,0
0.12;0.05,0.85,200
0,0.3,0
0.75;0.24;0.08;0.02,1.2,200
0,0.5,0
0,0.5,0
0,0.85,0
0,0.5,0
0,0.3,0
0,0.5,204
0,0.5,0
0,0.5,204
0,0.9,0|0
0,0.85,0
0,0.5,0
0,1.2,0
0,0.85,0
0,0.7,200|204
0,0.5,0
0,0.5,204
0,0.5,0
0,0.7,204
0,0.5,0
0.93;0.2,0.5,200
0,0.7,0|0
0,0.7,0|0
0,1.5,0
0,0.3,0
0.01,1.5,200
0,0.5,0
0,0.7,0|0
0,1.5,0
0,0.5,0
0,0.85,0
0,0.5,0
0,0.7,204|204
0.03,0.5,200
0,0.85,0
0,0.5,0
0,0.5,0
0,1.5,0
0.35;0.09,0.5,200
0,0.3,0
0,0.5,204
0,0.7,0|0
0.27;0.02,1.2,200
0,0.5,204
0.2;0.1;0.02,0.85,200
0,1.2,204
0,0.7,0|0
0.25;0.13;0.12;0.09;0.08,0.7,200
0,0.5,0
0,0.5,0
0,0.5,0
0,0.7,204
0.27,0.7,200
0,0.7,0
0,0.3,0
0,0.7,0|0
1.34;0.38;0.23;0.11,0.3,200
0,0.3,0
0,0.5,0
0,0.3,0
0,1.5,0
0,0.7,0
0,0.7,0
0,0.5,0
0,0.3,0
0.56;0.14,0.7,200|200
0,0.5,0
0,0.5,204
0.28;0.07,0.5,200
0,0.7,0
0,1.5,0
0,0.7,0
0,0.5,0
0,0.5,0
0,0.7,0|0
0.04,0.5,200
0,0.9,0|0
0,0.5,0
0.36;0.05;0.04,0.85,200
0,1.5,0
0.41,0.7,200|200
0,0.3,0
0,1.2,0
0,0.5,0
0,0.5,0
0,0.3,0
0.3;0.12,0.5,200
0.92;0.8;0.56;0.34;0.27,0.3,200
0,0.7,0|0
0,0.3,0
0.34,0.3,200
0,0.3,0
0,0.85,0
0,0.85,0
0,0.85,204
0,0.85,0
0,0.5,0
0,0.5,0
0,0.7,0
0.18;0.14;0.12;0.09,0.85,200
0,1.5,0
0,0.5,0
0,0.5,0
0,0.5,0
0,0.7,0
1.81;0.03,0.5,200
0,0.3,204
0.65,1.5,200
0,0.85,0
0,0.5,0
0,0.5,0
0,0.5,0
0,0.3,0
0,1.5,0
0.8,1.2,200
0,0.9,0|0
0,0.3,0
0,0.5,204
0,0.7,204
0,0.85,0
1.23;0.85;0.43;0.28;0.12,1.5,200
0,0.5,0
0.8;0.58,0.5,200
0,0.5,0
0,1.5,0
0,0.7,0
0,0.5,204
0,0.5,0
1.47;0.96;0.25;0.2,1.2,200
0,0.5,0
0,1.2,0
0,0.5,0
0,0.5,0
0,0.5,204
0,0.3,0
0,0.85,0
0.32;0.19,0.3,200
0,0.7,204
0,0.85,204
0.04;0.02,1.2,200
0,0.85,0
0,0.3,0
0,0.7,204|204
0,0.7,204
0,0.5,0
8.52,0.85,200
0,1.5,0
0.08,0.5,200
0,0.5,0
0,1.5,0
0,0.7,0
0,0.5,0
0,0.7,204
0.02,0.3,200
0,0.85,0
0,0.9,0|0
0,0.5,0
0,0.5,0
0,0.85,204
0,0.7,204|204
0,1.5,0
0,1.5,0
0.12,0.85,200
0,0.7,0|0
0,0.9,0|0
0.89;0.24;0.12,0.85,200
0,0.5,0
0.04,1.5,200
0,0.5,0
0,1.5,0
0,0.5,0
0.62;0.37;0.23;0.04,0.85,200
0,0.85,0
0,1.5,0
0,0.85,0
0,0.5,0
0.87;0.8,0.3,200
0,0.85,0
0.64;0.14;0.12;0.06;0.05,0.7,200|200
0,0.7,0|0
0,0.5,0
0.46;0.32;0.2;0.02,0.9,200|200
0,1.2,204
0,0.5,0
0,0.3,0
0,0.5,0
0,0.7,0
0,0.3,0
0,0.85,0
0,0.3,0
0,1.2,0
0,0.5,204
0,0.85,204
0,1.5,0
0,0.7,0|0
0.03;0.01,0.7,200
0,0.5,0
0,0.7,0
0,0.85,0
0,0.5,0
0.16,0.85,200
0,0.7,0|0
0,0.5,0
0,1.2,0
0.26;0.15;0.02,1.5,200
0,0.7,0
0,0.5,204
0,0.85,0
0,1.5,0
0,1.5,0
0,0.9,0|0
0,0.5,0
0.09,0.5,200
0,0.7,0
0.16,0.5,200
0,0.5,0
0,1.5,0
0,0.85,0
0,1.5,0
0,1.2,0
0,0.5,0
0,0.5,204
0.2;0.01,0.85,200
0,0.5,204
0,0.5,204
0,0.3,0
0,0.5,0
0,0.5,0
0,0.3,0
0.58;0.52;0.14,0.7,200
0,0.85,204
0,0.5,0
0.03,0.85,200
0,0.3,0
0,0.3,0
0,0.7,0
0,0.5,0
0,0.7,204|204
0,0.3,0
0.74,0.5,200
0,0.5,204
0,0.5,0
0,0.5,0
0,1.5,0
0,1.5,0
0.96;0.2;0.02,1.2,200
0,1.2,0
0,0.7,0|0
5.76;1.96;0.56;0.46;0.43,0.85,200
0,1.2,0
0,0.5,0
0,0.85,0
0,1.2,0
0.56;0.03;0.01,0.5,200
0,0.3,0
0,0.5,204
0,0.35,0
0,0.7,0
0.09;0.02,0.7,200|200
0,0.85,0
0,0.85,204
1.51;0.12,0.5,200
0,0.5,0
0,0.5,0
0,0.5,0
0,1.5,0
0,0.7,0
1.49;0.8;0.14;0.13;0.11,0.9,200|200
0,0.85,0
0,1.2,0
0,0.5,0
0,0.5,0
0,0.3,204
0.03,0.3,200
0,0.5,204
0.4,0.5,200
7.64;2.39;1.26;0.9;0.86,0.9,200
0,0.5,0
0,1.2,0
0,0.85,0
0,1.5,0
0,0.5,204
0,0.5,0
0,0.3,0
0.64,1.5,200
0.22;0.03,0.5,200
0,0.85,0
0,0.85,0
0.08;0.08;0.07,1.5,200
0,0.5,0
0,0.5,0
0,0.5,0
0,0.85,0
0,1.5,0
1.7;1.22;0.93;0.76;0.02,0.5,200
0.02,0.85,200
0,0.85,0
0.23;0.07,0.7,200
1.62;0.58;0.49;0.48;0.45,0.7,200
0.43;0.2;0.12;0.02,0.85,200
0,0.9,0|0
0,0.3,0
0.01,0.85,200
0,0.5,0
0.35;0.27;0.04;0.02,0.5,200
0,0.7,0
0,0.5,0
0,1.2,0
0,0.5,0
0,0.85,204
0,0.5,204
0,0.7,0
0,0.5,0
0,0.7,0
0,0.9,0|0
0,0.7,0
0,0.7,200|204
0,0.7,0
0,0.5,0
0,0.7,204|204
0,0.5,0
0,0.7,0
0,0.7,0
0,0.5,0
0,0.85,0
0.34;0.07,0.7,200
0,0.85,0
0,0.5,0
0,0.85,0
0,0.5,204
0,0.5,0
0,1.5,204
0,0.3,0
0,0.85,0
0,0.3,0
0,0.9,0|0
0,0.7,0
0,0.85,0
0.8;0.55;0.4;0.32,0.85,200
1.03;0.12,0.9,200
0,0.3,204
0,1.2,0
0.02,1.5,200
0.12;0.07,0.85,200
0.88;0.02,0.3,200
0,0.85,0
0,0.3,0
0,0.5,204
0,0.5,0
0,0.7,0
0,0.5,0
0,0.85,0
0,0.3,0
0,0.7,0|0
0,0.3,0
0,0.5,204
0,0.7,0
0,0.85,0
0,1.5,204
0,0.85,0
0.32;0.32;0.08;0.02,0.9,200|200
0,0.5,0
0,0.5,204
0,0.5,0
0,0.5,0
0,0.85,0
0,0.85,0
0,0.5,0
0.12,0.3,200
0,0.85,0
0,0.5,0
0.8;0.3;0.24,0.9,200|200
1.6;0.8,0.85,200
0.09;0.06,0.5,200
0,0.85,0
0.01,0.5,200
0,1.5,204
0,0.85,0
0,0.85,0
0,0.85,0
0,1.5,204
0,0.9,0|0
0,0.3,0
0,0.85,204
0,0.7,204|204
0,1.5,0
0,0.85,204
0.02,0.5,200
0,0.3,204
0,0.85,0
0,0.85,0
0,0.5,0
0,0.5,0
0,0.7,0
2.22;0.8;0.48;0.21;0.18,0.7,200
0,0.9,204|204
0,0.5,204
0,0.5,0
0,0.85,0
1.64;0.02,0.85,200
0,0.5,204
0,0.7,0
0,0.85,0
0,0.5,204
0.41;0.2;0.13;0.08,0.5,200
0,0.7,0|0
1;0.2,0.9,200|200
0,0.7,0|0
0,0.5,204
0,0.85,0
0,0.7,0
0,0.7,204|204
0.04,0.7,200
0.33;0.14;0.09,0.5,200
0,0.7,204|204
0,0.3,204
0,0.5,0
0,1.5,204
0,0.7,0
0,0.5,0
0,0.7,204
0,0.5,0
0,0.5,0
0.77;0.47;0.31;0.02,0.3,200
0,0.35,0
0,0.5,0
0,0.5,0
3.64;0.02,0.3,200
0,0.7,0|0
0,0.5,0
0,0.9,0|0
0.36;0.16;0.09;0.06,0.85,200
0,0.5,0
0,0.5,0
0.02,0.5,200
0,1.5,0
0,0.85,0
0.84;0.43;0.18;0.16;0.16,0.5,200
0,0.3,0
0,0.5,204
0,0.5,0
0,0.5,0
0,0.85,0
0,0.85,0
0.8;0.64;0.32;0.25;0.17,0.7,200|200
0,0.85,0
0,0.5,0
0,0.7,0
0,0.5,0
0,0.5,0
0,0.5,204
0,0.3,204
0,0.5,0
0,0.5,0
0,1.5,204
0,0.85,0
0.84;0.16;0.04;0.02;0.01,0.3,200
0,0.85,0
0,0.3,204
0,0.9,0|0
0,0.85,0
0,0.5,0
0,1.5,0
0,0.5,204
0,0.5,0
0.32;0.12;0.08;0.02,0.85,200
0,0.7,0|0
0,0.5,0
0,0.3,0
0,0.9,0|0
1.07;0.2,0.7,200|200
0,1.5,0
0,1.5,0
0,1.5,0
0,0.5,0
0,1.2,204
0,1.2,0
0,0.5,0
0.07,1.5,200
0,0.7,0
0,0.5,204
1.86,0.7,200
0,0.85,0
0,0.7,0
0.55,0.3,200
0,0.5,0
0.16,0.7,200|200
0,0.5,204
0,0.7,204
5.02;1.48;0.51;0.43;0.24,0.9,200
0,0.7,0|0
0,0.3,0
0.08,0.3,200
0,0.5,0
0,0.5,204
0.54;0.12;0.02,0.85,200
0,0.7,204
0,0.7,0|0
0,0.5,0
0,0.85,0
1.72;0.36;0.2;0.07;0.01,0.5,200
0,0.5,0
0,0.85,0
0,0.5,0
0,0.5,0
0,1.2,0
0.44;0.23,0.85,200
0.02,0.7,200
0,0.7,0|0
0,0.7,0
0,0.7,0
0,0.35,0
0,0.3,0
0,0.3,0
0,0.5,0
0,0.7,204
0.09,0.3,200
0,0.3,0
0,0.85,204
0,0.5,204
0,0.5,0
0,0.7,204
0,0.5,0
0,0.7,0|0
0,0.7,0
0,0.5,0
0,0.5,0
0,0.5,0
0,0.5,0
0,0.5,0
0,0.5,0
0,0.35,0
0,0.5,204
0,0.5,0
0,0.85,0
0,0.7,204
0,0.85,0
0,0.85,0
0.2;0.16;0.14,0.3,200
0,0.85,0
0,0.85,0
0,0.7,0
0,0.7,0|0
0,0.7,0
0,0.85,0
0,0.3,0
0,0.7,0|0
0,1.5,0
0,0.5,0
1.07;0.72;0.42;0.4;0.36,0.85,200
0,0.3,0
0,0.7,0|0
0.36;0.13;0.12,1.5,200
0,0.7,204
0,0.5,0
0,0.85,0
0,1.2,0
0,0.85,0
0,0.3,0
0,0.7,0
0,0.85,0
0,0.85,0
0.17,0.5,200
0,1.5,0
0,0.85,204
0,1.5,0
0,0.5,0
0,0.5,0
0,1.5,0
0,0.7,0
0,0.5,204
0,0.85,0
0,0.85,0
2.4;0.69;0.32;0.32,1.5,200
0.12,0.5,200
0,0.5,204
0,1.2,0
0,1.2,204
0,0.5,204
0,0.5,0
0.12,0.85,200
1.71,0.85,200
0,0.5,0
0,0.3,0
0,0.85,0
0,0.5,0
0,0.5,204
0,0.5,0
0,1.5,0
0,0.5,0
0.17;0.13;0.03,0.3,200
1.24,0.3,200
0,0.3,0
0.09,0.3,200
0,1.5,0
0,0.5,204
0.03;0.01,0.5,200
0,0.7,0
0.04,0.5,200
0,0.7,0
0,0.7,0
0,1.5,0
0,0.5,0
0,0.5,0
0.27,0.85,200
0,1.2,0
0,0.9,0|0
0,0.85,0
0,0.5,0
0,0.5,0
0,0.5,0
0,0.5,0
0,0.7,0
0,0.85,0
0,0.35,0
1.42;0.24;0.07;0.02;0.02,0.85,200
0,0.9,0|0
0,0.5,0
0,0.5,0
0,0.85,0
1;0.8;0.56;0.34;0.12,0.9,200
0.4;0.12;0.08;0.02,0.7,200
0,0.5,0
0,0.5,204
0,0.5,0
0,0.5,0
0,0.7,0
0,0.5,0
0,0.3,204
0,0.3,0
0,0.85,0
0,1.5,0
0,0.7,0
0,0.9,0|0
0,0.7,0
0,1.5,0
0,0.5,0
0,0.5,0
0.34;0.2;0.08;0.06,0.7,200|200
0,0.5,0
0.26;0.17;0.15;0.07;0.04,0.85,200
0,0.3,204
0,0.7,0
0,1.2,0
1.48;1.12;0.54;0.52;0.23,0.3,200
1.06;0.8;0.36;0.28;0.2,0.3,200
0.09,0.9,200|200
0,0.7,0
0,0.85,0
0,0.5,0
0,0.85,0
0,0.5,0
0,0.7,0|0
0,0.9,0|0
6.4;0.76;0.6;0.24;0.2,0.9,200
0,0.5,0
0,0.7,0|0
0,0.5,204
0.12,0.5,200
0,0.5,204
0,0.7,0|0
0,0.7,0
0,1.5,0
0,0.9,204|204
0,1.2,0
0,0.85,0
0,0.85,204
0,0.85,0
0,1.5,0
0.03,0.85,200
0,0.85,0
0,0.5,0
0.02,0.5,200
0,0.35,0
0,0.5,0
0.06,0.85,200
0,1.5,0
0,0.7,0|0
0,1.2,0
1.24;0.48;0.22;0.19;0.11,1.2,200
0,0.7,0|0
0,0.5,0
0,0.85,0
0,0.85,0
0,0.5,0
0,0.7,0|0
0,0.7,204|204
0,0.85,0
0.93;0.48;0.38;0.37;0.25,0.85,200
0,1.5,0
0,0.5,204
0,0.7,204|204
0,0.5,204
0,1.5,0
0,1.5,0
0.2,1.5,200
0,0.85,0
0.66;0.18;0.12;0.08,0.5,200
0,1.5,204
0.03,0.85,200
0.12;0.02,0.5,200
0.02,1.5,200
0,0.85,204
0,0.7,0|0
0,0.5,0
0.6;0.04;0.01,0.9,200|200
0,0.3,0
0,0.5,0
0,0.3,204
0,0.85,0
0,0.7,0|0
0.56;0.28,0.85,200
0,0.85,0
0,0.85,0
0,0.85,0
0.03;0.01,0.5,200
0,0.5,0
0.02,0.5,200
0,0.5,0
0,0.9,204|204
0,0.7,0|0
1;0.72;0.12;0.12;0.02,0.85,200
0,0.5,0
1.49;0.8;0.06,0.7,200
0,0.3,0
0,0.7,0
0.19;0.18;0.14;0.11;0.01,0.7,200|200
0,0.85,0
0,0.7,0|0
0,0.5,0
0,0.3,0
0,0.7,0|0
0,0.5,0
0,0.5,0
0,0.3,0
0,0.5,0
0,0.85,0
0,0.5,204
0,0.7,0|0
0,0.5,0
0,0.7,0|0
0,1.5,204
0,1.2,0
0,1.5,0
0,0.85,0
0,0.7,0
0,0.3,0
1.38;0.09;0.06,0.7,200
0,0.85,204
0.06;0.03,0.85,200
0.07,0.85,200
4.02;1.23;0.68;0.25;0.24,1.5,200
0,0.7,204
0,0.5,204
0,0.5,0
0,0.5,0
0,0.5,0
0,1.5,0
0,0.5,0
0,0.7,0
0,0.5,0
0.08,1.5,200
0,1.5,204
2.01;0.08,0.7,200
0,0.5,0
0,0.85,0
0,0.5,0
0.16;0.13,0.5,200
0,0.35,0
0,0.85,0
1.03;0.83;0.4;0.34;0.16,0.85,200
0,0.7,0|0
0,0.5,204
0,0.5,204
0,0.85,0
0.46;0.2,0.85,200
1.21,0.7,200|200
0,0.85,0
0,0.7,0|0
0,0.3,0
0.04,0.85,200
0.26;0.16;0.15,0.7,200
0,0.3,0
0,0.9,0|0
0,0.5,0
0,0.5,204
0.16,0.5,200
0,0.7,0
0,1.2,0
0,0.5,0
0.16,0.5,200
0,0.7,0
0,0.5,0
0,0.85,0
3.8;0.83;0.33;0.23;0.16,0.3,200
0.32,1.2,200
0.04,1.2,200
0,0.5,0
0,1.5,0
0,0.7,200|204
0,0.85,0
2.2;0.94;0.87;0.08;0.02,0.85,200
0,1.5,0
0,1.5,0
0,0.85,204
0,0.5,0
0,0.85,0
0,1.5,204
0.12,0.7,200|200
0,0.5,0
0,0.3,0
0.16,0.5,200
0,1.5,0
0.44;0.37;0.12,1.5,200
0,0.85,0
0,0.85,0
0,0.5,204
0,0.5,204
0,0.85,0
0,0.85,0
0,0.7,0
0,0.5,0
0,0.5,0
0,0.85,204
0.02,0.5,200
0,0.7,0|0
0,0.5,0
0.04;0.02,0.9,200|200
0,0.7,0|0
0,0.85,0
0.27,0.3,200
0,0.3,0
0,0.7,204|204
0,0.3,0
0,1.5,0
0,0.7,0
0.36;0.21;0.12;0.11;0.09,0.7,200
0,0.5,0
0.31;0.16,0.5,200
0.36;0.24;0.19;0.08;0.06,0.85,200
0,0.5,0
0,1.5,0
0,0.7,0|0
0,0.5,0
0,0.85,0
0,0.5,0
0,0.85,0
0,0.85,0
0,0.5,0
0,0.85,0
0,0.5,0
0,0.5,0
0,0.85,0
0,0.3,204
0,0.3,0
0,1.2,204
0,0.7,0|0
0,0.5,0
0,1.2,0
0,0.7,0
0,0.5,0
0,0.85,204
0,1.5,0
0,1.5,204
0.02,0.85,200
0.07;0.02,0.9,200|200
0,1.2,204
0,0.85,0
0,0.85,0
0,0.7,0|0
0,1.5,0
0,0.85,0
0,0.5,0
0,1.5,0
0,0.5,0
0,1.5,204
0,0.3,0
0,0.5,0
0,0.3,0
0.04,0.5,200
0.03,0.5,200
0.91;0.88;0.76;0.44;0.37,1.5,200
0,0.5,0
0,0.85,0
0,1.5,0
0,1.5,204
0,0.5,0
0,1.5,0
0,0.7,204|204
0.71,0.7,200|200
0,0.5,0
0,0.7,0
0.12,0.85,200
0,0.5,0
0,0.7,204
0,0.5,0
0,1.5,0
0,0.7,0
0,0.5,0
0,1.2,0
0,0.85,0
0,0.85,204
0,0.85,0
0.6;0.2,0.7,200
0,1.5,0
0,0.3,0
0,0.5,0
0,0.85,0
0,0.85,0
0,0.7,0
0,0.85,204
0,0.7,0
0,0.85,0
0,0.5,0
1;0.16,0.3,200
0,0.85,0
0,0.5,204
0,0.85,0
0,0.85,0
0.02,1.5,200
0,0.85,0
0,0.85,0
0,0.7,0
0,0.7,0
0,0.3,0
0,0.3,0
0.01,0.3,200
2.66;0.46,0.85,200
0,0.5,0
0,0.85,0
0,1.2,204
0,1.5,0
0,0.85,0
0,0.3,204
0.36;0.06,0.9,200|200
0,0.85,204
0,0.3,204
0,0.5,0
0.11,0.85,200
0,0.85,204
0,0.5,204
0.16,0.5,200
0,0.5,0
0,0.5,204
0,1.5,204
0,0.5,204
0,0.3,0
0.36;0.21;0.21;0.06,1.2,200
0,0.9,0|0
0,0.7,0
0,0.5,204
0,0.5,0
0,0.5,0
0,0.3,0
0,0.85,0
0,0.85,0
0.01,0.5,200
0,0.5,0
0,0.7,0
0,0.85,0
0,0.3,0
0,0.85,0
0,0.9,0|0
0,0.5,0
0,0.5,0
0,1.5,0
0,0.5,0
0,0.85,0
2.04;1.65;1.03;0.52;0.27,0.9,200
0,0.5,0
0,1.5,0
0.06,0.3,200
0,0.7,0|0
0,1.5,0
0,0.5,0
0,0.85,0
0.2;0.09;0.08,0.9,200|200
0,0.5,0
0,0.3,204
0,0.85,0
0,0.5,0
0.03,0.5,200
0,0.5,0
0,0.7,0
0,0.5,0
0.36,0.7,200
0,0.5,0
0,0.7,0|0
0,0.85,0
0,1.5,0
0,0.5,0
0,0.7,0
0,0.3,204
0,0.7,0|0
0,0.5,204
0,0.5,0
0,0.7,0|0
0,0.7,0
0,0.5,0
0.16;0.03,0.5,200
0,0.5,0
0,0.5,0
0,0.35,0
0.3;0.06;0.02;0.01,0.3,200
0,1.2,0
0,1.2,0
0,0.5,0
0,0.85,0
0,0.7,0|0
0.2,0.7,200|200
0,0.7,204
0.01,0.7,200|200
0.01,0.5,200
0,0.5,0
0.91;0.49;0.32;0.14;0.02,0.85,200
0,1.2,0
0,1.2,0
0.07;0.05,1.5,200
0,0.7,0|0
1.2;0.31;0.02,0.9,200
0.17,1.5,200
0,0.7,0|0
0.69;0.34;0.16;0.13;0.02,0.3,200
0,0.7,204
0,0.85,0
0,0.85,0
0,0.5,0
0,1.5,0
0,1.5,0
0,0.85,0
0,0.7,204|204
0,0.3,204
0,0.5,0
0,0.3,0
0.3;0.28;0.11;0.05;0.02,0.9,200|200
0,0.7,0
0,0.85,0
0,0.7,0
0.75;0.21;0.14;0.12;0.05,0.3,200
0,0.3,0
0,0.5,0
0,0.5,0
0,0.5,0
0.8;0.01,0.9,200|200
0,0.7,0
0,1.2,0
0,0.85,204
0.32;0.02,0.3,200
0,0.85,0
0,1.5,0
0.04,0.7,200|200
0,0.7,204|204
4.2,0.85,200
0,1.5,0
0,0.5,0
1.7;0.96;0.8;0.17;0.1,0.7,200
0,0.3,0
0,0.3,0
0,0.5,0
0,0.5,0
0,0.85,0
0,0.85,0
0,1.5,0
0.51;0.35;0.27;0.12;0.08,0.5,200
0,0.7,0|0
0,0.85,0
0,0.85,0
0.01,0.7,200|200
0,0.7,0|0
0,0.85,0
0.96;0.96;0.85;0.64;0.56,0.85,200
0,0.5,0
0.4;0.36;0.17;0.13;0.08,0.5,200
2.31;0.19,0.9,200
0,0.3,0
0,0.5,0
0,0.3,204
0,0.35,0
0,0.9,0|0
0,0.3,0
0,0.7,0|0
0,0.5,0
0,0.7,0|0
0,0.7,0
0,0.85,0
0,0.7,204|204
0.26,0.85,200
0,0.85,0
0.8,0.7,200
0,0.85,204
0,0.7,204
0,0.7,204
0,0.9,0|0
0,1.2,0
0.52,0.7,200
0,0.5,0
2.4;0.75;0.56;0.46;0.28,0.7,200
0,0.9,0|0
0.08;0.05,0.5,200
0,0.3,204
0.13,0.7,200|200
0,0.7,0
0,0.7,0|0
0,0.85,0
0.4;0.35;0.34;0.3;0.08,0.5,200
1.52;1.09;1;0.96;0.58,0.9,200
0,0.5,0
0,0.5,0
0,0.85,0
0,0.3,0
0,0.5,0
0,0.7,0
0,0.5,0
0,0.85,0
0,0.5,0
0,0.85,0
0.28,0.5,200
0,0.5,0
0,0.85,0
0,0.5,204
0,0.5,0
0,0.85,0
0,0.9,0|0
0,0.3,0
0,0.7,0|0
0.01,0.5,200
0,0.5,0
0,0.5,0
0,0.5,204
0,0.85,204
0,0.3,204
0,1.5,0
0,0.5,0
0,1.5,0
0,0.5,0
0,0.9,0|0
0,0.7,204
0,0.85,0
3.68;1.91;1.04;0.8;0.54,0.9,200
0,1.5,0
0,0.7,0|0
0,0.85,0
0,0.5,0
0,0.7,0|0
0,1.2,0
1.04;0.37;0.2,0.5,200
0,0.85,0
0.8;0.38;0.04,0.7,200|200
0,0.5,204
0,0.5,204
0,0.85,0
1.85;0.16;0.01,0.85,200
0,0.85,0
0,0.5,204
0,0.5,204
2.2;1.04;0.25;0.21;0.2,0.85,200
0,0.7,0|0
0,0.85,0
0,0.7,0|0
0.33,0.3,200
0,0.5,0
0,0.7,0|0
0,0.7,0
0,0.5,0
0,1.2,0
0,0.5,204
0,0.85,0
0,0.5,204
0,0.5,0
0,0.5,204
0.06,0.5,200
0.27;0.22;0.15;0.05;0.02,0.85,200
0,0.9,0|0
0,1.5,0
0,1.5,0
0,1.5,0
0,0.7,0
0,0.7,0
0,0.85,0
0,0.5,0
0.12,0.3,200
0,0.5,204
0,0.85,0
0.03,0.85,200
0,0.3,0
0,0.85,0
0,0.5,0
0,0.7,0|0
0.17;0.16;0.13,0.5,200
0,0.5,204
0,0.5,0
0,1.5,0
0.93;0.8;0.59;0.2;0.16,0.7,200
0,0.9,0|0
0,0.9,0|0
0,0.5,0
0.26;0.24;0.03;0.01,1.5,200
0,0.5,204
0,0.3,0
0,1.5,0
0,0.5,0
0,0.5,0
0,0.9,0|0
0,1.2,0
0,1.5,0
0,0.7,204
0,0.5,0
0,0.5,0
0,0.5,0
0,0.7,0
0.8;0.79;0.44;0.24;0.14,0.7,200|200
0,0.5,204
0.17,0.5,200
0,0.5,0
0,0.5,0
0,0.5,204
0,0.5,0
0,1.2,0
0,0.7,0
0.6;0.36,0.85,200
0,0.85,0
0,0.3,204
0,0.5,0
0,0.5,204
0,0.5,204
0,0.5,0
0,0.7,204
0,0.5,0
0,0.85,0
0.02,0.5,200
0,0.85,0
0,1.5,0
0,0.85,0
0.08;0.02,0.7,200|200
0,0.3,0
0,1.5,204
0,0.5,204
0.43;0.2;0.16;0.12;0.06,0.85,200
0,0.9,204|204
0,0.9,0|0
0.05,0.85,200
0,0.9,0|0
0,0.7,0|0
0.14,0.5,200
0,0.5,0
0,0.5,0
0,0.3,0
0.59;0.12;0.02,0.7,200|200
0,0.5,0
0,0.85,0
0,0.5,0
0,0.5,0
0,0.5,0
0,0.85,204
0,0.7,0
0,0.5,0
0,0.85,0
0,0.5,0
0,0.85,0
0,0.5,0
0,0.5,0
0,0.5,0
0,0.5,0
0,0.85,0
0,0.85,204
0.56;0.32;0.14;0.1,1.2,200
0,0.85,0
0,0.5,0
0,0.7,0
0,0.9,0|0
0,0.5,0
0.09,0.5,200
0,0.5,204
0.17;0.04,0.85,200
0,0.5,0
0,0.7,204|204
0,0.5,0
0,0.5,204
0.76;0.06,1.5,200
0,1.5,204
0,0.5,0
0,0.7,0
0,0.5,0
0,0.9,0|0
0,0.7,0|0
0.03;0.01,0.5,200
0,0.7,0
0.04,0.85,200
0,0.5,0
0.21;0.12;0.02,1.5,200
0.02,0.5,200
0,1.5,204
0,0.85,0
0.19;0.1;0.06;0.03,0.85,200
0,0.85,204
0,0.7,0|0
0,0.85,0
0.12;0.12;0.02,0.3,200
0.05,0.7,200|200
0,0.7,0|0
0,0.85,0
0,0.85,0
0.36;0.28;0.16;0.09;0.09,0.3,200
0,0.5,0
0,0.5,0
0,0.85,0
0,0.85,0
0.08,0.7,200
1.29;0.76;0.34;0.27;0.1,1.5,200
0,0.5,204
0,0.3,0
0,1.5,0
0,0.5,0
0,0.9,0|0
0.04,0.85,200
1.86;0.12;0.01,1.5,200
0.04,0.5,200
0,0.85,0
0,0.85,0
0,0.7,0
0,0.5,0
0,0.7,204
0.02,0.85,200
0.16;0.04;0.02,0.85,200
0,0.7,204
0,0.5,0
0,0.5,0
2.12;0.52;0.28;0.18;0.12,0.3,200
0,0.7,0|0
0.43;0.31,0.5,200
0.23;0.05,0.5,200
0,0.7,204
0,0.5,204
0,0.5,204
0,0.5,0
0,1.5,0
0,0.85,0
0.01,0.5,200
0.8,0.85,200
0,0.7,204
0.3,0.3,200
0,0.85,0
0.07,0.5,200
0,0.5,0
0,0.5,0
0,1.2,0
0,0.5,0
0,0.85,0
0,0.5,204
0,0.85,0
0.03;0.01,0.5,200
0.08,0.7,200|200
0,0.5,0
0,0.5,0
0,0.5,0
0,1.5,204
0,0.5,204
0,0.85,0
0,0.7,0
0,0.5,0
0,0.5,204
0,0.5,0
0,0.85,0
0.36;0.14,0.85,200
0,0.7,0|0
0,0.85,0
0,0.3,0
0,0.3,0
0,0.7,0
0,1.2,0
0,0.5,204
0,1.5,0
0,0.85,0
0,1.2,0
0.4;0.01,1.5,200
0,0.5,204
0,0.5,204
0,0.7,0
0,0.85,0
0,0.5,0
0,0.9,0|0
0.8;0.47;0.34;0.3;0.2,1.2,200
0,0.85,204
0,0.5,0
0,1.5,0
0,0.3,204
0,0.7,0|0
0,1.5,0
0.01,0.85,200
0.32,0.5,200
0.66;0.62;0.28;0.26;0.24,1.2,200
0,1.2,0
0,0.7,0
0,0.7,204|204
0,0.5,0
0,0.5,0
0,0.5,0
0,0.9,0|0
0,0.7,0|0
0,0.85,0
0.14,0.5,200
0,0.5,204
0,0.85,204
0,0.9,0|0
0,0.7,0|0
0.38;0.32;0.27;0.03;0.02,0.85,200
0,0.9,0|0
0,0.7,0
0,0.7,0|0
0.16,1.2,200
0,0.85,0
0,1.5,0
0.02,0.3,200
0,0.85,0
0.85;0.64;0.02,0.85,200
0,0.7,0
0,0.85,0
0.02,0.5,200
0,0.85,0
0,0.5,0
0,0.9,204|204
0.3;0.02,0.9,200|200
0,0.85,204
0.16,0.5,200
0,0.5,0
0,0.85,0
0,0.5,0
0.13,0.85,200
0,0.7,0|0
0,0.5,0
0,0.3,0
0,0.85,0
0,1.5,0
0,0.5,204
0,0.5,204
0,0.3,0
0,0.3,0
5.14;0.12,0.7,200
0,0.7,0|0
0,0.5,204
0,0.85,0
0,0.5,204
0,1.2,0
0,0.9,0|0
0.09,1.5,200
0,0.85,204
0,1.5,0
0.14;0.09,0.7,200|200
0,0.85,0
0,1.5,0
0,0.85,0
0,0.5,0
0,0.7,0|0
0,0.7,0
0,0.5,0
0,0.5,0
0,0.5,0
0.12,0.85,200
1.03;0.4;0.32;0.27;0.04,0.5,200
0.02,0.7,200
0,0.5,0
0,0.5,0
0,0.5,0
0.14,0.3,200
0,0.9,204|204
0.18,0.3,200
0,0.3,0
0,0.5,0
0,0.7,0|0
0,0.5,0
0,0.35,0
0,0.85,0
0,1.5,0
0,0.5,0
0,0.3,0
0,0.7,0
0,0.5,0
0.17;0.02,0.3,200
0,0.85,0
0,0.85,0
0,1.2,0
0,0.5,0
0,0.85,0
0,0.7,0
0,0.3,0
0,0.5,0
0.14,0.7,200
0.16,0.5,200
0,1.5,0
0,0.5,0
0.33,1.5,200
0,1.5,0
0,0.9,0|0
0,0.5,0
0.32;0.24;0.02;0.02,0.7,200|200
0.04;0.03,0.5,200
0,0.3,0
1.76;0.06;0.02,0.85,200
1.86;0.08;0.02,0.7,200
0,0.5,204
0,0.5,0
0.35;0.01,0.85,200
0,1.2,0
0,0.7,0
0,0.85,0
0,0.85,0
0,0.3,204
0,0.7,0|0
0,0.9,0|0
0.04,0.3,200
0,0.7,0
0,0.5,204
0,0.7,0
0,0.85,0
0,1.5,0
0,0.5,204
0,0.5,0
0,1.5,0
0,0.3,0
0.02,0.7,200
0.14,0.5,200
0,0.3,0
0,1.2,0
0,0.5,0
0,0.85,0
0,1.5,204
0,0.5,0
0.12,0.7,200|200
0,0.5,0
0,0.85,0
0,0.5,204
0,0.5,0
0.93;0.02,0.85,200
0.36;0.16;0.08;0.04;0.02,0.7,200|200
0,0.85,0
0.02,0.5,200
0.2,0.9,200|200
0,0.5,0
0,0.85,204
0,0.5,0
0,0.5,204
0,0.7,0
0.16;0.02,0.3,200
0.8;0.66;0.27;0.2;0.19,0.9,200|200
0,0.5,204
0,0.7,0|0
0,0.5,204
0,0.5,204
0,0.7,0|0
0,0.85,0
0,0.7,204|204
0,0.5,0
0.03;0.02,0.85,200
0,1.5,0
0,0.85,0
0,0.85,204
0,0.5,0
0,0.85,0
0,0.3,0
0,0.5,0
0,0.7,204
0,0.5,0
0.3;0.25;0.16,0.85,200
0,1.5,0
0,0.5,204
0.12,0.5,200
0,0.7,0|0
0,0.5,0
0,0.5,0
0,0.5,0
0,0.3,0
0,0.7,0
0,0.5,204
0,0.85,0
0,0.5,204
0,0.85,0
0.06,0.7,200
1.64;0.27,0.9,200
0,0.5,0
0,0.3,0
0,0.85,0
0,0.5,0
0,0.5,0
0.03,0.5,200
0,0.9,0|0
0,0.3,0
0,0.3,0
0,0.5,0
0,0.5,0
0,0.5,0
0,0.7,0
0,1.2,0
0,0.7,0|0
0.44;0.07;0.02,0.85,200
0,0.5,0
0,0.5,204
0,0.5,0
1;0.96;0.9;0.78;0.28,1.5,200
0,0.7,0|0
0,0.35,0
0,0.5,0
0,0.5,0
0.69;0.35;0.01,1.5,200
0,0.3,0
0,0.5,0
0.1,0.5,200
0,0.85,0
0,1.5,0
0,0.3,0
0,0.7,0|0
0,1.5,0
0,0.3,0
0,0.85,0
0,0.5,204
1.23;0.8;0.08;0.04,0.7,200
0,1.2,0
0,0.85,0
0,0.5,204
0,0.7,0
0,0.5,0
0,0.3,204
0,0.7,0
0.56;0.12,0.3,200
0,0.5,0
0.11;0.1;0.07,0.7,200
0.2;0.08;0.02,1.5,200
0,0.5,204
0,0.5,0
0,0.3,0
0,0.7,0
0,0.85,0
0,0.5,0
0,0.5,0
0,0.5,0
0,0.85,0
0,0.35,0
0,0.9,0|0
0,0.5,0
0,0.9,0|0
0,1.5,0
0,0.3,0
1.7;0.56;0.33;0.21;0.07,0.5,200
0,0.85,0
0,0.5,0
0,0.85,0
0.49;0.02,0.85,200
0,0.5,0
0,0.85,0
1.09;0.91;0.47;0.27;0.02,0.5,200
0,0.5,0
0,0.5,204
0,1.5,0
0,0.5,0
0,0.5,0
0,0.7,0
0,0.85,0
0,1.5,0
0.18;0.13;0.09,0.7,200|200
0,1.2,0
0,0.85,0
0,0.85,204
0.17,0.85,200
0.17;0.03,0.5,200
0,0.5,204
0.72;0.16;0.02,0.7,200|200
0,1.5,0
0,0.5,0
0,0.85,0
0,0.7,0
0,1.2,0
0,0.85,0
0,0.85,0
0,0.5,0
0,0.3,0
0.11,0.7,200
0,0.5,0
0,0.5,0
0,0.5,0
0,0.9,0|0
0,0.7,0
0,0.7,0
0.16,0.7,200|200
0.84;0.65,1.5,200
0,0.7,0|0
0,0.3,0
0,0.3,0
0,0.85,0
0,0.7,204|204
0,0.7,0|0
0,1.5,0
0,0.5,0
0,0.7,0|0
0,1.5,0
0,1.2,0
0,0.7,0|0
0.56,1.5,200
0,0.5,204
0.93;0.72;0.4;0.19;0.14,0.5,200
0,0.3,0
1.2;0.93;0.8;0.32;0.32,0.85,200
0,0.85,0
0,0.5,0
0,0.3,0
0,0.3,204
0,1.2,0
0,0.85,0
1.24,0.5,200
0,0.5,0
0,0.5,0
0,0.85,0
0.12;0.12;0.06,0.5,200
0,0.85,0
0.12,0.3,200
0,0.3,204
0,0.85,0
0,0.5,0
0,0.9,0|0
1.59;1.36;0.8;0.64;0.24,0.7,200
0,0.9,0|0
0.4;0.28;0.08;0.06,0.5,200
0,1.2,0
0,1.5,0
0,0.5,0
0,0.9,0|0
0.2,0.7,200
0,0.85,0
1.16;0.3;0.01,0.9,200
0,0.85,0
0,0.7,0
0,0.7,0|0
0,0.3,0
0,0.85,0
0,0.5,204
0,0.5,0
0,0.85,0
0,0.5,0
0.75;0.2;0.09;0.07,0.85,200
0,0.5,0
0,0.5,0
0,0.85,0
0,0.85,204
0,0.85,0
0.32;0.21;0.2;0.07,0.5,200
0,0.9,0|0
0,1.2,0
0.01,0.7,200|200
0.75;0.2;0.09;0.07,0.5,0
0,0.3,0
0.03,0.85,200
0,0.85,0
0.43,0.5,200
0,0.5,0
0,0.5,0
0,1.5,0
0,0.7,0
0.06,1.5,200
0,0.7,204|204
0,0.5,0
0,0.5,0
0,0.7,0|0
0,0.7,0|0
0,0.7,0
0,0.5,0
0,1.5,204
0.02,0.3,200
0,0.5,204
0,0.3,0
0,0.85,0
0,0.5,204
0,0.5,0
0,0.85,0
0,0.5,0
0.01,0.85,200
0.03;0.02;0.01;0.01,0.3,200
0,0.85,204
0,0.5,0
0,0.85,0
0.36;0.12,0.7,200|200
0,0.35,0
0,0.5,0
0,0.5,0
0,0.7,0|0
0,0.5,0
0,1.5,0
0,0.85,0
0,0.5,0
0,0.5,0
0,0.7,0
0,0.3,0
0,0.7,0
0,0.85,0
0,1.5,0
0,0.5,0
0,0.9,0|0
0,0.5,0
2.63;1.32;0.02,0.3,200
0,1.5,0
0,1.5,0
0,0.7,0
0,0.85,0
0.03,0.85,200
0,0.5,0
0.14;0.03,0.5,200
0,0.5,0
0,0.5,204
0,0.5,0
0.24;0.11;0.07,0.7,200
0,0.7,0|0
0,0.7,0
0.03,0.85,200
0,0.85,0
0,0.5,0
0.96;0.5;0.33;0.24;0.06,0.85,200
0.44;0.17;0.13;0.06;0.03,1.5,200
0,0.5,0
0,0.9,0|0
0,1.2,0
0.27;0.2,0.9,200|200
0,0.5,0
0.8,0.3,200
0,0.5,0
0,0.5,204
0,0.5,0
0,0.5,204
0,0.5,0
0,0.7,204
0,0.85,0
0,0.5,0
0,0.85,0
0,0.3,0
0,0.5,0
0,0.5,0
0,1.5,0
0,0.5,0
0.34,0.7,200
0,0.85,0
0.02,0.5,200
0,0.9,0|0
0,0.5,0
0.06;0.02;0.01,0.85,200
0,1.5,0
0,0.5,0
1.88;1.42;0.7;0.27;0.21,1.5,200
0,0.85,0
0,0.7,0|0
1.52;0.96;0.6;0.56;0.43,1.5,200
0,0.7,0
0.92;0.24;0.19;0.04;0.02,0.3,200
0,0.5,0
0,0.5,0
0,0.3,0
0,0.85,204
0,0.5,0
0,1.5,0
0,0.5,0
1.06;0.96;0.95;0.44;0.36,0.85,200
20.4;0.44;0.36;0.31;0.16,0.85,200
0,0.5,0
0,0.85,0
0,0.7,0|0
0,0.5,0
0,0.85,0
0,1.2,0
0,0.3,0
0,0.9,0|0
0,1.5,0
0,0.5,0
0,0.7,0
0,0.5,0
0,0.7,0|0
0,0.85,0
4.8;0.79;0.69;0.5;0.43,0.9,200
0,0.7,0
0.8;0.02,1.5,200
0,0.85,0
0,0.5,0
0,0.7,0|0
0,1.2,0
0,0.7,0
0,0.5,0
0,1.5,0
0.84;0.63;0.42;0.16,1.5,200
0,0.85,0
0,0.7,0|0
0,0.5,204
0,0.35,0
0.04,0.85,200
0,0.85,0
0,0.5,0
0,1.2,0
0,0.3,0
0.56;0.1,0.5,200
0,0.7,0|0
0,0.5,0
0,1.5,0
0,0.5,0
0,0.5,204
0,0.3,0
0,0.3,0
0,0.7,0
0.61,0.7,200|200
0.36;0.08,0.5,200
0,0.85,0
0.18;0.02,0.3,200
0,0.85,0
0,0.85,0
0,1.2,0
0.43;0.27;0.2;0.12,0.85,200
0.2,1.5,200
0,0.5,0
0,0.85,0
0,0.7,0
0,0.5,204
0,1.5,204
0.01,0.5,200
0,1.2,0
0,0.7,0
0,0.85,0
0,0.85,0
0,0.7,0
0,0.5,0
0,0.85,0
0,0.3,0
0,1.5,0
0,0.3,0
0,0.5,0
0,0.7,200|204
0,0.5,0
0,0.5,0
0,0.5,0
0.86;0.79;0.78;0.48;0.32,0.85,200
0,0.7,0
0,0.5,0
0,0.85,0
0,0.5,0
0,0.85,0
0,1.2,0
0,0.3,204
0,0.85,0
0,0.5,0
0,0.5,0
0,1.5,204
0,1.5,204
0,1.5,204
0,0.85,0
0,0.5,204
0,0.7,0
0,0.7,0|0
0,1.5,0
0,0.7,0
0,0.3,0
0,0.85,0
0,1.5,204
0,0.5,0
0,1.5,0
0,0.9,0|0
0.28,0.3,200
0,0.85,0
0,0.9,0|0
0,0.5,0
0,0.5,0
0,0.3,0
0.05;0.02,0.9,200|200
0,1.5,0
0,0.5,204
0,0.5,204
0,0.5,0
0.02,0.5,200
0.27;0.02,0.5,200
0,1.5,0
0,0.3,0
0.02,0.7,200|200
0,0.7,0
0,0.7,0|0
0,0.7,0
0,0.7,0|0
0,0.5,0
0,0.5,0
0,0.5,0
0,0.7,0|0
0,0.9,0|0
0,0.5,0
0,0.85,0
0,0.9,0|0
0,0.5,204
0,0.5,0
0,0.5,0
0.78;0.32;0.32;0.2,1.5,200
0,0.7,0|0
0,0.5,0
0,0.5,0
0,0.7,0
0,0.5,0
0,0.7,0
0,0.5,0
0,1.2,0
0,0.5,0
0,0.7,0|0
0,0.5,0
0,0.3,0
0,0.5,204
0,0.7,204|204
0,0.3,204
0,0.7,0|0
0,0.5,0
0,1.5,0
0,0.85,0
0,0.7,0|0
0.12,0.3,200
0,0.5,204
0,1.2,0
0,0.5,204
0,0.5,0
0,0.9,0|0
0,0.7,0|0
0,0.3,0
0,0.7,204
0,0.7,204
0,0.7,0|0
0,0.5,0
0,0.9,0|0
0,0.5,0
0,1.2,204
0,0.3,0
0,0.85,0
0.37,0.5,200
0,0.5,204
0.03,0.3,200
0,0.85,0
0,0.3,204
0,0.85,0
0.96;0.16;0.02,0.9,200
0,0.7,0|0
0,0.85,0
0.12;0.02,0.7,200|200
0,0.5,0
0.8,0.3,200
0.81;0.8;0.31;0.22;0.14,0.85,200
0,0.5,204
0,1.5,0
0,0.7,0
0.2,0.9,200|200
0,0.7,0|0
0,0.85,0
0,0.3,204
0,0.5,0
0,0.7,0|0
0,0.5,0
0,0.85,0
0,0.3,0
0,0.5,0
3.62,0.3,200
0,0.3,0
0,0.3,0
1.46;0.8;0.37;0.11,0.85,200
0,1.5,0
0,0.85,0
0.12,0.5,200
0,0.5,204
0,0.7,0|0
0,0.5,204
0,0.7,0|0
0,0.7,0|0
0.08;0.02,0.85,200
0,0.5,0
0,1.5,204
0,1.5,0
0,0.85,0
0,0.7,0|0
1.86;0.12,0.9,200
0,0.3,0
0,1.2,0
0.03,0.5,200
0.16,0.5,200
0,0.3,0
0,0.5,204
0,0.5,0
0,0.9,0|0
0,0.5,0
0,1.2,0
0,0.9,0|0
0,0.85,0
0,1.5,0
0.02,1.5,200
0,0.7,0|0
0,1.5,204
0,1.2,0
0.24;0.16;0.14;0.09,0.85,200
0,0.85,0
0,0.5,204
0,0.5,0
0,0.5,0
0,0.85,0
0,0.3,0
0.96;0.28;0.24;0.16;0.09,0.3,200
0,0.5,0
0,0.5,204
0,0.7,0|0
0,0.85,0
0,0.5,0
0.48;0.24,1.2,200
0,0.9,0|0
1.64;1.4;0.75;0.54;0.24,1.5,200
0,0.9,0|0
0,0.5,0
0,0.5,0
0,0.5,0
0.67;0.24;0.23;0.01,0.5,200
1.72;0.51;0.36;0.29;0.28,1.2,200
0,0.3,0
0,0.85,0
0,0.5,204
0,0.5,0
0,0.5,0
0.01,0.5,200
0,0.5,204
0,0.85,0
0,0.5,0
0.02,0.7,200|200
0,0.5,0
0,0.85,0
0.17;0.12;0.07,0.3,200
4.01;0.19,1.5,200
2.8;2.8;2.1;1.18;0.53,1.5,200
0,0.7,0|0
0,0.5,0
0,1.2,0
0,0.5,0
0,0.85,0
0,0.3,204
0,0.5,204
0,1.5,0
0,1.5,0
0,0.3,0
0,0.7,0|0
0.23;0.07;0.02,0.7,200|200
2.22;0.95;0.48;0.3;0.24,0.9,200
3.12;0.13,0.7,200
0,0.5,0
0,0.7,0|0
0,0.5,0
0,0.7,0
0,0.7,0
0,0.85,0
0,1.5,0
0,1.5,0
0,0.7,0|0
0,0.7,0
0,0.5,0
0.13;0.11,0.5,200
0,0.5,204
0,0.85,0
0,0.35,0
0,0.9,0|0
0,0.5,0
0,1.2,0
0.01,0.85,200
0,0.3,0
0,0.9,0|0
0,0.85,0
0,0.5,0
0,0.9,0|0
0.2;0.09;0.06,0.85,200
0,0.3,0
0,0.5,0
0,0.9,0|0
0,0.5,0
0,0.5,0
0,0.85,0
0,0.85,0
0,0.5,0
0,1.5,204
0,0.5,0
0,0.5,204
0,1.5,0
0,0.5,0
0,0.35,0
0,0.5,0
0,0.7,0|0
0,0.7,0|0
0.06;0.02;0.02,0.3,200
0,0.7,0
0.12,0.3,200
0,0.5,204
0,0.5,0
0,1.5,0
0.75,1.5,200
0,0.7,0|0
0,0.85,0
0,0.85,0
0,0.5,0
0,0.85,0
0,0.5,0
0,1.5,0
0,0.5,0
0,0.7,0|0
0,0.5,204
0,0.5,0
0,0.7,0
0,0.5,0
0,0.85,0
0,0.5,204
0.14,0.5,200
0,0.3,0
0,0.5,0
0.16,0.5,200
0,0.3,204
0,0.5,0
0,0.5,0
0,0.85,0
0.51,1.5,200
0,0.5,0
0,0.35,0
0.66;0.04;0.03;0.01,0.5,200
0.88,0.85,200
0,1.5,0
0,0.5,0
0,0.5,0
0,0.7,0
0,0.3,0
0.02,0.7,204|200
0,0.3,0
0,0.5,0
0,1.5,0
0,0.85,0
0,0.5,0
0,0.85,0
6.42;0.16;0.15;0.05;0.01,1.2,200
0,0.5,204
0,0.7,0
0,0.5,0
0,1.5,0
1.2;0.39;0.22;0.21,0.9,200
0,0.85,0
0,0.5,204
1.28;1.27;1;0.88;0.8,0.85,200
0.8,0.5,200
0.32,0.7,204|200
0,0.7,0
0,0.5,204
0,1.2,0
0.18;0.13;0.07;0.02;0.01,0.9,200|200
0,0.5,0
0,0.5,0
0,0.85,204
0.89;0.45;0.07,1.2,200
0,0.5,0
0,0.5,0
0,0.5,0
0.16;0.02,0.3,200
0.09,0.5,200
0,0.5,0
0,0.5,204
0,0.5,204
0,1.2,0
0.01,0.7,200
0.06,0.85,200
0,0.5,0
0,0.7,0|0
1;0.78;0.01,0.3,200
0,0.5,0
0,0.85,0
0,0.5,0
0,0.7,0
0,0.9,0|0
0,0.85,0
0,0.85,0
0,0.7,0
0,0.85,204
0,0.5,0
0,0.5,204
0,0.3,0
0,0.85,0
0,0.9,0|0
0,0.7,0|0
0,0.5,0
0,0.7,0|0
0,0.5,0
0,0.7,0
0,0.9,0|0
0.06,0.5,200
0,0.5,0
0,1.5,204
0,0.3,0
0,0.5,204
0,0.85,0
0,0.85,0
0,0.5,0
0,0.7,0|0
0,1.2,0
0,0.9,204|204
0,0.7,0|0
0,0.7,0
0,0.3,0
0,1.5,0
0,0.5,0
0,1.2,0
0,1.2,0
0,0.5,0
0,0.7,0
0,0.5,0
0,0.85,0
0,0.3,0
0,0.3,0
0,0.7,0
0,1.5,0
0.03,0.85,200
0,0.7,0|0
0,0.7,0|0
0.37;0.01;0.01,0.5,200
0,0.85,204
0,0.85,0
0,0.85,0
0,0.5,0
0,1.5,204
0.51,0.5,200
0,0.85,0
0,0.5,0
0,1.5,0
0,0.3,0
0,0.5,0
0,1.5,0
0,0.9,0|0
0,1.5,0
0,0.85,0
0,0.7,0
0,1.5,204
0.08;0.02,1.5,200
0,0.85,0
1.84;1.42;0.21,0.85,200
0.09,0.5,200
0,0.85,204
0,0.7,0
0,1.5,0
0,0.5,0
0.01,0.7,200|200
1.92;0.16,0.3,200
0,0.5,0
0,1.5,0
0,0.5,0
0.04,0.7,200|200
0,0.5,0
0,0.7,0
0,0.85,0
0,0.85,0
0,0.3,0
0,0.85,0
0,0.85,0
0,0.85,0
0,0.5,0
0,0.5,0
0,0.7,0|0
0.17,0.3,200
0,0.85,0
0,0.5,0
0,0.85,0
0,1.2,0
0,0.9,0|0
0,0.85,0
0,0.5,0
0,0.5,0
0,0.5,0
0,0.3,0
0.7;0.53;0.27;0.21,0.5,200
0,0.3,0
0,0.5,0
0,0.5,0
0,0.5,0
0,0.85,0
0.2;0.08;0.03,0.5,200
0.61;0.12;0.02;0.02,0.3,200
1.24,0.5,200
0,1.5,0
0,1.5,0
0,0.85,0
0,0.5,0
0,0.5,0
0,0.85,0
0,1.5,204
0,0.5,0
0,0.5,204
0,0.5,0
0,0.3,0
0,0.85,0
0.12,0.5,200
0,0.5,0
0,0.3,0
0,0.85,0
0,0.5,0
0,0.5,0
0,1.5,0
0,0.7,204|204
0,1.2,0
0.93;0.56;0.43;0.37;0.14,1.5,200
0,0.5,0
0.02,0.85,200
0,0.5,0
0,0.85,0
0.2,0.9,200|200
0,0.5,0
0,0.5,0
0,1.5,204
0,0.5,0
0,0.5,0
0,1.5,0
0,0.5,0
0,1.5,0
0,0.5,0
0,0.5,0
0.1;0.03;0.01,0.5,200
0,0.85,0
0,0.5,0
0.03;0.02,0.35,200
0,0.7,0|0
0.29;0.16;0.07;0.06;0.01,0.5,200
0,0.5,0
0,1.5,0
0,0.5,0
0,0.5,0
0,0.3,0
0,0.7,0
0,0.3,0
0,0.5,0
0,0.7,0
0,0.7,0|0
0,1.5,0
0,0.5,0
0,0.85,0
0,0.85,0
0,0.3,0
0,0.5,0
0,0.7,0|0
0,1.5,0
0,0.5,0
0.32;0.25;0.2;0.08,0.7,200
0,0.5,0
0,0.35,0
0,0.3,0
0,0.5,0
0,1.2,0
0,0.7,0|0
0,0.5,204
0,0.5,0
0,0.3,0
0,0.5,204
0,0.5,0
0,0.7,204|204
0,0.5,0
0,1.5,0
0,1.5,0
0.02;0.01,0.7,200
0,0.85,0
0.32,0.85,200
0,0.5,204
0,0.85,0
0,0.5,0
0,1.5,0
0,0.85,0
0,0.5,0
0,0.85,204
0,0.5,204
0,0.3,204
1.03;0.48;0.34;0.04,0.85,200
0,1.5,0
0,0.5,0
0,0.7,0
0,1.5,0
0,0.85,0
0,0.7,0
0,0.35,204
0,0.5,0
1.86;0.12,1.5,200
0,0.7,0
0,0.7,0
0,0.3,204
0,0.5,0
0.76;0.45;0.32;0.28;0.24,0.3,200
0,0.3,0
0,1.2,0
1.32;0.72;0.56;0.4;0.34,0.9,200
0.64;0.03,1.5,200
0,1.2,0
0,0.85,0
0.6;0.01,0.85,200
0,0.85,0
0,0.5,0
0,0.7,0|0
0,1.2,0
0,0.85,0
0.8;0.26,0.85,200
0,0.85,0
0,0.85,0
0,1.5,0
0,0.5,0
2.4;1.37;1.28;0.92;0.72,0.9,200
0,0.5,204
0,1.5,0
0,0.3,204
0,0.5,204
0,0.5,0
0,0.35,0
0.14;0.07;0.03;0.01,0.5,200
0,0.85,0
0,0.9,0|0
0,0.7,0|0
0,0.5,0
0.08,1.5,200
0,0.5,0
0,0.5,0
0.42;0.13;0.11;0.04;0.02,0.7,200
0,0.5,0
0,0.7,0|0
0,0.3,0
0,1.5,0
0,0.35,0
0,0.7,0
0,0.7,0
0,0.5,0
0,1.2,0
0,0.7,0|0
0,0.5,0
0,0.5,204
0,0.7,0
0,0.7,0|0
0,0.35,0
0,0.85,0
0,0.85,0
0,0.5,0
0.35;0.16,0.7,200
0.07,0.5,200
0,0.85,0
0,0.9,0|0
0,0.3,0
0,0.7,0|0
0,0.85,204
0.4;0.16;0.12,1.5,200
0,0.7,0|0
0,1.5,0
0,0.5,0
0.05,0.9,200|200
0.02,0.3,200
0,0.5,204
0,0.5,0
0,0.7,0|0
0,0.3,0
0.28;0.24;0.06;0.01,0.7,200
0,0.85,0
0.94,1.5,200
0,0.3,0
0,0.9,0|0
0,0.85,0
0,0.5,0
0.04,0.5,200
0,0.35,0
0,0.3,0
0,0.5,0
0,0.5,0
0,0.7,0
0,0.85,0
0,0.5,0
0.48;0.3;0.04;0.02,0.85,200
0,1.5,0
0.09,0.5,200
0,0.7,0
0.09,0.3,200
0,0.3,0
0,0.9,0|0
0,1.5,0
0,1.5,0
0,0.5,0
0,0.85,0
0,0.85,204
0,0.7,0|0
0,0.85,0
0,0.5,0
0,0.7,0
0,0.5,0
0,0.85,0
0,1.5,0
0.04,0.5,200
0,0.9,0|0
0,0.5,0
0,0.85,0
0,0.85,0
0.07,0.5,200
0,0.5,0
0,0.9,0|0
0,0.3,0
0,0.5,0
0,0.9,0|0
0,1.5,0
0,0.5,0
0,1.5,0
1.89;0.68;0.1;0.1,0.3,200
0,0.85,0
0,0.9,0|0
0,0.5,0
0,0.3,0
0,0.7,0
0,0.85,204
0,0.7,0
1.51;0.38;0.33;0.3;0.02,0.85,200
0,0.5,0
0,0.5,0
0,0.7,0
0,1.5,0
2.4;1.32;1;0.91;0.54,0.85,200
0,0.5,204
0,0.85,0
1.09;0.96;0.33;0.23;0.1,0.85,200
0,0.5,204
0,0.7,0
0,0.5,204
0,0.3,0
0,0.7,0|0
1.23;0.28;0.08;0.05;0.01,1.2,200
0,0.7,0|0
0,1.5,0
0,1.2,0
0,0.7,0|0
0,0.3,204
0,0.85,0
0,0.7,204|204
0.24;0.14;0.04;0.02;0.01,1.2,200
0,0.9,0|0
0,0.7,0
0,0.85,0
0.89;0.52;0.43;0.08,0.5,200
0.13;0.03,0.5,200
0,0.85,0
0.36;0.16,1.5,200
0,0.5,0
0,0.5,0
0,0.5,0
0,1.5,0
0,0.3,204
0,0.5,0
0,0.7,0
0,0.3,0
0,0.3,204
0,0.5,204
0,0.85,0
0,0.7,0
0,0.5,0
0,0.3,0
0,0.5,0
0.75;0.68;0.1,0.3,200
0,1.5,0
0,0.7,0|0
0,0.9,0|0
0,0.5,0
0,0.9,0|0
0,0.85,0
0,0.7,0
0,1.2,0
0,0.3,0
0.34,0.85,200
0,0.5,0
0,0.5,0
0.36;0.03,0.85,200
0,0.3,204
0,1.5,0
0,0.5,0
0,0.5,0
0,0.7,0
0,0.5,0
0,0.3,0
0,0.5,0
0,0.3,0
0.48;0.2;0.14;0.14,1.2,200
0,0.7,0
0.2,0.7,200|200
1.04,0.85,200
0,0.5,0
0,0.85,0
0,0.9,0|0
0,0.5,0
0,0.9,0|0
0.67;0.03,0.5,200
0,0.7,204|204
0.7,0.5,200
0,1.5,204
0,0.3,0
0,0.85,0
0.96;0.3;0.05;0.01,1.5,200
0,0.85,0
0,0.9,204|204
0,0.5,0
3.8;0.38;0.38,0.85,200
0,0.85,0
0,0.5,0
0,0.7,0
0.02,0.5,200
0.09,0.7,200|200
0,1.5,0
0,0.9,0|0
0,0.7,200|204
0.64;0.06;0.04,0.7,200
0,0.5,0
0,0.5,0
0,1.5,0
0,0.85,0
0,0.3,0
0.07;0.02;0.02,0.3,200
0,0.85,204
0.2;0.03,0.5,200
0,0.5,0
0,0.5,204
0,0.85,204
0.8;0.36;0.3;0.03,0.7,200|200
0,0.7,0|0
0,0.85,0
0.02,1.2,200
0,0.85,0
0,0.5,0
0,0.5,0
0,0.5,0
0,0.5,0
0,0.3,204
0.46;0.22;0.2,0.5,200
0,1.5,0
0,0.5,204
0,0.5,0
0,1.5,0
0,0.5,0
0,1.5,0
0.31,1.2,200
0,0.5,0
0,0.5,0
0.43,0.85,200
0,0.85,0
0,0.3,204
0,0.5,0
0.94;0.85;0.24;0.08;0.06,0.85,200
0,1.5,0
0,0.3,0
0,0.85,0
0,0.5,0
0,0.5,204
0,0.5,0
0,0.7,0
0,0.3,0
1.6;1.14;0.8;0.55;0.28,0.7,200
0,0.5,0
0,0.5,0
0,0.85,0
0,0.3,0
0,0.85,0
0.2,0.7,200
0,0.5,0
0,0.5,0
0,0.35,0
0,0.5,0
0.64,1.5,200
0,1.5,0
0,0.7,204|204
2.4;1.42;1.29;0.25;0.16,0.7,200
0,0.7,0
0,0.5,0
0,0.5,0
0,0.5,204
0,0.5,0
0,1.5,0
0,0.9,204|204
7.43;0.73;0.66;0.61;0.24,0.9,200
0,0.85,0
0,0.85,0
0,0.7,0|0
0,0.7,0|0
0,0.3,0
0,0.85,0
2.4;0.34;0.29;0.12,0.85,200
0,0.7,0|0
0,0.5,204
0,0.3,0
2.4;0.96;0.74;0.62;0.43,0.3,200
0.52;0.36;0.11;0.02;0.01,0.85,200
0,0.5,0
0,0.3,0
0,0.85,0
0,0.85,0
0,0.85,0
0,0.85,204
0,0.85,204
0,0.85,0
0,0.5,0
0,0.5,0
0,0.5,0
0,0.3,0
0,0.7,0|0
0,0.7,0
3.36;3.2;2.33;0.85;0.8,0.85,200
0,0.85,204
0,0.85,204
0,0.5,204
0,0.7,0
0,0.5,0
0,0.5,0
0,0.7,0
0,0.85,0
0,0.5,0
3.32;0.01,0.5,200
0,1.5,0
0,0.3,0
0,0.5,0
0,0.85,0
0,0.5,0
0,0.7,0|0
0,0.5,204
5.64;0.8;0.24;0.22;0.04,0.9,200
0,0.85,0
0,0.5,0
0,0.7,0|0
0,0.5,0
0,0.5,204
0,0.5,0
0,0.85,0
0,0.85,0
0,0.3,0
0,0.7,0
0,0.85,0
0.04,0.7,200
0,1.5,0
0,0.7,0
0,0.5,0
0,0.3,0
0,0.5,0
0.58;0.38;0.32;0.24,0.3,200
0,0.85,0
0,0.5,0
0,0.9,0|0
0,0.5,0
1.94;0.26,0.85,200
0,1.2,0
0,0.9,0|0
0,0.7,0
0.16,1.5,200
0,0.85,0
0,0.85,0
0,0.5,0
0.07,0.3,200
0,0.85,0
0.09,0.5,200
0,0.85,0
0,0.5,0
0,0.5,0
0,0.7,0
0,0.35,0
0,0.5,0
0.24,0.7,200|200
0,0.5,0
0,1.5,204
0,0.7,0|0
0,0.5,0
0,0.9,204|204
0,0.7,0|0
0,0.85,0
0,0.5,0
0,0.9,0|0
0,0.3,0
0,0.3,0
0,0.7,0|0
0,0.85,0
0,0.5,204
0,0.3,0
0.74;0.27;0.25,0.85,200
0,0.9,0|0
0,0.3,0
0.36;0.01,0.5,200
0,0.85,0
1.12;1.04;0.93;0.04,0.5,200
0,0.7,0
0,0.85,204
0,0.5,0
0,0.3,0
0,0.85,204
0,0.5,0
0,0.9,0|0
4;0.91;0.51;0.44;0.4,0.3,200
0,0.85,0
0,1.5,0
0,0.5,0
0.01,0.5,200
0,0.85,0
1.43;0.19;0.09;0.08;0.03,0.5,200
0,1.5,0
0,0.7,204
0.16,0.5,200
0,0.7,0|0
0,1.5,0
1.7,0.9,200
0,0.5,204
0,0.35,0
0,1.5,0
0.16,0.5,200
0.3;0.16,0.3,200
0,0.5,0
0,0.85,0
0,1.5,0
0,0.7,0|0
0.16;0.07,0.7,200|200
0,0.7,0|0
0,0.7,0
0,0.85,0
0,0.5,0
1.86;0.12;0.12;0.1,0.3,200
0,0.7,204|204
0,1.5,0
0,0.5,0
0,1.2,0
0,0.3,0
0,1.5,0
1.6;1.07;0.63;0.3;0.21,1.5,200
0,0.85,0
0,0.5,0
0,0.7,204
0,0.5,0
0,1.5,0
0,0.3,0
0,0.85,204
0,0.7,0
0,0.5,0
0,1.5,0
0,0.7,0
0.67;0.43;0.37;0.04;0.02,0.7,200|200
0,1.2,0
0,1.5,0
0,0.5,0
0,0.5,0
0.36,1.2,200
0,0.85,0
0,0.5,204
0,0.5,0
0,0.35,0
0,0.5,0
0,1.2,0
0,0.5,0
0,0.5,0
0,1.5,204
0.16,0.85,200
0.19;0.13;0.08;0.07,0.85,200
0,0.5,0
0,0.3,0
0,0.85,0
0,0.85,0
0,0.5,0
0,0.3,0
0,0.5,0
0.75,0.5,200
0,0.35,0
0,0.3,0
0,1.2,204
0,0.7,0|0
0,0.85,204
0,0.9,204|204
0,0.5,0
0.96;0.71;0.7;0.54;0.09,0.85,200
0,0.5,204
0,0.5,0
0,0.5,0
0.36;0.06,0.3,200
0.73;0.72;0.14;0.08,0.5,200
0.44;0.21;0.01,0.85,200
0,0.85,0
0,0.5,0
1.03;0.32;0.01,0.5,200
0,0.3,204
0,0.85,0
0,0.7,0|0
0,0.3,0
0,0.7,204|204
0,0.5,0
0,0.5,0
0,0.5,204
0,0.5,0
0,0.7,0
0.44,0.85,200
0,0.7,0|0
0,0.5,204
0.06,0.85,200
0,0.7,0
0.8;0.2;0.14;0.04;0.01,0.5,200
0.15,0.5,200
0,0.7,0
0,0.5,0
0,0.5,0
0,0.85,0
0,0.5,0
0,0.3,204
0,0.5,0
0,0.7,0
0,0.5,0
0,0.5,204
0,0.85,0
0,0.7,0
0,0.85,0
0,0.5,0
0,1.5,0
0,0.85,0
0.12,0.7,200
0,0.5,0
0,0.7,0
0.15,1.5,200
0,1.5,204
0,0.5,0
0,0.85,0
0,0.5,0
0.07,0.85,200
0,0.5,0
0,0.85,204
0,0.7,0|0
0.2,0.85,200
0.08;0.02,1.5,200
0.14,0.5,200
0.23;0.21;0.12;0.07;0.03,1.5,200
0,0.5,0
0,0.7,0|0
0,0.7,0
2.29;0.93;0.8;0.8;0.66,0.9,200
0,1.2,0
0,0.5,204
0,0.7,0|0
0,0.5,0
0.06;0.04,0.7,204|200
0,0.5,0
0,1.5,0
0.8;0.78;0.54;0.5;0.4,0.7,200|200
0,0.5,0
0,0.3,0
0,0.3,0
0,0.85,0
0,0.7,0|0
0,0.5,0
0.14;0.01,1.5,200
0,0.5,0
0,0.7,0
0,0.5,0
0,0.5,0
0,0.5,0
0,0.85,0
1.13;0.8;0.76;0.32,0.85,200
0.16;0.14,0.3,200
0.04;0.02,0.7,200|200
0,0.5,0
0,0.85,0
0.52;0.21;0.2;0.18;0.02,0.85,200
0,0.5,0
0,0.7,0
0,0.5,0
0.12,0.5,200
0,1.2,0
0,0.7,0|0
0,0.85,0
0,0.5,0
0,1.2,0
0,0.5,0
0,0.5,0
1.67;0.53;0.36;0.34;0.28,0.85,200
0,0.5,0
0,0.7,0
0,0.9,0|0
0,0.85,0
0,0.7,204
0,0.5,0
0.8;0.04,0.5,200
0.24,0.9,200|200
0,0.5,0
0,0.5,204
0,0.5,0
16.92,0.7,200
0.02;0.02,0.85,200
0,0.5,0
0.16,0.5,200
0,0.85,0
0,0.5,0
0,0.5,0
0,0.5,0
0,0.7,0|0
0.32;0.2;0.12,0.5,200
0,0.9,0|0
0,0.85,0
0,0.7,0|0
0,0.7,0|0
0,0.3,204
0,0.35,0
0,1.5,0
0,0.9,0|0
0,0.9,0|0
0,0.85,0
0,0.5,0
0,0.3,0
0.12;0.02,0.5,200
0,0.85,0
0,0.85,0
0,0.85,0
0,0.85,0
1.86;0.8,0.5,200
0.24;0.03;0.01,0.7,200
0,1.5,0
0,0.5,0
0,0.3,0
0.02,0.5,200
0,0.5,204
0,0.5,0
0,0.85,0
0,0.7,0|0
0,1.2,0
0,0.5,0
0,0.7,0
0,0.85,0
0,0.7,0
0.91;0.27;0.13;0.08;0.02,0.3,200
0.04,0.5,200
2;1.02;0.44;0.24;0.19,1.2,200
0,0.5,0
0,0.7,0
0,0.5,204
0,1.5,0
0,0.85,0
0,0.7,0
0,0.7,0|0
0,0.5,204
0,0.5,0
0,0.7,0|0
0,1.5,0
0,0.5,0
10.52;0.12;0.04,0.5,200
0,0.5,0
0,0.5,0
0,0.5,204
0,0.85,0
0,0.5,204
0,0.5,0
0.57;0.12,1.5,200
0,0.7,0|0
0,0.85,0
0.38;0.22;0.22,0.3,200
0,0.85,0
0,0.5,204
0,0.7,200|204
0,0.3,0
0,0.5,0
0,0.7,0|0
0,0.35,0
0,0.5,0
0,0.85,0
0,0.5,0
0,0.7,204|204
0,0.85,0
0,0.7,0|0
0.04;0.02,0.85,200
0.8;0.64;0.16;0.07;0.05,0.85,200
0,0.7,0
0,0.7,0|0
0,0.5,0
0,0.85,0
0,0.5,204
0.52;0.27,0.85,200
0.75;0.67;0.01,1.2,200
0.02;0.02,0.85,200
0,0.7,204
0.75;0.72,0.7,200|200
0,0.5,0
0,0.85,0
0,0.85,0
0,0.5,0
0.14;0.02,0.85,200
0,0.5,204
0,0.5,0
0,0.85,0
0,0.5,0
0,0.5,204
0,0.5,0
0,0.7,0
0,0.7,0
0,0.85,0
0,0.5,0
0,0.5,0
0.72;0.51,0.85,200
1.86;0.04;0.02,0.3,200
0,0.5,204
0,0.5,0
0,0.85,0
0,0.3,0
0,0.7,0|0
0,0.3,0
0,1.5,0
1.86;0.04;0.02,0.5,200
2.2;0.76;0.67;0.63;0.57,0.7,200
0,0.35,0
0,0.3,0
0,0.5,0
0,0.3,204
0,0.3,0
0.4;0.32;0.29;0.23;0.2,1.2,200
0,0.5,0
0.75,0.7,200|200
0,0.5,204
0,0.85,204
0,0.5,0
0,0.85,0
0,0.7,0
0,1.5,0
0,0.9,0|0
0.4;0.23;0.09;0.08;0.07,0.85,200
0,0.9,0|0
0,0.5,0
0,0.5,0
0,0.5,204
0,0.85,0
0,0.5,0
0,0.3,0
0,1.5,0
0,1.5,0
0,0.5,0
0,1.5,0
0.49;0.17;0.01,0.3,200
0,0.3,0
0,0.5,0
0,1.5,0
0,0.85,0
0,0.85,204
1.41;0.84;0.72;0.55;0.04,0.9,200
0,0.85,0
0,0.5,204
0,1.5,0
0,1.5,0
0,0.85,0
0,1.5,0
0,0.35,0
0,0.35,0
0,0.5,0
0,0.85,0
0,0.5,0
0,0.5,204
0,0.5,0
0,0.85,0
0,1.5,0
0.09,0.7,200
0,0.7,204
0.05,0.7,200|200
0,0.85,0
0,0.5,0
0,0.5,0
0,0.7,0|0
0,0.5,0
0,1.5,0
0,1.2,0
0,0.7,0|0
0,0.5,204
0,0.3,0
0,0.5,0
0,0.85,0
0,0.5,0
0,1.2,0
0,0.7,0|0
2.4;1.34;0.8;0.51;0.36,0.9,200
0,0.5,204
0,0.5,0
0,0.85,0
0,0.7,204
0,0.9,0|0
0,0.5,0
0.73;0.19;0.17;0.04;0.01,0.7,200|200
0,1.5,0
0,0.5,204
0,0.3,0
0,0.5,0
0,0.7,204
0,0.3,0
0,0.7,0
0,0.85,0
0,0.5,0
0,0.5,0
0.96;0.76;0.62;0.17;0.12,0.3,200
0,0.3,204
0,1.2,0
0,1.2,0
0.04;0.02,0.5,200
0,0.5,204
0,0.5,0
0,0.85,0
0.12,1.5,200
0,0.5,0
0,0.85,0
0,0.7,204
0,1.5,0
0,0.35,0
0,0.85,0
0,0.5,0
0,0.7,0|0
0,0.5,0
0,0.3,0
0,0.85,204
0,0.85,0
0,0.5,0
0.01,0.7,200
0,1.5,0
0,0.85,0
0,0.85,0
0,0.3,204
0,0.7,0
0,0.5,0
0,0.3,0
1.72;1.6;1.32;0.45;0.25,0.3,200
0,0.5,0
0,0.3,0
0,0.7,0|0
0,0.3,0
0,0.7,0
0,0.7,0
0,0.85,0
0,0.5,0
0,0.7,0
0.07,1.5,200
0,0.5,0
0,0.5,0
0,0.85,0
0.6;0.08;0.02,0.3,200
0,0.5,0
0.03;0.02,0.85,200
0,0.85,0
0,0.85,0
0.43,0.5,200
0,0.85,0
0,0.5,0
0,1.5,204
0,0.5,0
0,0.5,204
0,0.7,0
0,0.7,0
0,0.3,0
0,0.5,0
0,1.5,204
0,0.5,0
0.19,0.5,200
0,1.5,0
0.21;0.08;0.02,0.5,200
0,0.3,0
0.96;0.08;0.02,0.7,200
0,1.5,0
0,0.5,204
0,0.5,0
1.08;1.02;0.93;0.8;0.22,1.2,200
1.86;1.12,0.85,200
0,0.5,0
0,0.7,0|0
0,0.85,0
0,0.5,0
0,0.85,0
0,1.5,204
0,0.85,0
0,0.5,0
0.64;0.2;0.12,0.7,200|200
0,0.5,0
0,0.5,204
0,0.5,0
0,0.7,204|204
0,0.5,0
0,0.5,0
0,0.7,0|0
0,0.85,0
0,0.85,0
0,0.85,0
0,0.85,204
0,0.7,204
0.72,0.5,200
0,0.85,0
0,0.5,0
0.08,0.5,200
0,0.85,0
0.02,0.85,200
0,0.5,0
0,0.5,0
0.79;0.41;0.32;0.32;0.09,1.5,200
0,0.85,0
0,0.5,0
0,0.85,0
0.17;0.02,0.5,200
0,0.7,204|204
0,0.7,0
0,0.85,0
0,0.5,0
0,0.85,0
0,0.5,0
0,0.5,204
0,0.85,204
0,0.9,0|0
0,0.85,0
0,0.5,0
0.04;0.03,0.5,200
0,0.5,0
0,0.7,0
0.04,0.5,200
0,0.3,0
0.2,0.5,200
0.76;0.04,0.85,200
0,0.85,0
0,0.7,0
0,0.7,0|0
0.04,0.85,200
0,0.5,204
0,0.5,0
0,0.3,0
0,0.5,0
0.98;0.95;0.73;0.44;0.37,0.3,200
0,0.5,0
0.09,0.85,200
0,0.35,0
6.18;0.46;0.36;0.28;0.12,0.85,200
0,0.85,0
0,0.7,0
0,0.85,0
0,0.5,0
0,0.85,0
1.59;1.33;0.1;0.06;0.02,1.5,200
0,0.5,0
0,0.85,204
0,0.5,204
0,0.5,204
0,0.5,204
0,1.5,0
0.16;0.12;0.02,0.85,200
0,0.85,0
0,0.85,0
0,0.85,0
0,0.7,204
0,0.5,0
0,0.5,204
0,0.35,0
0,0.85,0
0.04,0.5,200
4.9;1.16;0.28;0.12;0.06,0.85,200
0.56;0.14,0.5,200
0,0.3,0
0,0.5,204
0,0.85,0
0,1.2,0
1.48;0.03,0.5,200
0.36,0.85,200
0,0.5,0
0,0.5,0
0,0.85,0
0,1.5,0
0,0.5,0
0,1.2,0
0.06,0.85,200
0,0.85,0
0,0.9,0|0
0,0.5,0
2.13;1.82;1.52;1.04;0.96,0.85,200
0,0.3,0
0,0.7,0
0.16;0.13;0.08;0.03,1.5,200
0,0.7,0
0,0.5,0
0,0.3,0
0,1.5,0
0,0.85,0
0,0.7,0
0,0.85,0
0,0.7,0
0,0.85,204
0,1.5,0
0,0.5,0
0,0.85,204
0,0.7,0|0
0.55;0.12,0.85,200
0,0.3,0
0,0.5,0
1.86;0.12,0.7,200
0,0.85,0
0.19;0.02,0.5,200
0.62;0.24,0.3,200
0,0.5,0
0,0.85,0
0,0.35,0
0,0.35,0
0,0.85,0
0.02,0.5,200
0,0.7,0
0,0.85,0
0,0.5,0
0,0.85,0
0,0.5,204
0,0.85,0
0,0.7,0
0,0.85,204
0,0.5,0
0,1.5,0
0,1.5,0
0,0.5,0
0,0.7,0|0
0,0.7,0
0,0.5,0
0,0.3,0
0,0.85,0
0,0.5,0
0.46;0.32;0.12;0.11,1.5,200
0,0.5,0
1.77;1.4;1.27;1.26;1.14,0.7,200
0,0.7,0
0,1.5,0
0.63,0.85,200
0,0.5,0
0,0.3,0
0,0.5,0
0,0.85,0
1.78;1.44;1.03;0.39;0.26,0.85,200
0.02,0.3,200
0,0.85,0
0,1.5,0
0,0.85,0
1.52;0.76,0.85,200
0,1.5,0
0,0.85,204
0,0.5,0
2.35;0.66;0.23;0.07;0.07,0.9,200
0,1.5,204
0,0.85,0
0,0.5,0
0,0.5,0
0,0.3,0
1.37;0.53;0.12,0.85,200
0,0.5,0
0,1.5,0
0,0.3,0
0,1.5,204
0,0.5,0
0,1.5,0
0.42;0.24;0.02,1.2,200
0.42;0.06;0.06;0.01,0.35,200
0,0.7,204
0,0.7,0
0,0.85,0
0,0.5,0
0,0.5,0
0,1.2,0
0,0.5,0
0,0.3,0
0,1.5,0
0,0.7,0
0,0.7,0|0
0,0.5,0
0,1.5,204
0,0.7,204
0,0.5,0
3.2,0.9,200
0,0.5,0
0,0.7,0|0
0,0.3,0
0,0.5,0
0,1.2,0
0,1.5,0
0,0.5,0
0,0.5,0
0,1.5,204
0,0.85,0
0.02,0.85,200
0,0.85,0
0,0.7,0|0
0,0.7,0
0.19;0.03;0.02,0.5,200
0,0.3,0
0,0.5,0
0,0.7,0
0.43;0.28;0.12;0.08;0.08,0.85,200
0,0.5,204
0,1.5,204
0,1.5,0
0,0.85,0
0,0.7,0
0,0.85,0
0,1.5,0
0,0.5,0
0,0.5,0
0,0.3,0
0,0.5,0
0,0.35,0
0,0.3,0
0,0.7,0
1.04;0.44;0.14;0.11;0.09,0.9,200
0,0.7,0
0,0.5,204
0,0.5,0
0,0.7,0
0,0.7,204|204
0,0.5,0
0,0.5,0
0,0.85,0
0,0.85,0
0,0.5,0
0,1.5,204
0,0.5,0
0,0.5,204
0,0.5,204
0,0.3,0
0.3;0.07;0.06,0.7,200
0,0.85,0
1.86;0.12,0.5,200
0,0.5,0
0,0.85,0
0,0.5,0
0,0.5,0
0,0.3,0
0,0.7,0|0
0,0.7,0
0,0.5,0
0,0.7,0|0
1.42,0.85,200
0,0.5,0
0,0.3,0
0.76;0.56;0.52;0.51;0.04,0.85,200
0,0.5,0
0,0.5,204
0,0.5,0
0,1.5,0
0,0.85,0
0,0.85,0
0,0.5,0
0.01,0.7,200|200
0,0.7,0|0
0,0.85,0
1.24;0.03;0.01,1.5,200
0,0.7,0|0
0,0.7,0|0
0,0.5,204
0.02,0.5,200
0,0.85,0
0,0.7,0|0
0,0.5,0
0,0.5,0
0,0.5,204
0,0.85,0
0,0.5,0
1.66;0.85;0.55;0.44;0.01,0.9,200
0,0.5,204
0,0.5,0
0,0.3,0
0,0.85,0
0.96;0.8;0.56;0.3;0.09,0.85,200
0,0.7,204|204
0,0.85,0
0,0.7,0
0.03,0.7,200|200
0,0.7,204
0,0.9,0|0
0,0.5,0
0,0.7,0|0
1.86;0.12,0.5,200
0,0.5,0
0,0.3,0
0.68;0.31;0.23;0.23;0.1,0.7,200
0,0.7,200|204
0,1.5,0
0,0.3,0
1.86,0.5,200
0,0.5,0
0,0.5,0
0,0.85,0
0.56;0.14;0.06,1.5,200
0,0.85,0
0.6,0.5,200
0,0.7,0|0
0,0.5,0
0,0.85,0
0,0.5,204
0,0.85,0
0,0.7,0
0,0.5,0
0,0.5,0
0,0.5,0
0,0.7,0|0
0,0.7,0
0,1.5,0
0,0.7,0|0
0.08,0.5,200
0.04,0.85,200
0,0.5,0
0,0.5,0
0,1.5,204
0,0.5,0
6.42;0.14;0.06;0.05;0.01,1.2,200
0,0.3,204
0,0.7,0|0
0,0.5,0
0.24,1.5,200
0,0.85,0
0,0.5,0
0,0.5,0
0,0.5,204
0.14;0.02;0.01,0.5,200
0.6;0.27;0.16;0.02,0.7,200|200
0,0.85,0
0,0.85,0
0,0.7,0
0,0.5,0
0,1.5,0
0.01,0.85,200
0,1.2,0
0,1.5,0
0,0.5,0
0,0.5,0
0,0.5,0
0,0.5,0
0,1.5,0
0,0.3,0
0,1.5,0
0,1.5,0
0,0.3,0
0,0.7,0
0,0.85,0
0,0.85,0
0,0.3,204
0,0.5,204
0.02,1.5,200
0.02,0.5,200
0.02,0.5,200
0,0.3,0
0,0.85,0
0,0.85,0
0,0.7,0
0,0.5,0
0,0.3,0
0,0.85,0
0.12,0.85,200
0,0.5,0
0,0.5,204
0,0.7,0
0,1.5,204
0,0.7,0|0
0,1.2,0
0,0.5,0
0,0.5,0
0,0.5,0
0,0.3,0
0,0.85,0
0,0.7,0
0,0.85,0
0.84,0.85,200
0.36,0.85,200
1.86,0.7,200
0,1.5,0
0,0.5,204
0,0.5,0
0,0.5,0
0,0.5,0
0,0.7,0|0
0,0.7,0|0
0,0.3,0
0.03;0.01,0.5,200
0,0.5,0
0,0.7,0|0
0,1.2,0
0,0.7,0|0
0,0.85,0
0,0.5,0
0,0.85,0
0.04,1.5,200
0,0.5,0
0,0.5,0
0,1.5,0
0,0.85,0
0,0.85,0
0,0.3,0
0,1.2,0
0,0.5,0
0,0.85,0
0,0.85,0
0,0.3,0
0,0.7,0
0.25;0.08,0.5,200
0,0.5,0
0,0.5,0
0,0.5,0
0,0.7,0
0.02,0.5,200
0,0.7,0
1.7;0.37;0.12;0.01,0.5,200
0,0.5,0
0,0.7,0
0,0.5,0
0,0.5,204
0,0.85,204
0,0.85,204
0,0.5,0
1.04;1.03;0.37;0.12;0.04,0.85,200
0,0.5,0
0,1.5,204
0,0.5,0
0,1.5,0
0,0.85,0
0,0.7,0|0
0.37;0.36;0.12;0.08;0.04,0.5,200
0.31;0.29;0.23;0.06;0.02,0.7,200
0,0.5,0
0,0.5,204
0,0.7,0
0,0.5,0
0.63;0.52;0.33;0.24;0.13,1.5,200
0,0.5,0
0.05;0.02,0.5,200
0.01,0.5,200
0,0.5,0
0,0.7,200|204
0,0.85,0
0,0.7,204|204
0.05;0.02,0.7,200
1.19;0.34,0.3,200
0,0.7,0|0
0,0.85,0
0,0.5,204
0,1.5,0
0,0.5,0
0,0.85,0
0,0.3,0
0,0.7,0
0,0.85,0
0,1.5,0
0,0.5,0
0,0.7,0
0.13;0.06;0.05;0.02;0.01,0.85,200
0,0.85,0
0,0.85,0
0,0.5,0
1.06;0.02,0.3,200
0,0.5,0
0,0.85,0
1.74;0.12,0.5,200
0,0.5,0
0,0.7,0
0,0.85,0
0,0.7,204|204
0,0.5,0
0,0.5,204
0.12,0.5,200
0,0.5,0
0,0.85,0
0,0.5,0
0,0.5,0
0,0.5,0
0,0.7,0|0
0,0.5,0
0,0.7,0
0,0.7,0|0
0.99;0.93;0.8;0.4;0.3,0.85,200
0.12;0.02,0.3,200
0,0.5,0
0,0.7,0
0.72;0.32;0.29;0.24;0.24,0.7,200
0,0.5,0
0,0.5,0
0,0.5,204
0.48;0.16;0.12,0.5,200
0,0.7,0|0
0,0.5,0
0,0.85,0
0,0.5,0
0,0.5,0
0,0.7,0|0
0,0.5,0
0,0.85,204
0,0.5,0
0,1.5,0
0,0.7,0
0,0.5,0
0,0.5,0
0,0.7,0
0,0.7,0
0,0.5,0
0.02,0.5,200
0,0.85,0
0,0.5,0
0,0.3,0
0,0.5,0
0,0.5,0
0,0.5,0
0,0.7,0|0
0,0.5,0
0,0.5,0
0,0.7,0
0,0.5,0
0,0.3,0
0,1.5,0
0,0.85,0
0,0.85,0
0,1.5,204
0,0.5,0
0,0.85,0
1.24;0.68;0.32;0.04,0.3,200
0,0.5,0
0,0.3,0
0,0.85,0
0,0.85,0
0,1.5,0
0,0.7,0|0
0,0.3,0
0,0.5,0
0,1.5,0
0.72;0.41;0.12,0.7,200|200
0,0.3,204
0.02,1.5,200
0,0.7,0|0
0,0.5,0
0,0.5,0
0,0.3,0
0,0.5,0
0.12;0.02,0.5,200
0,0.5,0
0.02,0.5,200
0,0.5,0
0,0.5,0
0,0.5,0
0,0.7,204|204
0,0.5,0
0,1.5,0
0,0.7,0|0
0.96;0.8;0.73;0.46;0.24,0.85,200
0,0.7,0|0
0,0.85,204
0.49;0.17;0.04,0.7,200|200
0.72;0.52;0.51;0.28,0.5,200
0,0.3,0
0,0.3,0
0.28,0.3,200
0,0.7,0
0,0.7,204|204
0,0.5,0
0,0.5,0
0,0.7,0
0,0.3,0
0.02,0.7,200
0,1.5,0
0,0.7,0|0
0,0.85,0
1.7;0.52;0.08,0.85,200
0,0.5,0
0.06;0.03,0.85,200
0,0.7,0|0
0,0.7,0
0,1.5,204
0,0.85,0
0,0.7,0
0.66,0.5,200
0,0.7,204
0,0.7,0
0,0.85,0
0,0.85,0
0.04,1.5,200
0,0.5,204
0,0.3,0
0,0.5,0
0,0.7,0
0,1.5,0
0,0.5,0
0.28;0.12,0.85,200
0,0.5,204
0,0.85,0
0,1.5,0
0,0.3,0
0,0.7,0
0,0.7,0|0
0,0.5,0
0,0.5,204
0,1.5,204
4.64;2.28;1.84;1.52;0.77,0.9,200
0,0.85,204
0,0.85,0
0,0.85,0
0,0.7,0|0
0,0.85,0
0,1.5,0
0,0.5,0
0,0.5,0
0,0.5,0
0,0.7,0|0
0,0.5,0
0,0.3,0
0,0.5,0
1.53;0.33;0.09;0.03;0.02,0.5,200
0,0.85,0
0,0.5,0
0,0.5,0
0,0.3,0
0,0.5,0
0,0.7,0|0
0,0.85,0
0,0.7,0|0
0.32;0.24;0.08;0.08,0.85,200
0,0.7,0
1.86,0.85,200
0,0.7,0
0,0.5,0
0.17;0.04;0.04;0.03,0.5,200
0,0.5,204
0,0.7,0
0,0.5,0
0,0.85,0
0,0.85,0
0,0.7,204
0,1.5,0
0,0.85,0
0,0.5,0
1.31;0.75;0.44;0.12;0.07,0.85,200
0,0.7,0
0,0.5,0
0,0.5,0
0.36,0.5,200
0,0.7,0|0
0,0.5,0
1.65;1.52;0.59;0.36,0.7,200
0,0.5,0
0,0.7,204|204
0,0.3,0
0,0.7,0
0,0.85,204
0,0.7,0
1.01;1;0.61;0.4;0.17,1.5,200
0,0.7,0|0
0.4;0.16;0.02,0.5,200
0,0.7,0
0,0.5,204
0,0.7,0
0,0.5,0
0.15;0.08;0.07,0.7,200|200
0,0.85,0
0,0.7,0|0
0,0.5,0
0,0.5,0
0,0.5,0
0,0.5,0
1.86;0.72;0.12,0.3,200
0,0.5,0
0,0.5,0
0,0.5,0
0,0.85,0
0,0.85,204
0,0.85,204
0,0.5,0
0,0.85,0
0,0.5,0
0,0.5,204
0.08;0.06,0.85,200
0,0.85,0
0,0.5,0
0,0.85,0
0,0.5,0
0,0.5,0
0,1.5,0
0.89;0.6;0.25;0.14;0.1,0.85,200
0.5;0.48;0.4;0.36,0.85,200
0.24;0.16,0.5,200
0,0.5,204
0,0.7,0
0,0.5,0
0,0.3,0
0,0.7,0
0.88;0.24;0.04;0.04,0.5,200
0,0.85,0
0,0.85,0
0,0.5,0
0,0.7,0|0
0.17;0.03,0.5,200
0,0.3,0
0,0.7,0|0
0,0.5,0
0,0.5,0
0.31,0.5,200
0,0.5,0
0,0.85,0
0,0.5,0
0,0.7,0|0
0,0.5,0
0.33,0.85,200
0,0.7,0
0,0.85,0
0.16,0.3,200
0.36,0.5,200
0.02,0.7,200
1;0.96;0.96;0.82;0.44,0.3,200
0,0.7,204
0,0.5,0
0.01,0.5,200
0,1.5,0
0,0.5,0
0,0.7,0|0
0,0.85,0
0.96;0.96;0.64;0.43;0.37,0.3,200
0,0.5,0
0,0.7,0
0,0.5,0
0,0.85,0
0.02,0.5,200
0,0.7,0
0.02,0.5,200
0,0.5,0
0,0.5,0
0,0.5,0
0,0.7,0|0
0,0.5,0
0,0.85,0
0,0.5,0
0,0.7,0
0,0.5,0
0,0.5,0
0,0.7,0
0,0.5,0
0,0.5,0
0,0.85,0
0.16,0.85,200
0,0.7,0
0.69;0.41;0.34;0.32;0.08,1.5,200
0,1.5,0
0,0.7,0|0
0,0.85,0
0,0.7,204
0,0.5,0
0,0.5,0
0,0.5,0
0,0.5,204
0.88,0.5,200
0.01,0.3,200
0,0.85,0
0,0.5,0
0,0.7,204|204
1.2,0.5,200
1.23;0.68;0.32;0.21,0.9,200
0,0.3,0
0,0.5,0
0,0.7,0|0
0,0.7,0
0,0.7,204|204
0,0.5,0
0,0.5,0
0,0.5,0
0.01,0.7,200|200
0.66;0.51;0.03;0.02,0.85,200
0,0.7,0|0
1;0.96;0.64;0.48;0.26,0.85,200
0,0.5,0
0,0.5,0
0,0.85,0
0,0.7,0|0
0,1.5,204
0,0.7,0
0,0.5,0
0.6;0.39;0.23;0.16;0.09,0.5,200
0.27;0.12,0.3,200
0,0.5,204
0,0.3,0
0,0.85,0
0,0.85,0
0,0.5,0
0,0.5,0
0,0.85,0
0,0.5,0
0,0.5,0
0,0.5,0
0,0.5,204
0,0.5,0
0,0.7,0|0
0,0.7,0|0
0,0.5,204
0,0.85,0
0,0.5,0
0.66;0.47;0.12,0.5,200
0,1.5,0
0,1.5,0
0,0.7,0|0
0,0.5,0
0.12;0.06;0.01,0.85,200
2.4;1.66;0.96;0.61;0.6,0.7,200
0,0.7,0|0
0,0.5,0
1.92;1.32;1.2;0.97;0.64,0.9,200
0.1;0.04;0.04,0.5,200
0,0.5,0
0.8;0.68;0.2;0.12;0.12,0.5,200
0,0.3,0
0,0.3,0
0,0.3,204
0,0.7,0
0,0.5,0
0,0.5,0
0,0.85,0
1;0.06;0.03,0.3,200
0,0.5,0
0,0.5,0
0,0.85,0
0,0.5,0
0,1.5,0
0,0.7,0|0
0,0.85,0
0,0.85,0
0,0.7,0
0,0.85,204
0,0.85,0
2.4;0.68;0.32;0.17;0.14,0.85,200
0,0.7,0
0,0.5,0
0,0.5,0
0,1.5,0
0,1.5,0
0,0.85,204
0,0.5,0
0,0.7,0
0,0.5,204
0,0.5,0
0,0.5,0
0,0.5,0
1.46;0.12,0.5,200
0,0.85,0
0,0.85,0
0,0.85,0
0,0.5,0
0.16,0.7,200
0.16,0.5,200
0.53;0.47;0.07,0.3,200
0,0.5,0
0.24,0.5,200
0,0.7,0
0,0.5,0
0.03,0.7,200
1.86;0.12,0.5,200
0,0.5,0
0,0.85,0
0,0.5,204
0.2,0.7,200
0,0.7,0|0
0,1.5,0
0,0.5,0
0,0.7,0
2.25;0.68,1.5,200
1.2;0.76;0.52;0.24;0.15,0.85,200
0,0.5,0
0,0.7,0|0
0,0.5,0
0,0.7,0|0
0,0.85,0
0,0.7,0
0,0.7,204
0,0.85,0
0,0.85,0
0,0.85,0
0,0.85,0
0,0.3,0
0.01,0.7,200
0,0.7,0|0
0.76;0.7;0.55;0.52;0.16,1.5,200
0.76;0.6;0.27;0.05,1.5,200
0,0.85,0
0,0.7,0
0,0.5,0
0.14,0.5,200
0,0.85,0
0.04;0.01;0.01,0.5,200
0,0.3,0
0,0.3,0
0,1.5,0
0,0.5,204
0,1.5,0
0.08;0.03,0.5,200
0,0.3,0
0,0.85,0
0,0.5,0
0.42;0.4;0.32;0.12;0.04,1.5,200
0,0.5,0
0,1.5,0
0.44;0.27;0.13,0.5,200
0.01,0.5,200
0,0.5,0
0,0.85,204
0,0.7,204
0,0.5,0
1.6;1.2;0.24,0.7,200
0.01,0.3,200
0,0.7,204
0,0.7,204|204
0.17,0.85,200
0,0.7,0
0,1.5,0
0,0.5,0
0,0.7,0
0,0.5,0
0,0.3,0
0,0.7,0
0,1.5,204
0,0.5,0
0,0.5,0
0.18,0.85,200
0,0.5,0
0,0.5,0
0,0.85,0
0,0.85,0
0.4,0.5,200
1.24,0.7,200
0,0.7,0|0
0,0.3,0
0,0.5,204
0,0.3,0
0,0.7,0
0,1.5,0
0,0.5,204
1.86;0.24,0.5,200
0,0.7,0|0
0.17;0.03,0.7,200
0.09;0.08,0.5,200
0,0.7,0
0,0.5,0
2.44;1.52;1.2;0.84;0.19,0.3,200
0.34,0.85,200
0,0.5,0
0,0.5,0
0.2,0.5,200
0,0.5,0
0.34,0.3,200
0,0.5,0
0.64;0.43;0.13;0.03,0.5,200
0,0.5,0
0,0.85,0
0.12,0.3,200
0,0.85,204
0,0.7,0
0,0.85,0
0,0.85,0
2.1;0.36;0.2;0.12;0.04,0.5,200
0,0.85,0
0,0.85,0
0,0.5,0
0,0.5,0
0.47;0.12;0.03,0.5,200
0.4;0.01,0.5,200
0,0.5,0
0,0.85,0
0,0.5,0
0,0.3,0
0,0.85,0
0,1.5,0
0,0.5,0
0.32;0.14;0.12;0.09;0.02,0.5,200
0,0.3,0
0,0.85,0
0,0.5,204
0,0.5,0
0,0.5,0
0,0.85,0
0,0.5,0
0,0.7,0
0,0.85,0
0,0.7,0|0
0,0.7,204|204
0,0.5,0
0,0.5,0
0,0.5,204
0,0.85,204
0,0.85,0
0,0.5,0
0,0.5,0
0,0.85,204
0,1.5,0
0,0.5,0
0,1.5,0
0,0.3,204
0,0.5,0
0,0.7,0
0,0.3,0
0.12,0.5,200
0,0.3,0
0,0.85,0
0.59;0.42;0.14;0.03,0.5,200
0,0.5,0
0,0.85,0
0,0.7,0
0,0.85,0
0.16,0.85,200
0,0.5,0
1.41;1.04;0.27;0.2;0.17,0.5,200
0,0.5,0
0,0.5,0
0,0.5,0
0.02,0.5,200
0,0.3,0
0,0.85,204
0.44;0.05,0.5,200
0,0.7,0|0
0,0.5,0
0,0.5,0
0,0.7,0
0,1.5,0
0,0.85,0
0,0.7,0|0
0,1.5,0
0,0.5,204
0,0.5,0
0,0.5,0
0,0.7,0|0
1.13;0.41;0.36;0.35;0.12,0.5,200
0,0.5,0
0,0.7,0
0.55;0.09,0.5,200
0,0.7,204|204
0,1.5,0
0,0.5,0
0,0.5,204
0.02,0.5,200
0,0.85,0
0,0.85,0
0,0.7,0|0
0,0.3,0
0.18,0.7,200|200
0,0.7,0|0
0,0.5,0
0,1.5,0
0,0.5,0
0,0.5,0
0,1.5,0
0,0.85,0
0,0.7,0|0
0.77;0.56;0.47;0.34;0.03,0.3,200
0,0.5,0
0,0.5,0
0,0.85,0
0,0.7,0|0
0.08,0.5,200
0,0.3,0
0.35;0.12,0.5,200
0,1.5,0
0.31;0.28;0.21;0.17;0.17,0.85,200
0,0.5,0
0.03,0.5,200
0,0.7,204
0,0.7,204
0,0.7,0
0,0.3,0
0.01;0.01,0.5,200
0,0.5,0
0,0.85,204
0,0.3,204
0,0.7,0|0
0,0.5,204
0,0.5,0
0.2;0.12,0.85,200
0,0.5,204
0,0.5,0
0,1.5,204
0,1.5,204
0,0.5,0
0,0.7,0
0,0.7,0|0
0,0.85,204
0,0.7,0
0,0.3,0
0.8;0.52;0.14,0.3,200
0,0.85,0
0,0.5,204
0,0.5,0
0,0.5,0
0,0.5,0
0,0.5,0
0,0.85,0
0,0.5,0
0,0.85,0
0.76;0.4;0.09;0.01,0.85,200
0,0.7,0|0
0,1.5,0
0,0.85,0
0,0.5,0
0,0.85,0
0,0.5,0
0,0.85,0
0,0.85,0
0,0.85,0
0,0.85,0
1.49;0.4,0.5,200
0,0.85,0
0.5;0.12,0.3,200
0,0.5,0
0,0.85,204
0,0.85,0
0,0.85,0
0,0.3,204
1;0.4;0.01,0.5,200
0,1.5,0
0,0.5,0
0,0.7,0|0
0,0.7,204
0,0.5,0
0,0.5,0
1.86;0.12;0.02,0.85,200
0.14;0.04,0.7,200
0,0.85,0
0,0.5,0
0.11,1.5,200
0,0.5,0
0,0.5,204
0,1.5,0
0,0.7,0
0,0.85,0
0,1.5,0
0,0.5,0
0,0.7,0
0,0.5,0
0,0.3,0
0,0.5,0
0,0.5,0
0,0.7,204
0,0.7,0|0
0,0.5,0
0,0.85,204
0.08;0.06;0.05,0.5,200
1.17;1.03;0.92;0.36;0.05,1.5,200
0,0.5,0
0.3;0.2;0.02,0.5,200
1.8;0.68;0.6,1.5,200
0.53;0.37,0.3,200
0,0.85,0
0.07;0.03,0.5,200
0,0.5,0
0,0.5,0
0,0.5,0
0,0.3,0
0,0.7,0
0.18;0.07;0.06;0.03,0.5,200
0,0.85,0
0,1.5,0
0,0.7,0|0
0,0.7,0|0
0,0.85,0
0,0.85,0
0,0.85,0
0,0.85,204
0,1.5,0
0,0.5,0
0,0.5,0
0,1.5,0
0,0.5,0
0,0.5,0
0,0.5,0
0,0.3,0
0.65,0.7,200|200
0,0.3,0
0,0.3,0
0,0.5,0
0,0.5,0
0.07,0.85,200
0,0.5,0
0,0.7,0|0
0,0.5,0
0,0.5,0
0.2,0.5,200
0,1.5,0
0,0.7,0|0
0,0.85,0
0,0.85,0
0,0.5,0
0,0.5,0
0,0.5,0
0.12,0.5,200
0,0.85,0
0,0.5,0
