"","PlacementId","GlobalChain","GlobalType","Order","Network","floorPrice","ExperimentChain","ExperimentType","mobilePercent","globalImpressions","globalServed","globalIncome","globalFill","globalEcpm","globalRcpm","experimentImpressions","experimentServed","experimentIncome","experimentFill","experimentEcpm","experimentRcpm"
"1","0e42430f825c80036fd1b0a06f6425b9","p15=0.55:t18=0.5:p12=0.45:t8=0.3","Baseline",0,"Pubmatic",0.55,"p27=0.55:t27=0.5:p11=0.45:t39=0.3:t35=0.3","ExperimentClone",0.4241,146160,22760,16.407,0.155719759168035,0.720869947275923,0.112253694581281,3051,250,0.189,0.0819403474270731,0.756,0.0619469026548673
"2","0e42430f825c80036fd1b0a06f6425b9","p15=0.55:t18=0.5:p12=0.45:t8=0.3","Baseline",1,"PulsePoint",0.5,"p27=0.55:t27=0.5:p11=0.45:t39=0.3:t35=0.3","ExperimentClone",0.4241,109321,21999,11,0.20123306592512,0.500022728305832,0.100621106649226,2558,352,0.17,0.137607505863956,0.482954545454545,0.0664581704456607
"3","0e42430f825c80036fd1b0a06f6425b9","p15=0.55:t18=0.5:p12=0.45:t8=0.3","Baseline",2,"Pubmatic",0.45,"p27=0.55:t27=0.5:p11=0.45:t39=0.3:t35=0.3","ExperimentClone",0.4241,90188,6234,3.033,0.0691222779083692,0.486525505293551,0.0336297511864106,2446,90,0.045,0.0367947669664759,0.5,0.0183973834832379
"4","0e42430f825c80036fd1b0a06f6425b9","p15=0.55:t18=0.5:p12=0.45:t8=0.3","Baseline",3,"PulsePoint",0.3,"p27=0.55:t27=0.5:p11=0.45:t39=0.3:t35=0.3","ExperimentClone",0.4241,78026,15196,4.56,0.194755594289083,0.300078968149513,0.0584420577756133,1967,183,0.06,0.0930350788002034,0.327868852459016,0.0305033045246568
"5","0e42430f825c80036fd1b0a06f6425b9","p21=0.15","Learning",0,"Pubmatic",0.15,"p2=0.15","LearningExperiment",0.4241,4497,1961,0.648,0.436068490104514,0.330443651198368,0.144096064042695,4715,1610,0.468,0.341463414634146,0.290683229813665,0.0992576882290562
"6","0e42430f825c80036fd1b0a06f6425b9","p3=1.3","Learning",0,"Pubmatic",1.3,"p7=1.3","LearningExperiment",0.4241,5067,257,0.369,0.0507203473455694,1.43579766536965,0.0728241563055062,4826,178,0.234,0.0368835474513054,1.31460674157303,0.048487360132615
"7","0e42430f825c80036fd1b0a06f6425b9","p4=0.7:p13=0.5","Learning",0,"Pubmatic",0.7,"p29=0.7:p5=0.5","LearningExperiment",0.4241,5684,672,0.594,0.118226600985222,0.883928571428571,0.104503870513723,2734,190,0.189,0.06949524506218,0.994736842105263,0.0691294806144843
"8","0e42430f825c80036fd1b0a06f6425b9","p4=0.7:p13=0.5","Learning",1,"Pubmatic",0.5,"p29=0.7:p5=0.5","LearningExperiment",0.4241,4599,352,0.189,0.0765383779082409,0.536931818181818,0.0410958904109589,2880,141,0.081,0.0489583333333333,0.574468085106383,0.028125
"9","0e42430f825c80036fd1b0a06f6425b9","t25=0.7:t2=0.5","Learning",0,"PulsePoint",0.7,"t6=0.7:t12=0.5","LearningExperiment",0.4241,4235,1089,0.76,0.257142857142857,0.697887970615243,0.179456906729634,3724,676,0.47,0.181525241675618,0.695266272189349,0.126208378088077
"10","0e42430f825c80036fd1b0a06f6425b9","t25=0.7:t2=0.5","Learning",1,"PulsePoint",0.5,"t6=0.7:t12=0.5","LearningExperiment",0.4241,2590,398,0.2,0.153667953667954,0.50251256281407,0.0772200772200772,2989,275,0.14,0.0920040147206424,0.509090909090909,0.0468384074941452
"11","0e42430f825c80036fd1b0a06f6425b9","t4=0.15","Learning",0,"PulsePoint",0.15,"t29=0.15","LearningExperiment",0.4241,4559,2688,0.41,0.589602983110331,0.152529761904762,0.0899320026321562,3231,991,0.15,0.306716186939028,0.151362260343088,0.0464252553389044
"12","0e42430f825c80036fd1b0a06f6425b9","t45=1.3","Learning",0,"PulsePoint",1.3,"t16=1.3","LearningExperiment",0.4241,4261,637,0.82,0.149495423609481,1.287284144427,0.192443088476883,4642,501,0.65,0.10792761740629,1.29740518962076,0.140025850926325
"13","1c8834441f20e22a0aef009c095a6cab","e19=2","Learning",0,"OpenX",2,"e6=2","LearningExperiment",0.6128,721,111,0.2663,0.153952843273232,2.3990990990991,0.369348127600555,889,80,0.19,0.0899887514060742,2.375,0.213723284589426
"14","1c8834441f20e22a0aef009c095a6cab","e19=2.5","Learning",0,"OpenX",2.5,"e37=2.5","LearningExperiment",0.6128,1535,167,0.4861,0.108794788273616,2.91077844311377,0.316677524429967,1604,157,0.4397,0.0978802992518703,2.80063694267516,0.274127182044888
"15","1c8834441f20e22a0aef009c095a6cab","e22=1.9:e28=1.7","Learning",0,"OpenX",1.9,"e1=1.9:e3=1.7","LearningExperiment",0.6128,1873,205,0.4914,0.109450080085424,2.39707317073171,0.262359850507208,1747,211,0.4743,0.120778477389811,2.2478672985782,0.271493989696623
"16","1c8834441f20e22a0aef009c095a6cab","e22=1.9:e28=1.7","Learning",1,"OpenX",1.7,"e1=1.9:e3=1.7","LearningExperiment",0.6128,1144,80,0.1414,0.0699300699300699,1.7675,0.123601398601399,1484,114,0.2141,0.0768194070080863,1.8780701754386,0.144272237196766
"17","1c8834441f20e22a0aef009c095a6cab","e26=1.4:e1=1.2","Learning",0,"OpenX",1.4,"e31=1.4:e36=1.2","LearningExperiment",0.6128,647,145,0.2717,0.224111282843895,1.87379310344828,0.419938176197836,834,110,0.1906,0.13189448441247,1.73272727272727,0.228537170263789
"18","1c8834441f20e22a0aef009c095a6cab","e26=1.4:e1=1.2","Learning",1,"OpenX",1.2,"e31=1.4:e36=1.2","LearningExperiment",0.6128,580,60,0.0866,0.103448275862069,1.44333333333333,0.149310344827586,710,43,0.064,0.0605633802816901,1.48837209302326,0.0901408450704225
"19","1c8834441f20e22a0aef009c095a6cab","e32=0.8","Learning",0,"OpenX",0.8,"e4=0.8","LearningExperiment",0.6128,647,244,0.2659,0.377125193199382,1.08975409836066,0.41097372488408,844,173,0.1977,0.204976303317536,1.14277456647399,0.234241706161137
"20","1c8834441f20e22a0aef009c095a6cab","e37=2.5","Learning",0,"OpenX",2.5,"e19=2.5","LearningExperiment",0.6128,234,24,0.0757,0.102564102564103,3.15416666666667,0.323504273504274,723,83,0.2496,0.114799446749654,3.00722891566265,0.345228215767635
"21","1c8834441f20e22a0aef009c095a6cab","e5=1.3","Learning",0,"OpenX",1.3,"e38=1.3","LearningExperiment",0.6128,1958,394,0.6746,0.201225740551583,1.71218274111675,0.344535240040858,2030,354,0.6072,0.174384236453202,1.71525423728814,0.299113300492611
"22","1c8834441f20e22a0aef009c095a6cab","j9=2.15:e29=1.7:p5=1.75:t19=1.5","Baseline",0,"Index",2.15,"j10=2.15:e24=1.7:p44=1.75:t15=1.5:t3=1.5","ExperimentClone",0.6128,1766,91,0.2179,0.0515288788221971,2.39450549450549,0.123386183465459,1151,40,0.0943,0.0347523892267593,2.3575,0.0819287576020852
"23","1c8834441f20e22a0aef009c095a6cab","j9=2.15:e29=1.7:p5=1.75:t19=1.5","Baseline",1,"OpenX",1.7,"j10=2.15:e24=1.7:p44=1.75:t15=1.5:t3=1.5","ExperimentClone",0.6128,1679,267,0.5493,0.159023228111971,2.05730337078652,0.327159023228112,1127,154,0.3137,0.136645962732919,2.03701298701299,0.278349600709849
"24","1c8834441f20e22a0aef009c095a6cab","j9=2.15:e29=1.7:p5=1.75:t19=1.5","Baseline",2,"Pubmatic",1.75,"j10=2.15:e24=1.7:p44=1.75:t15=1.5:t3=1.5","ExperimentClone",0.6128,1641,195,0.333,0.118829981718464,1.70769230769231,0.202925045703839,1111,121,0.207,0.108910891089109,1.71074380165289,0.186318631863186
"25","1c8834441f20e22a0aef009c095a6cab","j9=2.15:e29=1.7:p5=1.75:t19=1.5","Baseline",3,"PulsePoint",1.5,"j10=2.15:e24=1.7:p44=1.75:t15=1.5:t3=1.5","ExperimentClone",0.6128,1101,56,0.08,0.0508628519527702,1.42857142857143,0.072661217075386,773,10,0.02,0.0129366106080207,2,0.0258732212160414
"26","1c8834441f20e22a0aef009c095a6cab","o10=0.8","Learning",0,"Aol",0.8,"o11=0.8","LearningExperiment",0.6128,546,157,0.1896,0.287545787545788,1.20764331210191,0.347252747252747,299,55,0.052,0.183946488294314,0.945454545454545,0.173913043478261
"27","1c8834441f20e22a0aef009c095a6cab","o23=2.5","Learning",0,"Aol",2.5,"o3=2.5","LearningExperiment",0.6128,891,113,0.3182,0.12682379349046,2.81592920353982,0.357126823793491,1070,84,0.2089,0.0785046728971963,2.48690476190476,0.195233644859813
"28","1c8834441f20e22a0aef009c095a6cab","o24=1.3","Learning",0,"Aol",1.3,"o15=1.3","LearningExperiment",0.6128,825,193,0.2924,0.233939393939394,1.51502590673575,0.354424242424242,1078,148,0.242,0.137291280148423,1.63513513513514,0.224489795918367
"29","1c8834441f20e22a0aef009c095a6cab","o25=1.4:o12=1.2","Learning",0,"Aol",1.4,"o30=1.4:o26=1.2","LearningExperiment",0.6128,506,121,0.1978,0.239130434782609,1.63471074380165,0.390909090909091,276,60,0.0946,0.217391304347826,1.57666666666667,0.342753623188406
"30","1c8834441f20e22a0aef009c095a6cab","o25=1.4:o12=1.2","Learning",1,"Aol",1.2,"o30=1.4:o26=1.2","LearningExperiment",0.6128,453,51,0.0604,0.112582781456954,1.1843137254902,0.133333333333333,167,13,0.0172,0.0778443113772455,1.32307692307692,0.102994011976048
"31","1c8834441f20e22a0aef009c095a6cab","o26=1.9:o22=1.7","Learning",0,"Aol",1.9,"o16=1.9:o1=1.7","LearningExperiment",0.6128,374,67,0.1806,0.179144385026738,2.6955223880597,0.482887700534759,310,27,0.0634,0.0870967741935484,2.34814814814815,0.204516129032258
"32","1c8834441f20e22a0aef009c095a6cab","o26=1.9:o22=1.7","Learning",1,"Aol",1.7,"o16=1.9:o1=1.7","LearningExperiment",0.6128,357,17,0.0258,0.0476190476190476,1.51764705882353,0.0722689075630252,234,12,0.0194,0.0512820512820513,1.61666666666667,0.0829059829059829
"33","1c8834441f20e22a0aef009c095a6cab","o9=2","Learning",0,"Aol",2,"o1=2","LearningExperiment",0.6128,607,56,0.1084,0.0922570016474465,1.93571428571429,0.178583196046128,241,22,0.0584,0.0912863070539419,2.65454545454545,0.242323651452282
"34","1c8834441f20e22a0aef009c095a6cab","p9=1.85:t1=1.85:e28=1.70:e7=1.50:t22=1.50","BestChain",0,"Pubmatic",1.85,"p33=1.85:t25=1.85:e3=1.7:e14=1.5","ExperimentClone",0.6128,21493,3423,6.111,0.159261154794584,1.78527607361963,0.284325129111804,1469,199,0.36,0.135466303607897,1.80904522613065,0.245064669843431
"35","1c8834441f20e22a0aef009c095a6cab","p9=1.85:t1=1.85:e28=1.70:e7=1.50:t22=1.50","BestChain",1,"PulsePoint",1.85,"p33=1.85:t25=1.85:e3=1.7:e14=1.5","ExperimentClone",0.6128,15318,876,1.62,0.0571876224050137,1.84931506849315,0.105757931844888,1015,17,0.03,0.0167487684729064,1.76470588235294,0.0295566502463054
"36","1c8834441f20e22a0aef009c095a6cab","p9=1.85:t1=1.85:e28=1.70:e7=1.50:t22=1.50","BestChain",2,"OpenX",1.7,"p33=1.85:t25=1.85:e3=1.7:e14=1.5","ExperimentClone",0.6128,13528,1040,2.0858,0.0768775872264932,2.00557692307692,0.154183914843288,947,52,0.1117,0.0549102428722281,2.14807692307692,0.117951425554382
"37","1c8834441f20e22a0aef009c095a6cab","p9=1.85:t1=1.85:e28=1.70:e7=1.50:t22=1.50","BestChain",3,"OpenX",1.5,"p33=1.85:t25=1.85:e3=1.7:e14=1.5","ExperimentClone",0.6128,12151,630,1.0748,0.0518475845609415,1.70603174603175,0.0884536252160316,8662,104,0.1814,0.012006465019626,1.74423076923077,0.0209420457169245
"38","203047dd1929e08684f45771d064466c","e15=2.5","Learning",0,"OpenX",2.5,"e42=2.5","LearningExperiment",0.7143,0,0,0,NA,NA,NA,0,0,0,NA,NA,NA
"39","203047dd1929e08684f45771d064466c","e43=1.9:e49=1.7","Learning",0,"OpenX",1.9,"e52=1.9:e38=1.7","LearningExperiment",0.7143,0,0,0,NA,NA,NA,0,0,0,NA,NA,NA
"40","203047dd1929e08684f45771d064466c","e43=1.9:e49=1.7","Learning",1,"OpenX",1.7,"e52=1.9:e38=1.7","LearningExperiment",0.7143,0,0,0,NA,NA,NA,0,0,0,NA,NA,NA
"41","203047dd1929e08684f45771d064466c","e53=1.70:p37=1.70:e12=1.55:e35=1.50","BestChain",0,"OpenX",1.7,"e41=1.7:p27=1.7:e19=1.55:e25=1.5:e32=1.5","ExperimentClone",0.7143,4,0,0,0,NA,NA,0,0,0,NA,NA,NA
"42","203047dd1929e08684f45771d064466c","e53=1.70:p37=1.70:e12=1.55:e35=1.50","BestChain",1,"Pubmatic",1.7,"e41=1.7:p27=1.7:e19=1.55:e25=1.5:e32=1.5","ExperimentClone",0.7143,1,0,0,0,NA,NA,0,0,0,NA,NA,NA
"43","203047dd1929e08684f45771d064466c","e53=1.70:p37=1.70:e12=1.55:e35=1.50","BestChain",2,"OpenX",1.55,"e41=1.7:p27=1.7:e19=1.55:e25=1.5:e32=1.5","ExperimentClone",0.7143,1,0,0,0,NA,NA,0,0,0,NA,NA,NA
"44","203047dd1929e08684f45771d064466c","e53=1.70:p37=1.70:e12=1.55:e35=1.50","BestChain",3,"OpenX",1.5,"e41=1.7:p27=1.7:e19=1.55:e25=1.5:e32=1.5","ExperimentClone",0.7143,1,0,0,0,NA,NA,0,0,0,NA,NA,NA
"45","203047dd1929e08684f45771d064466c","e54=1.3","Learning",0,"OpenX",1.3,"e27=1.3","LearningExperiment",0.7143,0,0,0,NA,NA,NA,0,0,0,NA,NA,NA
"46","203047dd1929e08684f45771d064466c","p16=1.9:p15=1.7","Learning",0,"Pubmatic",1.9,"p42=1.9:p31=1.7","LearningExperiment",0.7143,0,0,0,NA,NA,NA,0,0,0,NA,NA,NA
"47","203047dd1929e08684f45771d064466c","p16=1.9:p15=1.7","Learning",1,"Pubmatic",1.7,"p42=1.9:p31=1.7","LearningExperiment",0.7143,0,0,0,NA,NA,NA,0,0,0,NA,NA,NA
"48","203047dd1929e08684f45771d064466c","p25=2.5","Learning",0,"Pubmatic",2.5,"p46=2.5","LearningExperiment",0.7143,0,0,0,NA,NA,NA,0,0,0,NA,NA,NA
"49","203047dd1929e08684f45771d064466c","p40=1.3","Learning",0,"Pubmatic",1.3,"p19=1.3","LearningExperiment",0.7143,0,0,0,NA,NA,NA,0,0,0,NA,NA,NA
"50","23d5b316d20d174c195ac34b655c9b1d","p11=0.30:t17=0.30:p18=0.25:t2=0.15","BestChain",0,"Pubmatic",0.3,"p23=0.3:t25=0.3:p24=0.25:t22=0.15:t20=0.15","ExperimentClone",0.6011,709548,125393,40.788,0.17672236409658,0.32528131554393,0.0574844830793688,3277,1534,0.45,0.46811107720476,0.293350717079531,0.137320720170888
"51","23d5b316d20d174c195ac34b655c9b1d","p11=0.30:t17=0.30:p18=0.25:t2=0.15","BestChain",1,"PulsePoint",0.3,"p23=0.3:t25=0.3:p24=0.25:t22=0.15:t20=0.15","ExperimentClone",0.6011,690580,14197,4.25,0.0205580816125576,0.299359019511164,0.00615424715456573,2039,15,0,0.00735654732712114,0,0
"52","23d5b316d20d174c195ac34b655c9b1d","p11=0.30:t17=0.30:p18=0.25:t2=0.15","BestChain",2,"Pubmatic",0.25,"p23=0.3:t25=0.3:p24=0.25:t22=0.15:t20=0.15","ExperimentClone",0.6011,654399,6638,2.169,0.0101436585324855,0.326755046700814,0.00331449161749942,1945,13,0,0.00668380462724936,0,0
"53","23d5b316d20d174c195ac34b655c9b1d","p11=0.30:t17=0.30:p18=0.25:t2=0.15","BestChain",3,"PulsePoint",0.15,"p23=0.3:t25=0.3:p24=0.25:t22=0.15:t20=0.15","ExperimentClone",0.6011,651933,11687,1.76,0.017926688785504,0.150594677847181,0.00269966392251965,1937,2,0,0.00103252452245741,0,0
"54","23d5b316d20d174c195ac34b655c9b1d","p20=0.05","Learning",0,"Pubmatic",0.05,"p10=0.05","LearningExperiment",0.6011,6287,2516,0.513,0.400190870049308,0.20389507154213,0.0815969460792111,3048,1811,0.45,0.594160104986877,0.248481501932634,0.147637795275591
"55","23d5b316d20d174c195ac34b655c9b1d","p22=1.1","Learning",0,"Pubmatic",1.1,"p8=1.1","LearningExperiment",0.6011,6302,115,0.135,0.0182481751824818,1.17391304347826,0.0214217708663916,3258,163,0.09,0.0500306936771025,0.552147239263804,0.0276243093922652
"56","23d5b316d20d174c195ac34b655c9b1d","p29=0.5:p12=0.3","Learning",0,"Pubmatic",0.5,"p3=0.5:p7=0.3","LearningExperiment",0.6011,3415,178,0.126,0.0521229868228404,0.707865168539326,0.036896046852123,5305,157,0.117,0.0295947219604147,0.745222929936306,0.0220546654099906
"57","23d5b316d20d174c195ac34b655c9b1d","p29=0.5:p12=0.3","Learning",1,"Pubmatic",0.3,"p3=0.5:p7=0.3","LearningExperiment",0.6011,2848,1089,0.306,0.382373595505618,0.28099173553719,0.107443820224719,4521,1429,0.387,0.316080513160805,0.270818754373688,0.0856005308560053
"58","23d5b316d20d174c195ac34b655c9b1d","t1=0.05","Learning",0,"PulsePoint",0.05,"t7=0.05","LearningExperiment",0.6011,8143,718,0.04,0.0881738916861108,0.0557103064066852,0.00491219452290311,3833,510,0.03,0.133055048265067,0.0588235294117647,0.00782676754500391
"59","23d5b316d20d174c195ac34b655c9b1d","t11=0.5:t15=0.3","Learning",0,"PulsePoint",0.5,"t5=0.5:t23=0.3","LearningExperiment",0.6011,9434,271,0.14,0.0287258850964596,0.516605166051661,0.0148399406402374,6862,197,0.11,0.0287088312445351,0.558375634517767,0.0160303118624308
"60","23d5b316d20d174c195ac34b655c9b1d","t11=0.5:t15=0.3","Learning",1,"PulsePoint",0.3,"t5=0.5:t23=0.3","LearningExperiment",0.6011,8086,223,0.06,0.0275785307939649,0.269058295964126,0.00742023250061835,3508,168,0.05,0.0478905359179019,0.297619047619048,0.0142531356898518
"61","23d5b316d20d174c195ac34b655c9b1d","t14=1.1","Learning",0,"PulsePoint",1.1,"t21=1.1","LearningExperiment",0.6011,5273,44,0.04,0.0083443959795183,0.909090909090909,0.00758581452683482,7080,38,0.04,0.00536723163841808,1.05263157894737,0.00564971751412429
"62","529b45adb160f3ad1b6c17b002f965d1","o13=1.9","Learning",0,"Aol",1.9,"o5=1.9","LearningExperiment",0.6463,4121,170,0.3025,0.0412521232710507,1.77941176470588,0.0734045134676049,409,18,0.0296,0.0440097799511002,1.64444444444444,0.0723716381418093
"63","529b45adb160f3ad1b6c17b002f965d1","o24=0.7","Learning",0,"Aol",0.7,"o4=0.7","LearningExperiment",0.6463,3662,662,0.5418,0.180775532495904,0.818429003021148,0.14795193883124,363,34,0.0227,0.09366391184573,0.667647058823529,0.062534435261708
"64","529b45adb160f3ad1b6c17b002f965d1","o27=1.3:o19=1.1","Learning",0,"Aol",1.3,"o6=1.3:o8=1.1","LearningExperiment",0.6463,3771,340,0.4816,0.0901617608061522,1.41647058823529,0.12771148236542,346,19,0.0214,0.0549132947976879,1.12631578947368,0.061849710982659
"65","529b45adb160f3ad1b6c17b002f965d1","o27=1.3:o19=1.1","Learning",1,"Aol",1.1,"o6=1.3:o8=1.1","LearningExperiment",0.6463,3603,207,0.2033,0.0574521232306411,0.982125603864734,0.0564252012212045,324,11,0.0105,0.0339506172839506,0.954545454545455,0.0324074074074074
"66","529b45adb160f3ad1b6c17b002f965d1","p12=1.3:p9=1.1","Learning",0,"Pubmatic",1.3,"p22=1.3:p31=1.1","LearningExperiment",0.6463,4419,438,0.567,0.0991174473862865,1.29452054794521,0.128309572301426,2873,254,0.333,0.0884093282283328,1.31102362204724,0.115906717716672
"67","529b45adb160f3ad1b6c17b002f965d1","p12=1.3:p9=1.1","Learning",1,"Pubmatic",1.1,"p22=1.3:p31=1.1","LearningExperiment",0.6463,3502,187,0.189,0.0533980582524272,1.01069518716578,0.0539691604797259,2448,102,0.108,0.0416666666666667,1.05882352941176,0.0441176470588235
"68","529b45adb160f3ad1b6c17b002f965d1","p16=0.7","Learning",0,"Pubmatic",0.7,"p6=0.7","LearningExperiment",0.6463,5810,977,0.774,0.16815834767642,0.792221084953941,0.133218588640275,3813,636,0.513,0.166797797010228,0.806603773584906,0.134539732494099
"69","529b45adb160f3ad1b6c17b002f965d1","p25=1.30:p34=1.30:p27=1.00:t27=0.90","BestChain",0,"Pubmatic",1.3,"p21=1.3:p18=1.3:p32=1:t17=0.9:t14=0.9","ExperimentClone",0.6463,63222,6228,7.857,0.0985100123374775,1.26156069364162,0.124276359495112,9556,989,1.242,0.103495186270406,1.25581395348837,0.129970699037254
"70","529b45adb160f3ad1b6c17b002f965d1","p25=1.30:p34=1.30:p27=1.00:t27=0.90","BestChain",1,"Pubmatic",1.3,"p21=1.3:p18=1.3:p32=1:t17=0.9:t14=0.9","ExperimentClone",0.6463,48447,1833,2.196,0.0378351600718311,1.19803600654664,0.0453278840795096,7317,350,0.423,0.04783381167145,1.20857142857143,0.0578105781057811
"71","529b45adb160f3ad1b6c17b002f965d1","p25=1.30:p34=1.30:p27=1.00:t27=0.90","BestChain",2,"Pubmatic",1,"p21=1.3:p18=1.3:p32=1:t17=0.9:t14=0.9","ExperimentClone",0.6463,43144,2271,2.115,0.0526376784720935,0.931307793923382,0.0490218802150936,6987,330,0.306,0.047230571060541,0.927272727272727,0.0437956204379562
"72","529b45adb160f3ad1b6c17b002f965d1","p25=1.30:p34=1.30:p27=1.00:t27=0.90","BestChain",3,"PulsePoint",0.9,"p21=1.3:p18=1.3:p32=1:t17=0.9:t14=0.9","ExperimentClone",0.6463,43214,1058,0.95,0.0244828064978942,0.897920604914934,0.0219836164206044,7412,129,0.12,0.0174042093901781,0.930232558139535,0.0161899622234215
"73","529b45adb160f3ad1b6c17b002f965d1","p7=1.9","Learning",0,"Pubmatic",1.9,"p30=1.9","LearningExperiment",0.6463,4705,323,0.567,0.0686503719447396,1.75541795665635,0.120510095642933,3103,240,0.414,0.0773445053174347,1.725,0.133419271672575
"74","5af6afe59f7bbb77b82fff5d388f8073","p12=0.01:p22=0.01:p19=0.01:p23=0.01:p18=0.01","BestChain",0,"Pubmatic",0.01,"p34=0.01:p39=0.01:p32=0.01:p38=0.01","ExperimentClone",0.0201,1341713,0,0,0,NA,NA,502,0,0,0,NA,NA
"75","5af6afe59f7bbb77b82fff5d388f8073","p12=0.01:p22=0.01:p19=0.01:p23=0.01:p18=0.01","BestChain",1,"Pubmatic",0.01,"p34=0.01:p39=0.01:p32=0.01:p38=0.01","ExperimentClone",0.0201,1168043,0,0,0,NA,NA,426,0,0,0,NA,NA
"76","5af6afe59f7bbb77b82fff5d388f8073","p12=0.01:p22=0.01:p19=0.01:p23=0.01:p18=0.01","BestChain",2,"Pubmatic",0.01,"p34=0.01:p39=0.01:p32=0.01:p38=0.01","ExperimentClone",0.0201,1072548,0,0,0,NA,NA,364,0,0,0,NA,NA
"77","5af6afe59f7bbb77b82fff5d388f8073","p12=0.01:p22=0.01:p19=0.01:p23=0.01:p18=0.01","BestChain",3,"Pubmatic",0.01,"p34=0.01:p39=0.01:p32=0.01:p38=0.01","ExperimentClone",0.0201,1069096,3,0,2.80610908655537e-06,0,0,316,0,0,0,NA,NA
"78","5af6afe59f7bbb77b82fff5d388f8073","p2=0.01","Learning",0,"Pubmatic",0.01,"p31=0.01","LearningExperiment",0.0201,8773,0,0,0,NA,NA,2980,0,0,0,NA,NA
"79","5af6afe59f7bbb77b82fff5d388f8073","p43=1","Learning",0,"Pubmatic",1,"p3=1","LearningExperiment",0.0201,4827,0,0,0,NA,NA,6373,0,0,0,NA,NA
"80","5af6afe59f7bbb77b82fff5d388f8073","p44=0.4:p45=0.2","Learning",0,"Pubmatic",0.4,"p4=0.4:p5=0.2","LearningExperiment",0.0201,4250,0,0,0,NA,NA,5882,0,0,0,NA,NA
"81","5af6afe59f7bbb77b82fff5d388f8073","p44=0.4:p45=0.2","Learning",1,"Pubmatic",0.2,"p4=0.4:p5=0.2","LearningExperiment",0.0201,3614,0,0,0,NA,NA,5183,0,0,0,NA,NA
"82","5b51ba18a5400094665c83330830c5d9","o1=0.01","Learning",0,"Aol",0.01,"o27=0.01","LearningExperiment",0.4679,3142,2975,0.1892,0.946849140674729,0.0635966386554622,0.0602164226607256,1093,343,0.0172,0.313815187557182,0.0501457725947522,0.015736505032022
"83","5b51ba18a5400094665c83330830c5d9","o10=0.45:o7=0.25","Learning",0,"Aol",0.45,"o19=0.45:o15=0.25","LearningExperiment",0.4679,4681,242,0.1032,0.0516983550523392,0.426446280991736,0.0220465712454604,328,17,0.0086,0.0518292682926829,0.505882352941176,0.026219512195122
"84","5b51ba18a5400094665c83330830c5d9","o10=0.45:o7=0.25","Learning",1,"Aol",0.25,"o19=0.45:o15=0.25","LearningExperiment",0.4679,4425,231,0.0602,0.0522033898305085,0.260606060606061,0.0136045197740113,304,20,0,0.0657894736842105,0,0
"85","5b51ba18a5400094665c83330830c5d9","o5=1.05","Learning",0,"Aol",1.05,"o21=1.05","LearningExperiment",0.4679,3934,91,0.086,0.0231316725978648,0.945054945054945,0.0218607015760041,195,9,0.0086,0.0461538461538462,0.955555555555555,0.0441025641025641
"86","5b51ba18a5400094665c83330830c5d9","p44=0.25:p36=0.25:p38=0.15:p26=0.05","Baseline",0,"Pubmatic",0.25,"p37=0.25:p40=0.25:p27=0.15:p29=0.05:p24=0.05","ExperimentClone",0.4679,19166,1281,0.567,0.0668371073776479,0.442622950819672,0.0295836376917458,3000,280,0.117,0.0933333333333333,0.417857142857143,0.039
"87","5b51ba18a5400094665c83330830c5d9","p44=0.25:p36=0.25:p38=0.15:p26=0.05","Baseline",1,"Pubmatic",0.25,"p37=0.25:p40=0.25:p27=0.15:p29=0.05:p24=0.05","ExperimentClone",0.4679,17308,401,0.135,0.0231684770048532,0.336658354114713,0.00779986133579847,2359,97,0.027,0.0411191182704536,0.278350515463917,0.0114455277660025
"88","5b51ba18a5400094665c83330830c5d9","p44=0.25:p36=0.25:p38=0.15:p26=0.05","Baseline",2,"Pubmatic",0.15,"p37=0.25:p40=0.25:p27=0.15:p29=0.05:p24=0.05","ExperimentClone",0.4679,16779,370,0.072,0.0220513737409858,0.194594594594595,0.00429107813338101,2057,94,0.027,0.0456976178901313,0.287234042553191,0.0131259115216334
"89","5b51ba18a5400094665c83330830c5d9","p44=0.25:p36=0.25:p38=0.15:p26=0.05","Baseline",3,"Pubmatic",0.05,"p37=0.25:p40=0.25:p27=0.15:p29=0.05:p24=0.05","ExperimentClone",0.4679,16496,723,0.081,0.0438288069835112,0.112033195020747,0.00491028128031038,1947,179,0.027,0.0919363122752953,0.150837988826816,0.0138674884437596
"90","5b51ba18a5400094665c83330830c5d9","p5=0.01","Learning",0,"Pubmatic",0.01,"p41=0.01","LearningExperiment",0.4679,9070,5129,0.459,0.565490628445425,0.0894911288750244,0.050606394707828,2196,1573,0.117,0.716302367941712,0.0743801652892562,0.0532786885245902
"91","5b51ba18a5400094665c83330830c5d9","p6=1.05","Learning",0,"Pubmatic",1.05,"p42=1.05","LearningExperiment",0.4679,9938,220,0.243,0.0221372509559267,1.10454545454545,0.0244515999195009,2457,56,0.063,0.0227920227920228,1.125,0.0256410256410256
"92","5b51ba18a5400094665c83330830c5d9","p7=0.45:p8=0.25","Learning",0,"Pubmatic",0.45,"p43=0.45:p39=0.25","LearningExperiment",0.4679,9279,519,0.333,0.0559327513740705,0.641618497109827,0.0358874878758487,2362,118,0.072,0.0499576629974598,0.610169491525424,0.0304826418289585
"93","5b51ba18a5400094665c83330830c5d9","p7=0.45:p8=0.25","Learning",1,"Pubmatic",0.25,"p43=0.45:p39=0.25","LearningExperiment",0.4679,8009,403,0.126,0.0503183918092146,0.312655086848635,0.0157323011611937,2024,79,0.018,0.0390316205533597,0.227848101265823,0.00889328063241107
"94","702cf021b8ace6f8cc306ecb0c5c8ff3","o12=1","Learning",0,"Aol",1,"o52=1","LearningExperiment",0.6218,72303,3164,2.8628,0.0437602865717882,0.90480404551201,0.0395944843229188,3848,282,0.2666,0.0732848232848233,0.945390070921986,0.0692827442827443
"95","702cf021b8ace6f8cc306ecb0c5c8ff3","o13=0.4:o7=0.2","Learning",0,"Aol",0.4,"o38=0.4:o42=0.2","LearningExperiment",0.6218,65446,6019,2.3491,0.0919689515020017,0.390280777537797,0.0358937139015371,5202,542,0.2092,0.104190695886198,0.385977859778598,0.0402153018069973
"96","702cf021b8ace6f8cc306ecb0c5c8ff3","o13=0.4:o7=0.2","Learning",1,"Aol",0.2,"o38=0.4:o42=0.2","LearningExperiment",0.6218,57910,4566,0.896,0.0788464859264376,0.196233026719229,0.0154722845795199,14629,660,0.1282,0.0451158657461207,0.194242424242424,0.00876341513432224
"97","702cf021b8ace6f8cc306ecb0c5c8ff3","o45=0.01","Learning",0,"Aol",0.01,"o47=0.01","LearningExperiment",0.6218,54115,32344,1.2923,0.597690104407281,0.0399548602522879,0.0238806245957683,3903,2951,0.1425,0.756085062772227,0.0482887156895967,0.036510376633359
"98","702cf021b8ace6f8cc306ecb0c5c8ff3","p20=0.10:p30=0.10:p26=0.01","BestChain",0,"Pubmatic",0.1,"p14=0.1:p47=0.1:p22=0.01:p19=0.01","ExperimentClone",0.6218,48050592,860840,168.624,0.0179152839573756,0.195883090934436,0.00350930119653885,412919,89356,13.491,0.216400795313367,0.150980348269842,0.0326722674422829
"99","702cf021b8ace6f8cc306ecb0c5c8ff3","p20=0.10:p30=0.10:p26=0.01","BestChain",1,"Pubmatic",0.1,"p14=0.1:p47=0.1:p22=0.01:p19=0.01","ExperimentClone",0.6218,40111290,0,0,0,NA,NA,262362,0,0,0,NA,NA
"100","702cf021b8ace6f8cc306ecb0c5c8ff3","p20=0.10:p30=0.10:p26=0.01","BestChain",2,"Pubmatic",0.01,"p14=0.1:p47=0.1:p22=0.01:p19=0.01","ExperimentClone",0.6218,38207217,0,0,0,NA,NA,299435,161289,8.388,0.538644447041929,0.0520060264494169,0.0280127573596941
"101","702cf021b8ace6f8cc306ecb0c5c8ff3","p33=0.01","Learning",0,"Pubmatic",0.01,"p13=0.01","LearningExperiment",0.6218,112117,0,0,0,NA,NA,49730,32184,2.394,0.647174743615524,0.0743847874720358,0.04813995576111
"102","702cf021b8ace6f8cc306ecb0c5c8ff3","p4=1","Learning",0,"Pubmatic",1,"p52=1","LearningExperiment",0.6218,66535,920,0.918,0.0138273089351469,0.997826086956522,0.0137972495678966,37011,0,0,0,NA,NA
"103","702cf021b8ace6f8cc306ecb0c5c8ff3","p6=0.4:p7=0.2","Learning",0,"Pubmatic",0.4,"p53=0.4:p51=0.2","LearningExperiment",0.6218,112353,2964,1.485,0.0263811380203466,0.501012145748988,0.0132172705668741,47283,0,0,0,NA,NA
"104","702cf021b8ace6f8cc306ecb0c5c8ff3","p6=0.4:p7=0.2","Learning",1,"Pubmatic",0.2,"p53=0.4:p51=0.2","LearningExperiment",0.6218,95499,3048,0.819,0.0319165645713568,0.268700787401575,0.00857600603147677,42428,0,0,0,NA,NA
"105","8840fe7e1463f84b96938b2c0ddbf2d6","o4=0.15","Learning",0,"Aol",0.15,"o3=0.15","LearningExperiment",0.476,2668,1738,0.3612,0.651424287856072,0.207825086306099,0.135382308845577,1739,929,0.1376,0.53421506612996,0.148116254036598,0.0791259344450834
"106","8840fe7e1463f84b96938b2c0ddbf2d6","o6=0.65:o14=0.45","Learning",0,"Aol",0.65,"o5=0.65:o25=0.45","LearningExperiment",0.476,2505,332,0.2064,0.132534930139721,0.621686746987952,0.0823952095808383,1701,82,0.0602,0.048206937095826,0.734146341463415,0.0353909465020576
"107","8840fe7e1463f84b96938b2c0ddbf2d6","o6=0.65:o14=0.45","Learning",1,"Aol",0.45,"o5=0.65:o25=0.45","LearningExperiment",0.476,2012,256,0.1204,0.127236580516899,0.4703125,0.0598409542743539,1618,92,0.0344,0.0568603213844252,0.373913043478261,0.0212608158220025
"108","8840fe7e1463f84b96938b2c0ddbf2d6","o8=1.25","Learning",0,"Aol",1.25,"o22=1.25","LearningExperiment",0.476,2613,137,0.1462,0.0524301569077688,1.06715328467153,0.0559510141599694,1642,38,0.0344,0.023142509135201,0.905263157894737,0.0209500609013398
"109","8840fe7e1463f84b96938b2c0ddbf2d6","p12=1.25","Learning",0,"Pubmatic",1.25,"p6=1.25","LearningExperiment",0.476,2925,138,0.18,0.0471794871794872,1.30434782608696,0.0615384615384615,2013,56,0.072,0.027819175360159,1.28571428571429,0.0357675111773472
"110","8840fe7e1463f84b96938b2c0ddbf2d6","p13=0.15","Learning",0,"Pubmatic",0.15,"p26=0.15","LearningExperiment",0.476,2752,1246,0.378,0.452761627906977,0.303370786516854,0.137354651162791,2044,628,0.162,0.307240704500978,0.25796178343949,0.0792563600782779
"111","8840fe7e1463f84b96938b2c0ddbf2d6","p16=0.65:p7=0.45","Learning",0,"Pubmatic",0.65,"p29=0.65:p5=0.45","LearningExperiment",0.476,2838,295,0.243,0.103946441155743,0.823728813559322,0.0856236786469345,1836,93,0.072,0.0506535947712418,0.774193548387097,0.0392156862745098
"112","8840fe7e1463f84b96938b2c0ddbf2d6","p16=0.65:p7=0.45","Learning",1,"Pubmatic",0.45,"p29=0.65:p5=0.45","LearningExperiment",0.476,2162,196,0.09,0.0906567992599445,0.459183673469388,0.0416281221091582,1561,88,0.045,0.0563741191543882,0.511363636363636,0.0288276745675849
"113","8840fe7e1463f84b96938b2c0ddbf2d6","p21=0.45:p18=0.40:p23=0.30","BestChain",0,"Pubmatic",0.45,"p27=0.45:p28=0.4:p14=0.3:p24=0.3","ExperimentClone",0.476,39006,5367,3.186,0.137594216274419,0.593627724986026,0.0816797415782187,1410,107,0.063,0.075886524822695,0.588785046728972,0.0446808510638298
"114","8840fe7e1463f84b96938b2c0ddbf2d6","p21=0.45:p18=0.40:p23=0.30","BestChain",1,"Pubmatic",0.4,"p27=0.45:p28=0.4:p14=0.3:p24=0.3","ExperimentClone",0.476,23749,2014,0.927,0.0848035706766601,0.460278053624628,0.0390332224514716,1115,55,0.036,0.0493273542600897,0.654545454545455,0.0322869955156951
"115","8840fe7e1463f84b96938b2c0ddbf2d6","p21=0.45:p18=0.40:p23=0.30","BestChain",2,"Pubmatic",0.3,"p27=0.45:p28=0.4:p14=0.3:p24=0.3","ExperimentClone",0.476,20599,3370,1.08,0.163600174765765,0.320474777448071,0.0524297295985242,1036,62,0.027,0.0598455598455598,0.435483870967742,0.0260617760617761
"116","91f27e5e07f3b8c0f824bb476cac2169","j17=0.75:p26=0.65:t30=0.5:j18=0.4","Baseline",0,"Index",0.75,"j19=0.75:p31=0.65:t10=0.5:j9=0.4:j10=0.4","ExperimentClone",0.5273,7491,303,0.2595,0.0404485382458951,0.856435643564356,0.0346415698838606,1310,83,0.0667,0.0633587786259542,0.803614457831325,0.0509160305343511
"117","91f27e5e07f3b8c0f824bb476cac2169","j17=0.75:p26=0.65:t30=0.5:j18=0.4","Baseline",1,"Pubmatic",0.65,"j19=0.75:p31=0.65:t10=0.5:j9=0.4:j10=0.4","ExperimentClone",0.5273,15099,1083,0.657,0.0717266044108881,0.606648199445983,0.0435128154182396,3163,191,0.135,0.0603857097692065,0.706806282722513,0.0426809990515333
"118","91f27e5e07f3b8c0f824bb476cac2169","j17=0.75:p26=0.65:t30=0.5:j18=0.4","Baseline",2,"PulsePoint",0.5,"j19=0.75:p31=0.65:t10=0.5:j9=0.4:j10=0.4","ExperimentClone",0.5273,9613,482,0.24,0.0501404348278373,0.49792531120332,0.0249661916155207,3067,98,0.05,0.0319530485816759,0.510204081632653,0.0163025758069775
"119","91f27e5e07f3b8c0f824bb476cac2169","j17=0.75:p26=0.65:t30=0.5:j18=0.4","Baseline",3,"Index",0.4,"j19=0.75:p31=0.65:t10=0.5:j9=0.4:j10=0.4","ExperimentClone",0.5273,5403,184,0.0754,0.034055154543772,0.409782608695652,0.0139552100684805,3692,269,0.1156,0.0728602383531961,0.429739776951673,0.0313109425785482
"120","91f27e5e07f3b8c0f824bb476cac2169","o19=1.4","Learning",0,"Aol",1.4,"o16=1.4","LearningExperiment",0.5273,1074,28,0.034,0.0260707635009311,1.21428571428571,0.031657355679702,2814,49,0.0594,0.0174129353233831,1.21224489795918,0.0211087420042644
"121","91f27e5e07f3b8c0f824bb476cac2169","o23=0.2","Learning",0,"Aol",0.2,"o4=0.2","LearningExperiment",0.5273,2015,470,0.172,0.233250620347395,0.365957446808511,0.0853598014888338,495,58,0.0114,0.117171717171717,0.196551724137931,0.023030303030303
"122","91f27e5e07f3b8c0f824bb476cac2169","o6=0.8:o7=0.6","Learning",0,"Aol",0.8,"o15=0.8:o25=0.6","LearningExperiment",0.5273,1035,57,0.0398,0.0550724637681159,0.698245614035088,0.0384541062801932,1929,44,0.0318,0.0228097459823743,0.722727272727273,0.0164852255054432
"123","91f27e5e07f3b8c0f824bb476cac2169","o6=0.8:o7=0.6","Learning",1,"Aol",0.6,"o15=0.8:o25=0.6","LearningExperiment",0.5273,964,40,0.0211,0.04149377593361,0.5275,0.0218879668049793,0,0,0,NA,NA,NA
"124","91f27e5e07f3b8c0f824bb476cac2169","p18=0.8:p24=0.6","Learning",0,"Pubmatic",0.8,"p9=0.8:p7=0.6","LearningExperiment",0.5273,1142,50,0.036,0.0437828371278459,0.72,0.031523642732049,2981,150,0.117,0.0503186850050319,0.78,0.0392485743039249
"125","91f27e5e07f3b8c0f824bb476cac2169","p18=0.8:p24=0.6","Learning",1,"Pubmatic",0.6,"p9=0.8:p7=0.6","LearningExperiment",0.5273,2223,130,0.072,0.0584795321637427,0.553846153846154,0.0323886639676113,2558,113,0.072,0.044175136825645,0.63716814159292,0.0281469898358092
"126","91f27e5e07f3b8c0f824bb476cac2169","p32=1.4","Learning",0,"Pubmatic",1.4,"p5=1.4","LearningExperiment",0.5273,1283,41,0.054,0.0319563522992985,1.31707317073171,0.0420888542478566,4439,137,0.18,0.0308628069384997,1.31386861313869,0.0405496733498536
"127","91f27e5e07f3b8c0f824bb476cac2169","p50=0.2","Learning",0,"Pubmatic",0.2,"p4=0.2","LearningExperiment",0.5273,1382,302,0.081,0.218523878437048,0.268211920529801,0.0586107091172214,4207,1067,0.279,0.253624910862848,0.261480787253983,0.0663180413596387
"128","c58d4f9a96be20887e4142731e5fb85b","p12=1.45","Learning",0,"Pubmatic",1.45,"p16=1.45","LearningExperiment",0.5971,5452,242,0.36,0.0443873807776963,1.48760330578512,0.066030814380044,4190,131,0.189,0.0312649164677804,1.44274809160305,0.0451073985680191
"129","c58d4f9a96be20887e4142731e5fb85b","p14=0.65:t9=0.65:p18=0.6:t27=0.45","Baseline",0,"Pubmatic",0.65,"p26=0.65:t30=0.65:p24=0.6:t31=0.45:t15=0.45","ExperimentClone",0.5971,42233,5178,4.302,0.122605545426562,0.830822711471611,0.101863471692752,6135,385,0.315,0.0627546862265689,0.818181818181818,0.0513447432762836
"130","c58d4f9a96be20887e4142731e5fb85b","p14=0.65:t9=0.65:p18=0.6:t27=0.45","Baseline",1,"PulsePoint",0.65,"p26=0.65:t30=0.65:p24=0.6:t31=0.45:t15=0.45","ExperimentClone",0.5971,33324,3162,2.05,0.0948865682391069,0.648323845667299,0.0615172248229504,5263,38,0.03,0.0072202166064982,0.789473684210526,0.00570017100513015
"131","c58d4f9a96be20887e4142731e5fb85b","p14=0.65:t9=0.65:p18=0.6:t27=0.45","Baseline",2,"Pubmatic",0.6,"p26=0.65:t30=0.65:p24=0.6:t31=0.45:t15=0.45","ExperimentClone",0.5971,30094,1278,0.801,0.0424669369309497,0.626760563380282,0.0266166013158769,5019,165,0.117,0.0328750747160789,0.709090909090909,0.0233114166168559
"132","c58d4f9a96be20887e4142731e5fb85b","p14=0.65:t9=0.65:p18=0.6:t27=0.45","Baseline",3,"PulsePoint",0.45,"p26=0.65:t30=0.65:p24=0.6:t31=0.45:t15=0.45","ExperimentClone",0.5971,27887,1312,0.59,0.0470470111521497,0.44969512195122,0.0211568114175064,4830,18,0,0.00372670807453416,0,0
"133","c58d4f9a96be20887e4142731e5fb85b","p23=0.85:p22=0.65","Learning",0,"Pubmatic",0.85,"p13=0.85:p4=0.65","LearningExperiment",0.5971,6293,636,0.63,0.101064675035754,0.990566037735849,0.100111234705228,2969,136,0.126,0.0458066689120916,0.926470588235294,0.0424385314920849
"134","c58d4f9a96be20887e4142731e5fb85b","p23=0.85:p22=0.65","Learning",1,"Pubmatic",0.65,"p13=0.85:p4=0.65","LearningExperiment",0.5971,5319,291,0.207,0.0547095318668923,0.711340206185567,0.038917089678511,3185,103,0.072,0.0323390894819466,0.699029126213592,0.0226059654631083
"135","c58d4f9a96be20887e4142731e5fb85b","p6=0.25","Learning",0,"Pubmatic",0.25,"p19=0.25","LearningExperiment",0.5971,6822,2007,0.855,0.294195250659631,0.426008968609865,0.12532981530343,4058,708,0.306,0.17447018235584,0.432203389830508,0.0754066042385411
"136","c58d4f9a96be20887e4142731e5fb85b","t1=1.45","Learning",0,"PulsePoint",1.45,"t23=1.45","LearningExperiment",0.5971,4972,459,0.66,0.0923169750603379,1.43790849673203,0.132743362831858,3979,100,0.15,0.0251319426991706,1.5,0.037697914048756
"137","c58d4f9a96be20887e4142731e5fb85b","t19=0.85:t14=0.65","Learning",0,"PulsePoint",0.85,"t26=0.85:t25=0.65","LearningExperiment",0.5971,6066,790,0.68,0.130234091658424,0.860759493670886,0.112100230794593,2859,36,0.03,0.012591815320042,0.833333333333333,0.0104931794333683
"138","c58d4f9a96be20887e4142731e5fb85b","t19=0.85:t14=0.65","Learning",1,"PulsePoint",0.65,"t26=0.85:t25=0.65","LearningExperiment",0.5971,4385,195,0.13,0.0444697833523375,0.666666666666667,0.0296465222348917,3619,44,0.04,0.0121580547112462,0.909090909090909,0.0110527770102238
"139","c58d4f9a96be20887e4142731e5fb85b","t6=0.25","Learning",0,"PulsePoint",0.25,"t28=0.25","LearningExperiment",0.5971,5118,1259,0.32,0.245994529112935,0.254169976171565,0.0625244236029699,3754,340,0.08,0.0905700586041556,0.235294117647059,0.0213106020245072
"140","c5a6136df6d3e5c6d9c55f0b307d54e9","o13=0.01","Learning",0,"Aol",0.01,"o4=0.01","LearningExperiment",0.4738,41826,7036,0.3182,0.168220723951609,0.045224559408755,0.00760770812413331,843,405,0.0172,0.480427046263345,0.0424691358024691,0.0204033214709371
"141","c5a6136df6d3e5c6d9c55f0b307d54e9","o18=0.4:o7=0.2","Learning",0,"Aol",0.4,"o9=0.4:o19=0.2","LearningExperiment",0.4738,2935,500,0.2408,0.170357751277683,0.4816,0.0820442930153322,827,49,0.0344,0.0592503022974607,0.702040816326531,0.041596130592503
"142","c5a6136df6d3e5c6d9c55f0b307d54e9","o18=0.4:o7=0.2","Learning",1,"Aol",0.2,"o9=0.4:o19=0.2","LearningExperiment",0.4738,3034,229,0.0516,0.0754779169413316,0.225327510917031,0.0170072511535926,154,3,0,0.0194805194805195,0,0
"143","c5a6136df6d3e5c6d9c55f0b307d54e9","o20=1","Learning",0,"Aol",1,"o5=1","LearningExperiment",0.4738,9799,404,0.387,0.0412286968057965,0.957920792079208,0.0394938259006021,810,17,0.0086,0.0209876543209877,0.505882352941176,0.0106172839506173
"144","c5a6136df6d3e5c6d9c55f0b307d54e9","p1=0.01","Learning",0,"Pubmatic",0.01,"p23=0.01","LearningExperiment",0.4738,5162,2578,0.216,0.499418829910887,0.0837858805275407,0.0418442464161178,6206,1855,0.153,0.29890428617467,0.0824797843665768,0.0246535610699323
"145","c5a6136df6d3e5c6d9c55f0b307d54e9","p5=1","Learning",0,"Pubmatic",1,"p16=1","LearningExperiment",0.4738,10573,170,0.162,0.0160786910053911,0.952941176470588,0.0153220467227844,15751,441,0.432,0.0279982223350898,0.979591836734694,0.027426830042537
"146","c5a6136df6d3e5c6d9c55f0b307d54e9","p9=0.4:p8=0.2","Learning",0,"Pubmatic",0.4,"p24=0.4:p19=0.2","LearningExperiment",0.4738,10394,324,0.18,0.0311718299018665,0.555555555555556,0.0173176832788147,2699,49,0.018,0.0181548721748796,0.36734693877551,0.00666913671730271
"147","c5a6136df6d3e5c6d9c55f0b307d54e9","p9=0.4:p8=0.2","Learning",1,"Pubmatic",0.2,"p24=0.4:p19=0.2","LearningExperiment",0.4738,9249,384,0.108,0.0415180019461563,0.28125,0.0116769380473565,3023,160,0.045,0.0529275554085346,0.28125,0.0148858749586503
"148","c5a6136df6d3e5c6d9c55f0b307d54e9","t14=0.20:p14=0.20:t15=0.10:p4=0.01","BestChain",0,"PulsePoint",0.2,"t13=0.2:p17=0.2:t9=0.1:p12=0.01:p18=0.01","ExperimentClone",0.4738,1072120,22613,4.52,0.0210918553893221,0.199885021890063,0.00421594597619669,17701,1985,0.4,0.112140557030676,0.201511335012594,0.0225975933563076
"149","c5a6136df6d3e5c6d9c55f0b307d54e9","t14=0.20:p14=0.20:t15=0.10:p4=0.01","BestChain",1,"Pubmatic",0.2,"t13=0.2:p17=0.2:t9=0.1:p12=0.01:p18=0.01","ExperimentClone",0.4738,1214474,22555,6.183,0.0185718261568383,0.274129904677455,0.00509109293406034,7322,508,0.153,0.0693799508331057,0.301181102362205,0.0208959300737503
"150","c5a6136df6d3e5c6d9c55f0b307d54e9","t14=0.20:p14=0.20:t15=0.10:p4=0.01","BestChain",2,"PulsePoint",0.1,"t13=0.2:p17=0.2:t9=0.1:p12=0.01:p18=0.01","ExperimentClone",0.4738,988648,10850,1.09,0.0109745834715693,0.100460829493088,0.00110251575889498,14863,848,0.08,0.0570544304649129,0.0943396226415094,0.00538249344008612
"151","c5a6136df6d3e5c6d9c55f0b307d54e9","t14=0.20:p14=0.20:t15=0.10:p4=0.01","BestChain",3,"Pubmatic",0.01,"t13=0.2:p17=0.2:t9=0.1:p12=0.01:p18=0.01","ExperimentClone",0.4738,1169129,99005,3.609,0.0846826996849792,0.0364527044088682,0.0030869134201615,50769,10685,1.152,0.210463077862475,0.107814693495555,0.0226910122318738
"152","cbfd0f7b2f0c9a88093862f041c72407","e10=0.55:p46=0.45:p40=0.45:e18=0.40","BestChain",0,"OpenX",0.55,"e35=0.55:p21=0.45:p19=0.45:e28=0.4:e36=0.4","ExperimentClone",0.5164,3982242,147843,108.6859,0.0371255689634131,0.735144037932131,0.0272926406782913,5484,152,0.1004,0.0277169948942378,0.660526315789474,0.0183078045222465
"153","cbfd0f7b2f0c9a88093862f041c72407","e10=0.55:p46=0.45:p40=0.45:e18=0.40","BestChain",1,"Pubmatic",0.45,"e35=0.55:p21=0.45:p19=0.45:e28=0.4:e36=0.4","ExperimentClone",0.5164,3259234,95353,43.704,0.0292562608269305,0.458339013979634,0.0134092857401463,4525,128,0.054,0.0282872928176796,0.421875,0.0119337016574586
"154","cbfd0f7b2f0c9a88093862f041c72407","e10=0.55:p46=0.45:p40=0.45:e18=0.40","BestChain",2,"Pubmatic",0.45,"e35=0.55:p21=0.45:p19=0.45:e28=0.4:e36=0.4","ExperimentClone",0.5164,2689300,17686,7.758,0.00657643252891087,0.438652041162501,0.00288476555237422,19603,805,0.351,0.0410651430903433,0.436024844720497,0.0179054226393919
"155","cbfd0f7b2f0c9a88093862f041c72407","e10=0.55:p46=0.45:p40=0.45:e18=0.40","BestChain",3,"OpenX",0.4,"e35=0.55:p21=0.45:p19=0.45:e28=0.4:e36=0.4","ExperimentClone",0.5164,2894051,74017,34.5035,0.0255755686406356,0.466156423524326,0.0119222156071196,6216,207,0.0948,0.0333011583011583,0.457971014492754,0.0152509652509653
"156","cbfd0f7b2f0c9a88093862f041c72407","e19=1.4","Learning",0,"OpenX",1.4,"e30=1.4","LearningExperiment",0.5164,5398,67,0.1162,0.0124120044460911,1.73432835820896,0.0215264912930715,571,4,0.0056,0.00700525394045534,1.4,0.00980735551663748
"157","cbfd0f7b2f0c9a88093862f041c72407","e25=0.8:e20=0.6","Learning",0,"OpenX",0.8,"e15=0.8:e34=0.6","LearningExperiment",0.5164,1086,20,0.0222,0.0184162062615101,1.11,0.0204419889502762,4604,141,0.1479,0.0306255430060817,1.04893617021277,0.0321242397914857
"158","cbfd0f7b2f0c9a88093862f041c72407","e25=0.8:e20=0.6","Learning",1,"OpenX",0.6,"e15=0.8:e34=0.6","LearningExperiment",0.5164,4445,86,0.0575,0.019347581552306,0.668604651162791,0.0129358830146232,41919,1659,1.3315,0.03957632577113,0.802591922845088,0.0317636393997948
"159","cbfd0f7b2f0c9a88093862f041c72407","e5=0.2","Learning",0,"OpenX",0.2,"e3=0.2","LearningExperiment",0.5164,5872,1201,0.2964,0.204529972752044,0.246794338051624,0.0504768392370572,555,51,0.013,0.0918918918918919,0.254901960784314,0.0234234234234234
"160","cbfd0f7b2f0c9a88093862f041c72407","o2=0.2","Learning",0,"Aol",0.2,"o7=0.2","LearningExperiment",0.5164,2576,355,0.0732,0.137810559006211,0.206197183098592,0.028416149068323,2750,425,0.0869,0.154545454545455,0.204470588235294,0.0316
"161","cbfd0f7b2f0c9a88093862f041c72407","o3=0.8:o21=0.6","Learning",0,"Aol",0.8,"o1=0.8:o15=0.6","LearningExperiment",0.5164,3294,115,0.0973,0.0349119611414693,0.846086956521739,0.029538554948391,45,5,0.0035,0.111111111111111,0.7,0.0777777777777778
"162","cbfd0f7b2f0c9a88093862f041c72407","o3=0.8:o21=0.6","Learning",1,"Aol",0.6,"o1=0.8:o15=0.6","LearningExperiment",0.5164,496,9,0,0.0181451612903226,0,0,2315,60,0.0344,0.0259179265658747,0.573333333333333,0.0148596112311015
"163","cbfd0f7b2f0c9a88093862f041c72407","o8=1.4","Learning",0,"Aol",1.4,"o16=1.4","LearningExperiment",0.5164,3574,50,0.0611,0.0139899272523783,1.222,0.0170956911024063,2135,35,0.0688,0.0163934426229508,1.96571428571429,0.0322248243559719
"164","cd78514b72055715be33a8812d38def6","p1=0.35:t5=0.35:p23=0.35:p8=0.35","BestChain",0,"Pubmatic",0.35,"p28=0.35:t36=0.35:p27=0.35:p29=0.35:p25=0.35","ExperimentClone",0.4601,328009,34698,18.828,0.105783682764802,0.542624935154764,0.0574008640006829,417,67,0.045,0.160671462829736,0.671641791044776,0.107913669064748
"165","cd78514b72055715be33a8812d38def6","p1=0.35:t5=0.35:p23=0.35:p8=0.35","BestChain",1,"PulsePoint",0.35,"p28=0.35:t36=0.35:p27=0.35:p29=0.35:p25=0.35","ExperimentClone",0.4601,267532,9963,3.49,0.0372404048861445,0.350296095553548,0.0130451684284497,319,112,0.04,0.351097178683386,0.357142857142857,0.125391849529781
"166","cd78514b72055715be33a8812d38def6","p1=0.35:t5=0.35:p23=0.35:p8=0.35","BestChain",2,"Pubmatic",0.35,"p28=0.35:t36=0.35:p27=0.35:p29=0.35:p25=0.35","ExperimentClone",0.4601,253252,5939,2.331,0.0234509500418555,0.392490318235393,0.00920427084485019,174,8,0,0.0459770114942529,0,0
"167","cd78514b72055715be33a8812d38def6","p1=0.35:t5=0.35:p23=0.35:p8=0.35","BestChain",3,"Pubmatic",0.35,"p28=0.35:t36=0.35:p27=0.35:p29=0.35:p25=0.35","ExperimentClone",0.4601,247350,3169,1.161,0.0128118051344249,0.366361628273903,0.00469375379017586,157,3,0,0.0191082802547771,0,0
"168","cd78514b72055715be33a8812d38def6","p31=0.15","Learning",0,"Pubmatic",0.15,"p6=0.15","LearningExperiment",0.4601,733,291,0.135,0.39699863574352,0.463917525773196,0.184174624829468,5310,916,0.288,0.172504708097928,0.314410480349345,0.0542372881355932
"169","cd78514b72055715be33a8812d38def6","p32=1.3","Learning",0,"Pubmatic",1.3,"p10=1.3","LearningExperiment",0.4601,787,73,0.099,0.0927573062261754,1.35616438356164,0.12579415501906,5765,199,0.27,0.0345186470078057,1.35678391959799,0.0468343451864701
"170","cd78514b72055715be33a8812d38def6","p33=0.7:p26=0.5","Learning",0,"Pubmatic",0.7,"p17=0.7:p15=0.5","LearningExperiment",0.4601,619,121,0.108,0.195476575121163,0.892561983471074,0.174474959612278,4859,255,0.207,0.0524799341428277,0.811764705882353,0.0426013583041778
"171","cd78514b72055715be33a8812d38def6","p33=0.7:p26=0.5","Learning",1,"Pubmatic",0.5,"p17=0.7:p15=0.5","LearningExperiment",0.4601,5433,84,0.045,0.0154610712313639,0.535714285714286,0.0082827167310878,4368,127,0.072,0.0290750915750916,0.566929133858268,0.0164835164835165
"172","cd78514b72055715be33a8812d38def6","t27=0.7:t1=0.5","Learning",0,"PulsePoint",0.7,"t23=0.7:t21=0.5","LearningExperiment",0.4601,4022,190,0.13,0.0472401790154152,0.684210526315789,0.0323222277473894,553,91,0.06,0.164556962025316,0.659340659340659,0.108499095840868
"173","cd78514b72055715be33a8812d38def6","t27=0.7:t1=0.5","Learning",1,"PulsePoint",0.5,"t23=0.7:t21=0.5","LearningExperiment",0.4601,3781,86,0.05,0.0227453054747421,0.581395348837209,0.0132240148108966,5960,50,0.04,0.00838926174496644,0.8,0.00671140939597316
"174","cd78514b72055715be33a8812d38def6","t38=0.15","Learning",0,"PulsePoint",0.15,"t18=0.15","LearningExperiment",0.4601,609,367,0.06,0.602627257799672,0.163487738419619,0.0985221674876847,4879,530,0.08,0.108628817380611,0.150943396226415,0.0163968026234884
"175","cd78514b72055715be33a8812d38def6","t40=1.3","Learning",0,"PulsePoint",1.3,"t2=1.3","LearningExperiment",0.4601,637,153,0.2,0.240188383045526,1.30718954248366,0.313971742543171,5054,183,0.23,0.0362089434111595,1.2568306010929,0.0455085081123862
"176","de5d1317b63528fa12454589a916b50c","p11=0.65:p8=0.45","Learning",0,"Pubmatic",0.65,"p15=0.65:p10=0.45","LearningExperiment",0.5984,1423,272,0.243,0.191145467322558,0.893382352941177,0.170765987350668,1557,299,0.252,0.192035966602441,0.842809364548495,0.161849710982659
"177","de5d1317b63528fa12454589a916b50c","p11=0.65:p8=0.45","Learning",1,"Pubmatic",0.45,"p15=0.65:p10=0.45","LearningExperiment",0.5984,1079,107,0.072,0.0991658943466172,0.672897196261682,0.0667284522706209,1431,203,0.135,0.141858839972048,0.665024630541872,0.0943396226415094
"178","de5d1317b63528fa12454589a916b50c","p28=0.15","Learning",0,"Pubmatic",0.15,"p18=0.15","LearningExperiment",0.5984,1143,582,0.306,0.509186351706037,0.525773195876289,0.267716535433071,2220,737,0.378,0.331981981981982,0.512890094979647,0.17027027027027
"179","de5d1317b63528fa12454589a916b50c","p29=1.25","Learning",0,"Pubmatic",1.25,"p17=1.25","LearningExperiment",0.5984,1184,220,0.324,0.185810810810811,1.47272727272727,0.273648648648649,2225,232,0.315,0.104269662921348,1.35775862068966,0.141573033707865
"180","de5d1317b63528fa12454589a916b50c","t1=0.65:t12=0.45","Learning",0,"PulsePoint",0.65,"t11=0.65:t10=0.45","LearningExperiment",0.5984,1459,385,0.25,0.263879369431117,0.649350649350649,0.171350239890336,1334,179,0.12,0.134182908545727,0.670391061452514,0.0899550224887556
"181","de5d1317b63528fa12454589a916b50c","t1=0.65:t12=0.45","Learning",1,"PulsePoint",0.45,"t11=0.65:t10=0.45","LearningExperiment",0.5984,1054,88,0.04,0.0834914611005693,0.454545454545455,0.0379506641366224,1230,121,0.06,0.0983739837398374,0.495867768595041,0.0487804878048781
"182","de5d1317b63528fa12454589a916b50c","t21=0.30:t22=0.30:t15=0.30:p6=0.30","BestChain",0,"PulsePoint",0.3,"t32=0.3:t30=0.3:t31=0.3:p26=0.3:p27=0.3","ExperimentClone",0.5984,4462,1546,0.47,0.34648139847602,0.304010349288486,0.105333930972658,733,168,0.05,0.229195088676671,0.297619047619048,0.0682128240109141
"183","de5d1317b63528fa12454589a916b50c","t21=0.30:t22=0.30:t15=0.30:p6=0.30","BestChain",1,"PulsePoint",0.3,"t32=0.3:t30=0.3:t31=0.3:p26=0.3:p27=0.3","ExperimentClone",0.5984,2854,100,0.02,0.0350385423966363,0.2,0.00700770847932726,539,27,0,0.0500927643784787,0,0
"184","de5d1317b63528fa12454589a916b50c","t21=0.30:t22=0.30:t15=0.30:p6=0.30","BestChain",2,"PulsePoint",0.3,"t32=0.3:t30=0.3:t31=0.3:p26=0.3:p27=0.3","ExperimentClone",0.5984,2687,152,0.05,0.0565686639374767,0.328947368421053,0.0186081131373279,495,22,0,0.0444444444444444,0,0
"185","de5d1317b63528fa12454589a916b50c","t21=0.30:t22=0.30:t15=0.30:p6=0.30","BestChain",3,"Pubmatic",0.3,"t32=0.3:t30=0.3:t31=0.3:p26=0.3:p27=0.3","ExperimentClone",0.5984,2490,483,0.207,0.193975903614458,0.428571428571429,0.0831325301204819,417,82,0.045,0.196642685851319,0.548780487804878,0.107913669064748
"186","de5d1317b63528fa12454589a916b50c","t33=0.15","Learning",0,"PulsePoint",0.15,"t5=0.15","LearningExperiment",0.5984,1121,409,0.07,0.364852809991079,0.171149144254279,0.0624442462087422,1847,534,0.08,0.289117487818083,0.149812734082397,0.0433134813210612
"187","de5d1317b63528fa12454589a916b50c","t34=1.25","Learning",0,"PulsePoint",1.25,"t25=1.25","LearningExperiment",0.5984,1144,208,0.25,0.181818181818182,1.20192307692308,0.218531468531469,1847,307,0.39,0.166215484569572,1.27035830618892,0.211153221440173
