0,0.9,204|204
0,0.55,0|0
0.1;0.04;0.01,1.7,200
0,0.5,0
0.86;0.61;0.32;0.3;0.16,0.85,200
0.04,1.7,200
0.11,1.7,200
0,0.55,0|0
0.83;0.44;0.02,0.9,200|200
6.03;3.3;1.79;1.38;1,0.5,200
0,0.55,0|0
1.15;0.04,0.5,200
2.08;1.6;0.84;0.62;0.52,0.55,200|200
0,0.75,0|0|0
0,0.55,0|0
0,1.05,204|204
3.32;2.16;1.26;1.02;0.28,1.1,200
0,0.55,0|0
0.97;0.08;0.02,1.7,200
0,1.7,0
1.56;1.36;1;0.61;0.6,1.1,200
0,0.75,204|204|204
0,0.75,204|204|204
0,0.75,204|204|204
0,0.75,204|204|204
0,0.5,0
2.24;1.05;1.01;0.36;0.36,0.85,200
0.11;0.03,0.75,200|200|200
0,0.55,0|0
0,0.75,0|0|0
0,0.55,0|0
0.83;0.04;0.03,0.9,200|200
1.92;0.97;0.88;0.22;0.04,1.7,200
0.16,0.55,200|200
1.01;0.88;0.81;0.67;0.36,0.85,200
0,0.55,0|0
0,0.55,0|0
1.87;1.49;1.36;0.83;0.6,1.1,200
2.64;0.06,1.4,200
0,0.55,0|0
0,0.9,0|0
1.76;1.49;1.36;1;0.6,1.1,200
4.51;2.4;1.64;1.47;0.65,1.7,200
1.2;0.12;0.11;0.03,1.05,200|200
0,0.55,0|0
2.61;1.6;1.49;1.36;1.02,1.1,200
0.96,0.75,204|200|200
0,0.55,0|0
0,0.55,0|0
0,0.55,0|0
1.5;1.45;0.88;0.8;0.43,0.85,200
4.4;1.68;1.6;1.49;1.08,1.1,200
0,0.9,204|204
1.52;0.44;0.36;0.35;0.31,0.85,200
0,0.55,204|204
4.7,1.4,200
0.8;0.11,0.75,200|200|200
0,0.9,0|0
0,0.55,0|0
2.61;1.49;1.36;1;0.81,1.1,200
0,0.7,0
0.52;0.15;0.04,0.9,200|200
0.18;0.04,0.55,200|200
0,0.55,200|204
0.89;0.84;0.52;0.3;0.2,0.85,200
0,0.55,0|0
0,0.55,0|0
0,0.55,0|0
0,0.55,0|0
0,0.55,0|0
1.24;0.18,0.85,200
0.52;0.15;0.03,0.9,200|200
1.51;0.52;0.34;0.14;0.12,0.9,200|200
1.51;1.01;0.78;0.52;0.15,0.9,200|200
0,0.7,0
0,0.55,200|204
0,0.55,200|204
0,1.7,0
0.47,1.05,204|200
0.2;0.09;0.04;0.02,0.75,200|200|200
0,0.75,0|0|0
3.84,1.7,200
3.84,1.7,200
0,0.55,0|0
0,0.75,0|0|0
1.23;0.02,0.5,200
0,0.9,0|0
1.2;0.36;0.36;0.34;0.24,0.55,200|200
2.19;1.68;1.6;1.49;1.36,1.1,200
1.79;1.38;0.89;0.82;0.8,0.5,200
0,0.55,0|0
0.28;0.11;0.08,0.55,200|200
0.07,0.55,200|200
0,0.55,0|0
0,0.55,0|0
1.49;1;0.6;0.53;0.53,1.1,200
1.81;1.6;0.74;0.6;0.44,1.1,200
8.01;2.33;0.78;0.78;0.75,1.1,200
0.28;0.11;0.08,0.55,200|200
0,0.55,0|0
0.12;0.11;0.04,0.75,200|200|200
0.32;0.27;0.04;0.04;0.01,0.9,200|200
0,0.55,0|0
1.68;1.6;1.36;1.08;0.74,1.1,200
4.4;1.36;1;0.82;0.81,1.1,200
7.01;0.97;0.04;0.01,1.7,200
0.52;0.34;0.32;0.15;0.03,0.9,200|200
0,0.55,204|204
0,0.75,0|0|0
0,0.75,0|0|0
0.26;0.11;0.08,0.55,200|200
0,0.55,0|0
0.4;0.08;0.04;0.02,0.55,200|200
0,0.5,0
0.16,0.55,200|200
0.16,0.55,200|200
0,0.55,0|0
2.42;1.6;1.36;0.74;0.6,1.1,200
1.67;1.6;1.24;1.2;0.9,1.1,200
0,1.7,0
3.32;2.25;1.01;0.54;0.28,0.85,200
0,0.55,204|204
0,0.55,0|0
1.01;0.12;0.04,0.75,200|200|200
0,1.05,200|204
1.4;0.83;0.52;0.18,0.85,200
2;1.45;0.81;0.43;0.25,0.85,200
0.24,1.7,200
0,0.9,0|0
9.21;0.4;0.2;0.14;0.08,0.85,200
3.32;0.89;0.08;0.08;0.06,0.85,200
0.16,0.55,200|200
1.46;0.45;0.43;0.36;0.25,0.85,200
0.35,0.55,200|200
1.6;1.4;0.96;0.8;0.44,0.85,200
0,0.5,0
2.26;0.82;0.8;0.39;0.16,0.85,200
1.05;1;0.47;0.36;0.04,0.85,200
1.84;1.16;0.56;0.42;0.36,0.85,200
1.04;0.23;0.2,0.55,200|200
2;1.04;0.8;0.78;0.42,0.85,200
0,0.55,0|0
43.88;16;9.52;5;4.88,1.4,200
0,0.55,0|0
2.44;0.72;0.45;0.43;0.27,1.4,200
0,0.55,0|0
1.08;0.14,0.85,200
0,0.55,0|0
0,0.55,0|0
0,0.75,0|0|0
0,1.7,0
0.32;0.16;0.16;0.08;0.07,0.9,200|200
0,0.55,0|0
2.4;1.84;1.43;1.43;0.95,0.85,200
1.6;0.82,0.85,200
1.03,0.85,200
4.51;1.6;0.73;0.47;0.15,1.7,200
43.88;16;10;5;1.43,1.4,200
0,0.55,0|0
0,0.75,0|0|0
0,0.5,0
0.26;0.12;0.1,0.55,200|200
0,0.75,0|0|0
0.16,0.55,200|200
4.35;1.19;0.84;0.27;0.2,1.4,200
0,0.5,0
6.84;2.94;2.28;0.85;0.32,0.85,200
4.18;1.03;0.58;0.52;0.24,1.4,200
0,0.5,0
1.37;1.04;0.8;0.55;0.47,0.5,200
0.97;0.04;0.01,1.7,200
0,1.7,0
0.12,0.55,200|200
0,1.35,0
0,0.55,0|0
1.03;0.8;0.28;0.2;0.1,0.75,200|200|200
0.82;0.23;0.16;0.13;0.02,0.9,200|200
0,0.55,0|0
0,0.55,0|0
2.4;0.52;0.14;0.05,1.05,200|200
3.02;2.4;2.2;0.58;0.43,1.4,200
0.23,0.9,200|200
3.2;1.04;0.96;0.57;0.52,0.85,200
3.2;1.04;0.57;0.43;0.32,0.85,200
1.52;1.04;0.44;0.36;0.35,0.85,200
0,0.75,0|0|0
0,0.55,0|0
0,0.75,0|0|0
0.11;0.02,0.75,200|200|200
1.81;0.36;0.36;0.24;0.21,0.85,200
3.08;2;0.8;0.47;0.43,0.85,200
0,0.55,0|0
1.41;1.24;1;0.73;0.43,1.1,200
0,0.55,0|0
0,0.55,0|0
0,0.55,0|0
29.04;0.73;0.36;0.36;0.2,1.1,200
0,0.55,0|0
0.49;0.01,1.7,200
0,0.75,0|0|0
0,0.75,0|0|0
0.12;0.11;0.04;0.03,0.75,200|200|200
0,0.55,0|0
1.45;0.89;0.74;0.56;0.12,1.1,200
0.35;0.17;0.12,0.55,200|200
4.56;4.4;3.17;1.21;1.2,0.85,200
0.89;0.61;0.37;0.08,0.85,200
3.08;0.8;0.48;0.43;0.36,0.85,200
2.2;0.84;0.2;0.04;0.02,0.85,200
0.35;0.17;0.12,0.55,200|200
0.35;0.17;0.11,0.55,200|200
0,0.55,0|0
0,0.55,0|0
0.97;0.08;0.06;0.02,0.85,200
0,0.75,204|204|204
0.16,0.55,200|200
3.08;0.8;0.48;0.43;0.36,0.85,200
0.89;0.75;0.23;0.2;0.01,0.9,200|200
0,0.55,0|0
0,0.9,0|0
0.72;0.08;0.05;0.01,0.75,200|200|200
2.2;0.87;0.03;0.02,0.85,200
0,0.55,204|204
0.86,0.85,200
43.88;16;10;5;4.88,1.4,200
0,0.55,204|204
0,0.75,0|0|0
1.29;0.81;0.8;0.52;0.4,0.5,200
2.9;1.77;0.83;0.32;0.06,0.85,200
0,0.55,0|0
0,0.5,0
0.16,0.55,200|200
2.24;2.11;1.81;0.59;0.49,0.85,200
1.08;0.72;0.04;0.02,1.05,200|200
1.23;1.04;0.57;0.51;0.36,0.85,200
43.88;10;5;2.6;1.43,1.4,200
0,0.75,0|0|0
0,1.7,0
3.81;0.6;0.3;0.25;0.07,1.1,200
0,0.55,0|0
5.92;1.41;1.24;0.89;0.76,1.1,200
0,0.55,0|0
1.4;0.72;0.25;0.14;0.12,1.4,200
1.06;0.72;0.6;0.06,1.05,200|200
0,0.55,0|0
0,0.55,0|0
0.06;0.02,0.55,200|200
0,0.9,200|204
2.4;1.6;1;0.8;0.78,0.85,200
1.6;1.04;0.57;0.43;0.35,0.55,200|200
1;0.78;0.57;0.54;0.44,0.85,200
0,0.55,204|204
0,0.75,0|0|0
0.66;0.16;0.04;0.04;0.02,0.9,200|200
0.74;0.74;0.23;0.2;0.03,0.9,200|200
0,0.5,0
1;0.07,0.55,200|200
0.13,0.55,204|200
0,0.75,0|0|0
0.16,0.55,200|200
0.16;0.06,0.55,200|200
1.41;0.89;0.48;0.2;0.03,1.1,200
0,0.55,0|0
0.14;0.06;0.01,0.75,200|200|200
0.14;0.05,0.75,200|200|200
0.88;0.2;0.04;0.02,0.85,200
0,0.75,0|0|0
0.16,0.55,200|200
0,0.55,0|0
0.89;0.48;0.23;0.2;0.04,0.9,200|200
0,0.75,0|0|0
0.72;0.44;0.08;0.06;0.04,0.5,200
0.04;0.02,0.55,200|200
0,0.55,0|0
0.24,0.5,200
0,1.7,0
0.89;0.71;0.23;0.2,0.9,200|200
0.48;0.23;0.2;0.01,0.9,200|200
2.66;1.5;1;0.89;0.74,0.5,200
3.3;1.31;1.23;0.8;0.47,0.5,200
1.6;0.78;0.44;0.35;0.31,0.85,200
0,0.55,0|0
0.2;0.13;0.02;0.02,0.55,200|200
1.04;0.96;0.57;0.44;0.41,0.85,200
0,0.55,0|0
0.04,0.55,200|200
0,0.55,204|204
0,0.55,0|0
0,0.55,0|0
1.2;1.16;0.48;0.37;0.17,0.85,200
4.51;0.82;0.77;0.73;0.7,1.7,200
0.17;0.08,0.75,200|200|200
0.4;0.13;0.04;0.02;0.01,0.55,200|200
0,0.9,0|0
0,0.55,0|0
0.72;0.08;0.02,0.9,200|200
8;0.68;0.25;0.11,0.55,200|200
0.72;0.12;0.08;0.05,0.75,200|200|200
0,0.5,0
0.57;0.04;0.04;0.01,0.55,200|200
0,0.75,0|0|0
0.04,1.7,200
0.04,0.55,200|200
1.41;1.18;0.48;0.2;0.12,1.1,200
2.4;0.02,0.55,200|200
1.2;0.82;0.81;0.8;0.4,0.5,200
0.72;0.4;0.05,0.75,200|200|200
0,0.9,0|0
0,0.9,0|0
0.01,0.55,204|200
0,0.55,200|204
0,0.55,200|204
0.24;0.14;0.07;0.05,0.9,200|200
0,1.35,0
0,0.55,0|0
0,0.75,204|204|204
0,0.55,0|0
12.28;1.83;1.08;0.6;0.36,0.85,200
0,0.9,0|0
0,0.9,0|0
0.82;0.8;0.14;0.01,0.75,200|200|200
0.04,0.55,200|200
0,0.75,0|0|0
0,0.5,0
2.39;0.8;0.14;0.08,1.35,200
0.48;0.23;0.2,0.9,200|200
0,0.55,0|0
1.45;0.8;0.55;0.2;0.07,0.85,200
0,0.9,0|0
1.66;1.12;0.8;0.43;0.36,1.05,200|200
1.66;0.92;0.52;0.44;0.4,1.4,200
0.92;0.83;0.74;0.43;0.23,0.75,200|200|200
0,0.75,0|0|0
0,0.55,0|0
3.32;1.2;0.67;0.42;0.35,0.85,200
0.72;0.14;0.06,0.75,200|200|200
0.72;0.14;0.05,0.75,200|200|200
0,0.55,0|0
0,0.55,0|0
0,1.35,0
0,0.55,0|0
0.12;0.04;0.02,0.55,200|200
0,0.55,0|0
3.22;0.82;0.5;0.4;0.32,0.55,200|200
4.51;1.6;1.47;1.04;0.88,1.7,200
0.72;0.14;0.05;0.04;0.01,0.75,200|200|200
1.41;0.04;0.02,0.55,200|200
0,0.55,0|0
0.9,0.85,200
0,0.55,200|204
0,0.55,204|204
0,0.55,0|0
0,0.55,0|0
1.6;0.96;0.57;0.36;0.35,0.85,200
0,0.55,204|204
0,0.55,204|204
0,0.55,204|204
0,0.55,204|204
0,0.55,0|0
0.72;0.08;0.01,0.75,200|200|200
0,0.55,0|0
0,0.55,204|204
0.3;0.2;0.05,0.55,200|200
0,1.7,0
1.13;0.82;0.4;0.32;0.28,0.85,200
1.1;0.82;0.8;0.4;0.29,0.5,200
0,0.55,0|0
1.12;1.08;0.8;0.74;0.71,0.5,200
0,0.55,0|0
0,0.55,0|0
0,1.7,0
1.04;0.8;0.6;0.36;0.32,0.85,200
0,0.75,0|0|0
0.56;0.24;0.17;0.05,0.9,200|200
0,1.7,0
0.91;0.8;0.53;0.47;0.09,0.5,200
0,0.55,204|204
0,1.35,0
0,0.7,204
0,0.55,0|0
0.32;0.24;0.13;0.07;0.05,0.9,200|200
0,0.55,0|0
0,0.55,0|0
7.65;2.09;1.6;1.21;1.17,0.85,200
0.72;0.06,0.75,200|200|200
0.08;0.06,0.75,200|200|200
0,0.75,0|0|0
0,0.5,0
1.13;0.4;0.32;0.28;0.24,0.85,200
2.2;0.36;0.36;0.35;0.27,1.05,200|200
1.6;0.23,0.85,200
0,0.55,204|204
0,0.75,0|0|0
0,0.75,0|0|0
0,0.5,0
0,0.9,0|0
0.91;0.8;0.55;0.4;0.29,0.5,200
0,0.75,0|0|0
0,0.5,0
3;1.12;1.07;0.39;0.36,0.85,200
0,0.5,0
0,0.75,0|0|0
1.06;0.44;0.36;0.35;0.25,0.5,200
0,0.9,0|0
0,0.9,204|204
1.61;0.28;0.24;0.22;0.04,0.9,200|200
0,0.55,0|0
0.72;0.14;0.04;0.02;0.01,0.5,200
0,0.55,0|0
2.4;0.44;0.44;0.07;0.05,0.5,200
1.64;1.47;1;0.88;0.83,1.7,200
0,0.55,0|0
0,0.75,0|0|0
0,0.75,0|0|0
0,1.7,0
0,0.5,0
0.72;0.14;0.05,0.75,200|200|200
0.72;0.08;0.06,0.75,200|200|200
0.2;0.12;0.08,1.7,200
0.83;0.33;0.21;0.2,1.7,200
0.22;0.2,1.7,200
0.2;0.08,1.7,200
0,1.7,0
0.8;0.11,0.55,204|200
0,0.75,0|0|0
0,1.7,0
0.54;0.36;0.29;0.28;0.27,0.75,200|200|200
0,0.55,0|0
1.07;0.68;0.65;0.43;0.38,0.85,200
1.41;1.24;0.96;0.8;0.27,1.4,200
0,0.55,0|0
8;2.41;1.6;1.47;1.43,1.7,200
0.72;0.14;0.04,0.75,200|200|200
0.83;0.2;0.14;0.05,0.55,200|200
0.13,1.7,200
0,0.75,0|0|0
0,1.35,0
0,0.55,0|0
0,1.7,0
0,0.75,0|0|0
0,0.75,0|0|0
0,0.9,0|0
12.28;3.22;2.2;1.83;0.33,0.85,200
0.92;0.82;0.8;0.71;0.4,0.5,200
0.3;0.07,0.55,200|200
0,0.75,0|0|0
0.14;0.02,0.55,200|200
0.72;0.08;0.05,0.75,200|200|200
1.29;0.71;0.43;0.08;0.07,0.85,200
0,1.35,204
0,0.75,0|0|0
6.56;1.03;0.83;0.45;0.4,0.85,200
0,0.55,0|0
0,0.55,0|0
3.2;0.72;0.09;0.05;0.04,0.85,200
0.03;0.02,0.55,200|200
0,1.35,204
0,1.35,204
12.28;3.22;1.84;0.42;0.4,0.85,200
0,0.55,0|0
0.92;0.82;0.8;0.71;0.4,0.5,200
0,1.35,204
0.72;0.12;0.08,0.75,200|200|200
0,0.55,0|0
0.12;0.03,0.55,200|200
0.61;0.12,0.55,200|200
2.77;1.5;0.8;0.68;0.6,0.5,200
0,1.35,204
0,1.35,204
0.03,0.7,200
1.2;0.83;0.32;0.29;0.08,0.85,200
0,0.55,0|0
0.29;0.23;0.2;0.04;0.02,0.5,200
0,0.55,0|0
0,1.7,0
4.8;2.2;1.26;0.44;0.42,0.85,200
0.8;0.76;0.4;0.36;0.08,0.5,200
0,0.55,0|0
0,0.7,204
0,0.55,0|0
0,0.5,0
5;4.84;2.56;1.35;1,0.85,200
0,1.7,0
0,0.5,0
0,0.75,0|0|0
0.11,0.55,200|200
0,0.9,0|0
0,1.7,0
0,0.9,0|0
0.8;0.67;0.4;0.29;0.05,0.5,200
0.72;0.6;0.05;0.01,0.75,200|200|200
0.72;0.14;0.06;0.01,0.75,200|200|200
0,0.55,0|0
0,0.55,204|204
0,0.55,0|0
0,0.55,0|0
0.3,0.9,204|200
2.4;1.26;0.59;0.16;0.12,0.85,200
0,0.55,0
0,0.55,0|0
0,0.75,0|0|0
1.2;0.58;0.56;0.03,0.85,200
1.16;0.72;0.43;0.36;0.28,0.85,200
2.01;1.56;1;0.83;0.76,0.5,200
12;0.68;0.64;0.58;0.3,1.1,200
0.8;0.71;0.7;0.64;0.41,0.5,200
0,0.75,0|0|0
0.72;0.14;0.06,0.75,200|200|200
0,1.7,0
0,0.55,0|0
0,0.55,0|0
0.2,0.55,200|200
0,0.55,200|204
0,1.7,0
0,1.7,0
1.28;0.23,0.55,200|200
2.85;1.83;1.2;1.12;0.42,0.85,200
0.8;0.74;0.71;0.4;0.19,0.5,200
0,0.55,204|204
0,0.55,204|204
0,0.55,204|204
0.72;0.14;0.04;0.02,0.75,200|200|200
0,0.75,0|0|0
0,0.9,0|0
0,0.55,0|0
2.73;1.2;0.56;0.19;0.03,0.85,200
2.18;1.2;0.61;0.19;0.04,0.85,200
0,0.55,0|0
0,0.55,0|0
0,1.7,0
0.95;0.8;0.71;0.7;0.39,0.5,200
0,1.7,0
0.25;0.14;0.05;0.02,0.5,200
0.72;0.04;0.02,0.75,200|200|200
0,0.5,0
1.2;0.61;0.6;0.24;0.19,0.85,200
0,0.55,0|0
1.2;0.61;0.03,0.85,200
0,0.55,0|0
1.81;0.8;0.7;0.43;0.36,0.55,200|200
2.72;0.32;0.25;0.14;0.07,0.55,200|200
3.22;1.84;1.2;0.42;0.37,0.85,200
0,0.55,0|0
0,1.7,0
2.18;1.2;0.61;0.24;0.05,0.85,200
1.2;0.61;0.6;0.24;0.04,0.85,200
0,0.55,204|204
0.2;0.12,1.35,200
0,0.9,0|0
0,0.55,0|0
0,0.55,0|0
0.8;0.71;0.67;0.4;0.05,0.5,200
1.2;0.61;0.56;0.19;0.12,0.85,200
1.2;0.61;0.56;0.19;0.12,0.55,200|200
0,0.9,0|0
1.72;0.88;0.29;0.14;0.09,0.5,200
0,1.7,204
0,0.9,0|0
2.73;2.17;1.2;0.56;0.19,0.85,200
2.73;1.2;0.56;0.19;0.12,0.85,200
0,0.55,200|204
0.21;0.08;0.02,0.55,200|200
0,0.55,0
0.68;0.14;0.04;0.02,0.55,200|200
0.98;0.8;0.72;0.13;0.12,1.35,200
0,0.75,0|0|0
2.61;0.4;0.4;0.12;0.08,0.85,200
0.04,0.75,200|200|200
0,0.55,0|0
0,0.55,0|0
0,0.55,0|0
2.85;1.83;1.81;1.52;1.2,0.85,200
2.28;1.2;0.64;0.43;0.32,0.85,200
0.82;0.74;0.71;0.39;0.2,0.5,200
0.11,0.55,200|200
2.39;0.8;0.25;0.18,0.85,200
0.82;0.8;0.58;0.18;0.09,0.55,200|200
0,0.75,0|0|0
0,0.55,0|0
3.18;1.61;1.4;0.72;0.36,1.35,200
2;0.14;0.04,0.85,200
0,0.9,0|0
0,1.35,204
1.01;0.55;0.14;0.06;0.02,0.5,200
0.64;0.58;0.13;0.09;0.06,0.55,200|200
0,0.55,0|0
0,0.9,0|0
0,0.9,0|0
0.84;0.76;0.32;0.29;0.2,0.5,200
0,1.35,0
0,0.55,0|0
0.82;0.78;0.4;0.2,0.5,200
0,0.7,204
0,0.55,0|0
1.02;0.82;0.59;0.43;0.27,0.85,200
0.88;0.52;0.36;0.35;0.27,0.75,200|200|200
0.31;0.23;0.04,0.55,200|200
0.57;0.36;0.28;0.27;0.26,0.75,200|200|200
0,0.55,0|0
0,0.55,0|0
1.24;0.25;0.22;0.16;0.02,1.05,200|200
0.25;0.06;0.04;0.02,0.5,200
0,0.9,0|0
0,0.75,0|0|0
0,0.75,0|0|0
0.8;0.71;0.31,0.55,200|200
0,0.55,0|0
0,1.7,204
0.01,0.75,200|200|200
0.48,1.35,200
0,1.35,204
0,0.7,0
0,0.55,0|0
0,0.55,0|0
0.04,0.55,200|200
0,0.55,0|0
0.16;0.11;0.1;0.02,0.75,200|200|200
0.71;0.71;0.39;0.32;0.07,0.5,200
0,0.75,0|0|0
0,0.75,0|0|0
0,0.55,0|0
0.48,1.35,200
0,0.7,0
0.03,0.55,200|200
0,1.7,204
0,0.55,0|0
0,0.75,0|0|0
0,0.75,0|0|0
0.82;0.8;0.55;0.34;0.29,0.5,200
0.83;0.36;0.2;0.14;0.05,0.9,200|200
0,1.7,204
0,0.75,0|0|0
1.04;0.55;0.47;0.19;0.13,0.75,200|200|200
0,0.75,0|0|0
0,0.55,0|0
1.09;0.82;0.8;0.51;0.36,0.85,200
0,0.9,0|0
0,0.55,0|0
0,1.7,0
0,1.7,0
2.85;1.04;0.64;0.38;0.33,0.85,200
0.16;0.04,1.7,200
0,0.55,0|0
0,0.75,0|0|0
9.79;0.71;0.54;0.52;0.44,0.85,200
0,0.5,204
0,0.5,204
2.85;1.82;1.08;0.42;0.4,0.85,200
7.99;0.71;0.57,1.7,200
0,0.55,0|0
0,1.7,0
4.51;1.78;1.47;0.69;0.57,1.7,200
0.78;0.71;0.55;0.4;0.39,0.5,200
0,0.75,0|0|0
4.56;2;1.21;1.2;1.2,0.85,200
10.23;1.1;0.71;0.44;0.43,0.85,200
0.24;0.12,0.55,200|200
0.8;0.36;0.34;0.27;0.25,0.75,200|200|200
0,1.7,204
1.93;1;0.16;0.07,1.4,200
0,0.5,204
0.54;0.36;0.27;0.27;0.22,0.75,200|200|200
0,0.75,0|0|0
0,1.7,0
4.8;1.82;1.2;0.42;0.33,0.85,200
0.01,0.75,200|200|200
0.98;0.32;0.2;0.14;0.07,0.75,200|200|200
441.36;2.58;0.8;0.36;0.36,1.4,200
8.35;1.05;0.72;0.71;0.43,0.85,200
5.16;1.05;1.04;1;0.72,0.85,200
0,0.55,0
0.08;0.07;0.03;0.02,0.55,200|200
0,1.7,204
0,0.9,204|204
1.8;0.16,1.7,200
4.69;0.08;0.05,1.1,200
0,0.75,204|204|204
0,0.55,0|0
0,0.55,0|0
7.52;2.58;1.13;0.76;0.36,1.4,200
1.45;0.16;0.07,1.4,200
8.49;0.68;0.64;0.3;0.08,1.1,200
0,0.9,204|204
0,0.75,0|0|0
0.76;0.04;0.01,0.75,200|200|200
0,0.75,0|0|0
6.41;1.44;1.13;0.36;0.36,1.4,200
3.18;0.18;0.12;0.12;0.02,0.55,200|200
5.86;1.05;0.92;0.88;0.72,0.85,200
0,0.55,0|0
0.8;0.11;0.09;0.02,0.75,200|200|200
0.82;0.76;0.71;0.4;0.4,0.5,200
0,0.55,204|204
0.52;0.3;0.27;0.16;0.14,0.9,200|200
0,0.5,0
7.52;2.58;1.13;0.88;0.76,1.4,200
0,0.5,0
1.41;0.17;0.07,1.4,200
0,1.35,0
0.5;0.3;0.14;0.13;0.06,0.9,200|200
0,0.75,0|0|0
6.14;1.05;1.02;0.72;0.44,0.85,200
1;0.96;0.8;0.17;0.11,0.75,200|200|200
0,0.9,0|0
0.82;0.16;0.12;0.11;0.06,0.9,200|200
0,0.55,0|0
2.81;1.58;0.36;0.02,0.85,200
0.95;0.76;0.71;0.4;0.4,0.5,200
0,0.75,0|0|0
0,0.55,0|0
0,0.55,0|0
0,0.55,0|0
0.3;0.27;0.24;0.07;0.04,0.9,200|200
0,0.55,0|0
5.12;1.84;1.05;0.84;0.72,0.85,200
0,0.55,0|0
1.45;0.8;0.23;0.17,1.4,200
0.22;0.07,0.55,200|200
0,0.55,204|204
0.72;0.38;0.3;0.2;0.16,0.9,200|200
0,0.55,0|0
0.88;0.7;0.12;0.07;0.01,0.75,200|200|200
3.18;2.07;0.32;0.31;0.24,1.4,200
3.58;0.8;0.44;0.36;0.27,1.4,200
5.32;2.96;1.57;0.8;0.42,0.85,200
0.8;0.18;0.11;0.02,0.75,200|200|200
2.92;0.68;0.09;0.08;0.02,0.85,200
0.19;0.13;0.07;0.04;0.02,0.9,200|200
1.93;1.6;0.17;0.07,1.4,200
0.76;0.71;0.55;0.39;0.24,0.5,200
2;0.88;0.7;0.19;0.08,1.05,200|200
2.52;0.08,0.85,200
0,1.7,0
0,0.55,0|0
0.72;0.57;0.16;0.06;0.02,0.9,200|200
0,0.55,0|0
0,1.7,0
0,0.55,0|0
0.23,0.55,200|200
0,0.5,0
1.8;0.72;0.22;0.09;0.08,0.85,200
0.11;0.04,0.75,200|204|200
0,0.5,0
0.61;0.36;0.29;0.27;0.26,0.75,200|200|200
0.19,1.35,200
0,1.7,0
0,0.55,0|0
0.27;0.13;0.07;0.04;0.02,0.9,200|200
0,0.75,0|0|0
0,1.35,0
0,0.55,0|0
0,1.7,0
0,1.7,0
0,0.75,0|0|0
0,0.75,0|0|0
4.51;1.2;1.2;0.96;0.3,1.7,200
0.82;0.76;0.71;0.4;0.2,0.5,200
0,0.55,0|0
0,0.55,0|0
1.32;0.88;0.84;0.38;0.36,0.5,200
0.65;0.5;0.3;0.16;0.12,0.9,200|200
0,0.55,0|0
1.24;0.82;0.8;0.23;0.17,1.1,200
0.14;0.05;0.02;0.01,0.75,200|200|200
0.27;0.24;0.14;0.08;0.04,0.9,200|200
0,0.75,0|0|0
0,0.75,0|0|0
0,0.55,0|0
0,0.55,0|0
0,0.55,0|0
0,0.9,0|0
0,0.55,0|0
0,0.55,0|0
0,0.55,0|0
0,0.55,0|0
0,0.55,0
0,0.75,0|0|0
0,0.9,0|0
0,0.5,0
0,0.55,0|0
0,0.55,0|0
0.71;0.67;0.47;0.39;0.2,0.5,200
0,1.7,0
0.04,0.55,200|200
0,0.75,0|0|0
0,0.75,0|0|0
0,0.9,0|0
0,0.55,0|0
0.52;0.2;0.14;0.08;0.07,0.75,200|200|200
0,0.55,0|0
0,0.55,0|0
1.45;0.88;0.74;0.41;0.17,0.85,200
0,0.55,0|0
4;1.43;1.1;0.36;0.28,1.1,200
0,0.55,0|0
0.01,0.55,204|200
0.07;0.02,0.75,200|200|200
0,0.9,0|0
9.21;2.61;1.94;0.27;0.24,0.5,200
0,0.55,0|0
0,0.75,0|0|0
0,1.35,0
0,0.7,204
0,0.55,204|204
0,0.55,204|204
0,0.55,204|204
0.4;0.24;0.22;0.15;0.15,0.5,200
0.14;0.04;0.02,0.75,200|200|200
0,1.35,0
4.2;0.83;0.31;0.08;0.04,0.85,200
0,0.75,0|0|0
0,0.55,0|0
1.57;1.1;0.36;0.28;0.27,1.1,200
0,0.75,0|0|0
0.82;0.75;0.4;0.4;0.09,0.5,200
4.15;0.83;0.19;0.08;0.04,0.85,200
0,0.55,0|0
1.8;1.47;0.96;0.82;0.8,0.85,200
0,1.7,0
0,0.9,0|0
0,0.75,0|0|0
0,0.55,0|0
0,0.75,0|0|0
0,0.75,0|0|0
8.48;0.97;0.6;0.16;0.08,1.7,200
4.88;0.79;0.62;0.4;0.35,0.85,200
0,0.55,204|204
0,0.55,0|0
0,0.75,0|0|0
0,1.35,0
0.4;0.05;0.02,0.75,200|200|200
1.59;0.37;0.36;0.32;0.2,0.85,200
0,0.55,204|204
0,0.75,0|0|0
0.83;0.2;0.12;0.07;0.05,0.75,200|200|200
0.82;0.73;0.38;0.29;0.2,0.5,200
0,0.55,0|0
1.13;0.97;0.08;0.04;0.03,1.7,200
0,0.75,0|0|0
0,0.75,0|0|0
0,0.55,0|0
0.64;0.05,0.75,200|200|200
0,0.55,0|0
0,0.55,0|0
0,0.9,0|0
0,0.55,0|0
0,0.75,0|0|0
0,0.55,0|0
0,0.55,0|0
0,1.7,0
0,0.55,0|0
0,0.75,0|0|0
1.47;0.82;0.8;0.61;0.36,0.85,200
0.24;0.11,0.55,200|200
0,0.55,0|0
0,0.9,0|0
0,0.55,0|0
2.17;0.83;0.12,0.85,200
0,0.75,0|0|0
1.6;0.84;0.82;0.64;0.37,0.85,200
1.47;1.4;0.84;0.72;0.43,0.85,200
0.47;0.01,0.55,200|200
0,0.55,0|0
1.8;0.66;0.44;0.15;0.08,1.4,200
2.39;0.2;0.02,1.7,200
0.96;0.72;0.43;0.25;0.14,0.85,200
6.68;0.92;0.72;0.16;0.06,0.85,200
2.39;0.8;0.07,0.85,200
0,0.55,0|0
1.84;1.03;0.4;0.24;0.1,0.5,200
0,0.55,204|204
0.11,0.75,200|200|200
0,0.55,0|0
0.14;0.02,0.55,200|200
0,0.75,0|0|0
0,0.55,0|0
0,0.55,0|0
0.82;0.07,0.55,200|200
0,0.55,0|0
0,0.55,0|0
0,0.75,0|0|0
0,0.75,0|0|0
0,0.75,0|0|0
2.61;1.91;1.1;0.12;0.02,0.85,200
1.16;1.13;0.88;0.71;0.65,0.85,200
0.29;0.07;0.02,0.55,200|200
0,0.9,0|0
0,0.55,204|204
0,0.55,0|0
0,0.9,0|0
2.28;1.02;0.74;0.47;0.32,1.4,200
0.71;0.52;0.37;0.14;0.04,1.7,200
0,0.7,0
0.88;0.6;0.39;0.24;0.09,0.5,200
0,0.55,0|0
0.16;0.15;0.08;0.08;0.02,0.75,200|200|200
6.4;1.26;0.8;0.76;0.36,0.85,200
2.4;0.71;0.48;0.24;0.16,0.85,200
3.15;2.14;1.68;0.8;0.79,1.4,200
0,0.55,204|204
0.23;0.14;0.04,0.55,200|200
4.51;1.64;1.47;1.2;1.04,1.7,200
0,1.7,0
1.04;0.56;0.04,0.55,0|200
0,0.5,0
0,0.55,0|0
0,0.55,0|0
0,0.9,0|0
0,0.75,0|0|0
1.04;0.6;0.04,0.85,200
0,0.55,0|0
0,0.55,0|0
0,0.55,0|0
0,0.55,0|0
0,0.55,0|0
0,1.7,0
0,0.75,0|0|0
7.08;1.82;1.49;1.4;1.04,0.85,200
0.89;0.28;0.28;0.08;0.04,0.85,200
0.04,0.55,200|200
0,0.55,0|0
1.2;0.04,0.55,200|200
0.04;0.02,0.75,200|200|200
2.35;1.51;1.13;1.06;0.6,1.4,200
0,0.55,0|0
0.88;0.85;0.82;0.36;0.32,0.85,200
1.85;1.31;1.16;1.1;1.06,0.85,200
0,0.75,0|0|0
0.82;0.82;0.72;0.38;0.29,0.5,200
0,1.7,0
0,0.75,0|0|0
0.02,0.75,204|200|200
1.03;0.51;0.4;0.24;0.22,0.5,200
0,0.9,0|0
0.44;0.2,0.5,200
1.51;1.24;1.13;0.78;0.57,1.4,200
0,0.5,0
0,0.55,0|0
0,0.9,0|0
0.02,0.75,200|200|200
2.77;0.92;0.28;0.12;0.11,0.85,200
1.03;0.98;0.93;0.72;0.05,0.85,200
0,0.55,0|0
3.18;1.13;1.03;0.51;0.38,1.4,200
1.6;0.83;0.28;0.16;0.08,0.85,200
2.26;0.47;0.18;0.14;0.12,0.85,200
0.09,0.75,200|200|200
1.37;0.12;0.11;0.08;0.03,0.85,200
0,1.05,0|0
1.67;1.26;1.24;1.1;0.96,1.7,200
2.01;1.41;1.28;1;1,0.5,200
2.76;1.61;0.95;0.36;0.17,1.4,200
0.83;0.11;0.08;0.04,0.55,200|200
0,1.35,0
0,0.75,0|0|0
0.01,1.7,200
0,0.55,0|0
0,0.9,0|0
0,0.55,0|0
0,1.35,0
0.11,0.75,200|200|200
0.09,0.75,200|200|200
2.92;1.16;1;0.38;0.01,1.7,200
0.39;0.23;0.2,0.5,200
0,0.55,0|0
0,0.55,0|0
0.11;0.01,0.75,200|200|200
0.09,0.75,200|200|200
0,1.7,0
0,0.55,0|0
0,0.55,0|0
0,1.35,0
0,0.7,0
0.11;0.01,0.75,200|200|200
0.71;0.43;0.41;0.38;0.25,1.7,200
0,0.75,0|0|0
0.63;0.49;0.36;0.14;0.13,0.55,200|200
0,0.9,0|0
0,0.9,0|0
2.9;1.3;1.14;0.65;0.4,0.5,200
0,0.55,0|0
0,1.35,0
3.2;1.07;1.02;0.84;0.48,0.5,200
0,0.75,0|0|0
0.74;0.02,0.9,200|200
0.6;0.29;0.28;0.12,0.55,200|200
0,0.75,204|204|204
3.44;0.6;0.12,0.85,200
0,0.55,0|0
1.3;0.8;0.45;0.43;0.4,0.85,200
0.04;0.02,0.55,200|200
0,0.55,0|0
0.11;0.01,0.75,200|200|200
0.18;0.02,0.55,200|200
0,0.75,0|0|0
0,0.55,0|0
0,0.75,0|0|0
1.03;0.72;0.36;0.25;0.08,0.85,200
3.48;1.3;1.14;1.04;0.65,0.5,200
1.3;1.14;0.4;0.39;0.36,0.5,200
1;0.43;0.36;0.18;0.13,0.85,200
0,0.5,0
0.89;0.07;0.02,1.35,200
2.39;1.2;0.43;0.18;0.14,0.85,200
0.72;0.14;0.04;0.03;0.02,0.75,200|200|200
0,0.55,0|0
0,1.7,0
4;1.14;1.03;0.4;0.32,0.5,200
1.63;1.2;0.35;0.21;0.2,0.85,200
1.69;0.36;0.12;0.12;0.07,0.85,200
3.49;1.02;0.4;0.36;0.28,0.5,200
0,0.75,204|204|204
0,0.55,0|0
24.8;8.07;1.65;0.96;0.41,0.85,200
0.56;0.35;0.11;0.08;0.06,0.75,200|200|200
1.2;1.04;0.35;0.22;0.17,0.85,200
5.01;1.6;0.1;0.09;0.04,0.85,200
0,0.75,0|0|0
1.34;0.36;0.12;0.07;0.04,0.85,200
0,0.9,0|0
1.03;0.81;0.37;0.08;0.04,0.55,200|200
2.36;1.37;1.04;0.68;0.67,0.85,200
0,0.55,0|0
8.07;2.36;0.96;0.84;0.41,0.85,200
1.68;0.88;0.78;0.4;0.36,0.85,200
2.36;0.8;0.78;0.68;0.4,0.85,200
0,0.55,0|0
0.4;0.02,0.55,200|200
0,0.55,0|0
0.04;0.02;0.01,0.75,200|200|200
0,0.55,0|0
0,0.9,0|0
0,0.55,0|0
0.82;0.12;0.09;0.08;0.07,0.55,200|200
0,0.9,0|0
0,0.5,0
1.1;1.03;0.84;0.08;0.07,1.1,200
0,0.75,0|0|0
0.44;0.31;0.15;0.05,0.9,200|200
0.81;0.37;0.19;0.08;0.08,0.55,200|200
0,0.55,0|0
0,0.55,0|0
1.23;0.88;0.5;0.43;0.4,0.85,200
0,1.35,0
0,0.5,0
0,0.55,0|0
2.4;1.24;0.82;0.64;0.44,0.85,200
0,0.55,0|0
0,1.35,0
0,0.75,0|0|0
0.32;0.12;0.01,0.55,200|200
0,0.9,0|0
1.2;0.94;0.56;0.3;0.1,1.1,200
0.2;0.14;0.09;0.04;0.01,0.5,200
0,0.55,0|0
2.92;1.16;0.43;0.24;0.14,1.7,200
1.63;1.1;0.3;0.25;0.03,0.85,200
0.12;0.08;0.04,0.9,200|200
0,1.7,0
0,0.9,0|0
0,0.5,0
0,1.35,0
0,0.7,0
0,0.5,204
0,0.55,0|0
0,1.7,0
0.82;0.08,0.55,200|200
0,0.75,0|0|0
0,1.7,204
1.28;0.64;0.3;0.11;0.04,0.85,200
1.2;0.46;0.18;0.07,0.85,200
0,0.75,0|0|0
0,1.35,0
8;1.05;0.88;0.34;0.13,0.85,200
2.03;1.05;0.99;0.15;0.02,0.85,200
0.08;0.07;0.04;0.02;0.01,0.55,200|200
8;0.88;0.8;0.43;0.41,0.85,200
0.83;0.83;0.62;0.38;0.31,0.5,200
0,0.75,0|0|0
0,0.75,0|0|0
1.2;0.92;0.64;0.3;0.24,0.85,200
0,0.55,0|0
0.82;0.62;0.38;0.32;0.09,0.5,200
0,1.7,0
4;1.72;1.1;0.94;0.63,0.85,200
0,0.75,0|0|0
0,0.75,0|0|0
0,1.7,204
0,0.55,0|0
1.2;0.64;0.3;0.3;0.17,0.85,200
1.31;0.52;0.38;0.29;0.2,0.5,200
0,0.75,0|0|0
0.91,0.85,200
8;0.88;0.43;0.35;0.34,0.85,200
0,0.55,0|0
0.24,0.55,200|200
0,1.7,0
0,0.55,0|0
0,1.7,0
1.12;1.05;1;0.38;0.36,0.5,200
3.03;0.8;0.31;0.21;0.06,0.85,200
0.88;0.82;0.66;0.38;0.29,0.5,200
0,0.75,0|0|0
0,0.55,0|0
0.13;0.02;0.02,0.55,200|200
0.81;0.7;0.08;0.07;0.04,0.75,200|200|200
0,0.55,0|0
0,0.7,0
0,0.55,0|0
0,0.55,0|0
2.8;0.56;0.14;0.04;0.03,0.55,200|200
0.48;0.4;0.38;0.36;0.05,0.5,200
0,0.55,0|0
3.18;2.76;1.2;0.88;0.78,1.1,200
0,0.55,0|0
8;0.88;0.43;0.34;0.2,0.85,200
1.58;0.52;0.41;0.37;0.25,1.7,200
0,0.75,0|0|0
0,0.75,0|0|0
0,0.5,204
0,0.5,204
2.92;0.71;0.64;0.53;0.43,1.7,200
0.8;0.71;0.43;0.37;0.08,1.7,200
8;0.88;0.43;0.34;0.2,0.85,200
0,0.55,0|0
0.74;0.4;0.12;0.03;0.02,0.55,200|200
0.12;0.05;0.02;0.01,0.55,200|200
0,0.75,0|0|0
0.12,0.55,200|200
8;1.22;0.88;0.34;0.2,0.85,200
0.3;0.13;0.02,0.55,200|200
0,0.75,204|204|204
0,0.75,0|0|0
0,1.7,204
0,1.7,204
0,0.5,204
8;0.88;0.66;0.43;0.34,0.85,200
0,0.55,0|0
1.73;1.69;1.69;1.48;0.31,0.85,200
0.58;0.44;0.38;0.2;0.09,0.5,200
1.67;0.82;0.76;0.3,1.4,200
0,0.55,204|204
0,0.55,0|0
4.69;0.08;0.04;0.04;0.02,0.85,200
0,0.55,0|0
0,0.75,0|0|0
4.44;2.93;1.63;1;0.87,0.85,200
0.64;0.3;0.07;0.07,0.55,200|200
0,0.55,0|0
3.2;2.18;1.04;0.74;0.55,0.85,200
0,0.55,0|0
0,0.55,0|0
0,0.5,204
0,0.5,204
0,0.55,0|0
0.08;0.04;0.02,0.55,200|200
0,0.75,0|0|0
0,0.5,204
0.47;0.15;0.11,0.55,200|200
3.2;2.4;1.04;0.81;0.44,0.85,200
1.29;0.72;0.14;0.04;0.03,0.85,200
0,0.75,0|0|0
0,1.7,0
0.08;0.08;0.04;0.04;0.02,0.55,200|200
1.59;0.3;0.13,0.85,200
0.14,0.55,200|200
1.24;0.43;0.35;0.33;0.24,0.85,200
0.92;0.47;0.3;0.3;0.12,0.85,200
0,0.55,0|0
0,0.55,0|0
0,0.55,0|0
0,0.55,0|0
0.47;0.3;0.07,0.55,200|200
1.23;0.75;0.67;0.43;0.25,0.85,200
0.82;0.44;0.36;0.32;0.09,0.5,200
0,1.7,0
0,0.55,0|0
0.13;0.04;0.02,0.55,200|200
0,0.55,0|0
0.14;0.06;0.04,0.55,200
2;1.81;0.65;0.35;0.29,0.85,200
2.05;1.16;0.82;0.75;0.34,1.4,200
2.36;0.13;0.04;0.02,0.55,200|200
0,1.7,204
0,0.75,204|204|204
0,0.75,0|0|0
1.01;0.35;0.16,0.85,200
0.54;0.08,0.55,200|200
0,0.55,0|0
0.03;0.02,0.75,200|200|200
0,0.5,0
0,1.35,0
0,0.55,0|0
0,1.35,0
0,0.55,0|0
0.24;0.08;0.03;0.02,0.55,200|200
0,0.55,0|0
0,0.55,0|0
0,0.55,0|0
0,0.55,0|0
0,0.5,204
0.97;0.93;0.22;0.04;0.02,1.7,200
0,1.7,0
0,0.55,0|0
0,0.5,0
0,0.55,0|0
0.88;0.56;0.38;0.32;0.29,0.5,200
9.6;1.04;0.84;0.8;0.48,0.5,200
0.08;0.07,0.75,200|200|200
1.68;1.03;0.8;0.6;0.16,1.05,200|200
0.08;0.07,0.75,200|200|200
0,1.7,0
0,0.55,0|0
0.76;0.18;0.12;0.08;0.02,0.55,200|200
0,1.35,0
0,0.55,0|0
0,1.35,0
1.16;1.08;1.06;0.9;0.8,0.85,200
0,0.55,0|0
0,0.55,0|0
0,0.75,0|0|0
0,0.55,0|0
0.1;0.08,0.55,200|200
0.8;0.19;0.01,1.7,200
0,0.55,0|0
0,0.75,0|0|0
0.76;0.18;0.08;0.08;0.08,0.55,200|200
0,0.55,0|0
0,1.7,0
0.1;0.06;0.04;0.02,0.55,200|200
0,0.55,0|0
0,1.7,0
0,1.7,0
0.23;0.02,0.55,200|200
0.08;0.08;0.04,0.55,200|200
0.07;0.04,0.75,200|200|200
0,1.7,0
0.82;0.23;0.14;0.02,0.55,200|200
0,0.55,0|0
0,0.55,0|0
0.07;0.05,0.75,200|200|200
4;2.67;1.16;1.12;0.82,1.4,200
0,0.55,0|0
0,0.75,0|0|0
0,0.55,0|0
0.1;0.09,0.55,200|200
0.4;0.02;0.02,0.55,200|200
0,0.55,0|0
0,0.55,0|0
0.07;0.04;0.02,0.9,200|200
0,0.55,0|0
0,0.75,0|0|0
0.4;0.23;0.02,0.55,200|200
0.35;0.08;0.08;0.04;0.02,0.55,200|200
0,0.55,0|0
1.03;0.89;0.37;0.14;0.07,0.85,200
0.12,0.55,200|200
0.44,0.55,200|200
0,0.55,200|204
0,0.55,0|0
0,0.55,0|0
0,0.55,0|0
0.1;0.08,0.55,200|200
2.18;0.28;0.15;0.1;0.08,1.4,200
0.89;0.76;0.43;0.07;0.06,0.85,200
0.46,0.55,200|200
0,0.75,0|0|0
0,1.7,0
0,0.55,0|0
0,0.75,0|0|0
0,0.55,0|0
0,0.55,0|0
0,0.55,0|0
0,0.75,0|0|0
0.44,0.55,200|200
0.44,0.55,200|200
0.31;0.3;0.18;0.08;0.04,0.9,200|200
0,0.55,0|0
1.65;1.05;1.03;0.8;0.4,0.85,200
0.44,0.55,200|200
0.44,0.55,200|200
0,1.7,204
0,1.7,0
0,0.55,0|0
0.56;0.15,0.75,200|200|200
0,0.5,0
0.44,0.55,200|200
0,1.7,0
0,1.7,0
2.79;0.76;0.36;0.17;0.14,0.85,200
0.19;0.16;0.08;0.04,0.9,200|200
0,1.7,0
1.65;1.4;0.4;0.33;0.21,0.85,200
1.08;0.57;0.4;0.24;0.07,0.85,200
1.1;1.03;0.52;0.35;0.16,0.85,200
0.63;0.3;0.21;0.06;0.06,0.9,200|200
0.1;0.09,0.55,200|200
0.3;0.14;0.14;0.07;0.06,0.9,200|200
0,0.75,0|0|0
0,0.55,0|0
0,0.5,0
4.88;2.8;2.16;1.27;1.04,1.4,200
1.84;0.64;0.56;0.35;0.25,0.85,200
0.14;0.04;0.04;0.02,0.9,200|200
0,0.55,0|0
2.56;0.64;0.54;0.13;0.12,0.55,200|200
2.8;0.96;0.72;0.08;0.07,0.85,200
0,0.5,0
0,0.55,0|0
0,0.75,0|0|0
0,0.55,0|0
0,0.5,0
2.17;0.78;0.28;0.15;0.1,1.4,200
1.67;1.4;1;0.6;0.15,1.4,200
0,1.35,0
0,0.7,0
0,0.9,0|0
2.93;0.89;0.48;0.31;0.18,0.85,200
0.08;0.07;0.04;0.04;0.02,0.55,200|200
4;0.2;0.08;0.07;0.06,0.55,200|200
1.18;1.03;0.43;0.16;0.09,1.05,200|200
4.88;4;1.98;1.31;1.27,0.5,200
0,0.75,0|0|0
0,0.55,0|0
0.24;0.04,0.55,200|200
1.07;0.11;0.02,0.85,200
0,0.55,0|0
1.32;0.16;0.02,0.85,200
0,0.55,0|0
1.65;1.4;0.4;0.32;0.16,0.85,200
0.1;0.09,0.55,200|200
0.4;0.02;0.02,0.55,200|200
0,0.9,0|0
1.4;0.6;0.36;0.32;0.16,0.85,200
0,0.55,0|0
0.54;0.17,0.75,200|200|200
0,0.55,0|0
1;0.2;0.16;0.16;0.04,0.75,200|200|200
0,0.55,0|0
0,0.55,0|0
0,0.55,0|0
1.2;0.37;0.14;0.12;0.05,0.85,200
0.8;0.05;0.04,0.55,200|200
0,0.75,0|0|0
0,0.55,0|0
0,0.9,0|0
0,0.75,0|0|0
0.1;0.09,0.55,200|200
0,0.55,0|0
0,0.75,0|0|0
0,0.75,0|0|0
0,0.55,0|0
0,0.75,0|0|0
0,0.75,0|0|0
0,0.9,200|204
2.72;1.63;1.32;0.88;0.43,0.85,200
0,0.55,0|0
0,0.55,204|204
0,1.35,0
0,0.9,0|0
0,0.55,0|0
4.41;0.47;0.31;0.29;0.22,0.85,200
0.19;0.16;0.03,0.55,200|200
0,0.55,0|0
0,0.75,0|0|0
0,0.55,0|0
0.18;0.02,0.55,200|200
2.48;2.19;0.84;0.44;0.25,0.85,200
2.8;1.03;0.75;0.08;0.07,0.85,200
0,1.35,0
0.6;0.42;0.2;0.16,0.5,200
0,0.5,0
0,0.75,0|0|0
0,0.55,0|0
0,0.7,0
0.13;0.12,0.55,204|200
0.44,0.55,200|200
0,0.55,0|0
0.92;0.67;0.43;0.27;0.25,0.85,200
0.12,0.55,200|200
0,0.55,0|0
0,0.55,204|204
0,1.7,0
0,0.55,0|0
0,0.55,0|0
0.8;0.04,1.7,200
0.25;0.16;0.12;0.03,1.7,200
0,0.5,0
0.92;0.74;0.67;0.43;0.29,0.85,200
1.67;0.8;0.21,1.4,200
0,0.9,0|0
1.72;1.26;1.05;0.71;0.32,0.85,200
0,0.9,204|204
0,0.5,0
0.23;0.14;0.08;0.02,0.55,200|200
0,0.55,0|0
0,0.55,0|0
0.03,0.55,204|200
0,1.7,204
0,0.75,0|0|0
0,0.55,0|0
1.88;1.24;0.96;0.8;0.68,0.85,200
1.32;0.82;0.8;0.56;0.56,0.5,200
0.04,0.75,200|200|200
0,0.55,0|0
0.88;0.59;0.56;0.43;0.4,0.5,200
2.22;0.02,0.55,200|200
0.04,0.75,200|200|200
0,0.55,0|0
0,0.55,204|204
0,0.75,0|0|0
0,0.55,0|0
0,0.5,0
0.59;0.4;0.4;0.37;0.29,0.5,200
2.18;0.61;0.13;0.04;0.03,1.05,200|200
0.05,0.75,200|200|200
0,0.55,204|204
0,1.35,0
4.98;0.71;0.07;0.04,1.1,200
3.18;0.75;0.65;0.49;0.48,0.5,200
0.14;0.02,0.55,200|200
0,0.75,0|0|0
0,0.55,0|0
0,0.75,204|204|204
0,0.7,0
0,0.55,0|0
0,0.55,0|0
0,0.55,0|0
1.4;1.21,0.85,200
10.07;4.88;3.18;2.6;2,0.85,200
2.44;2;1.98;0.78;0.57,0.85,200
4.8;3.18;2.66;1.08;0.36,1.4,200
0,0.55,0|0
0,0.55,0|0
0,0.55,0|0
0,0.75,0|0|0
3.18;2.61;0.8;0.35;0.34,0.85,200
4.88;3.18;2.44;2;1.5,0.85,200
0,0.5,0
0,0.75,0|0|0
2.46;0.28;0.12;0.07;0.04,1.1,200
2;1.98;1.5;0.57;0.36,0.85,200
0,0.9,0|0
0,0.55,0|0
0.71;0.25;0.02,0.9,200|200
0.03,0.55,200|200
0,1.7,0
0.64;0.49;0.11;0.07;0.02,0.55,200|200
0,0.55,0|0
0,0.55,0|0
3.18;1.43;0.57;0.36;0.35,0.85,200
0,0.5,0
3.18;1.5;1.04;0.57;0.35,0.85,200
3.97;3.18;1.81;0.32;0.31,1.4,200
3.88;3.64;1.82;0.76;0.56,1.4,200
3.64;2.66;0.32;0.32;0.08,1.4,200
1.2;0.71;0.4;0.14;0.12,1.1,200
1.28;0.29;0.24;0.22;0.17,0.85,200
0,0.55,204|204
0.7;0.06;0.02,0.9,200|200
5.6;1.32;0.78;0.32;0.2,0.85,200
0,0.55,0|0
1.1;1;0.6;0.58;0.41,0.85,200
1.21;0.24;0.04;0.02;0.02,0.85,200
0,0.55,204|204
0,0.9,204|204
0,0.55,0|0
0.04;0.02,0.55,200|200
0.22,0.75,200|200|200
1.98;1.5;0.57;0.35;0.31,0.85,200
3.18;1.04;0.41;0.35;0.3,0.85,200
3.18;0.57;0.35;0.31;0.31,0.85,200
0.8;0.33;0.27;0.16;0.08,0.9,200|200
1.48;0.47;0.07;0.04,0.85,200
1.08;0.8;0.65;0.32;0.16,0.55,200|200
0,0.55,0|0
0,0.75,204|200|204
0,0.9,204|204
3.18;1.2;1.08;0.32;0.31,1.4,200
3.18;2.66;1.36;1.22;1.08,1.4,200
0,0.75,0|0|0
0,0.5,0
0,0.55,0|0
0,0.55,0|0
0,0.9,0|0
0,0.9,0|0
0,0.9,204|204
0.9;0.36;0.27;0.07,0.85,200
1.85;0.92;0.84;0.67;0.43,0.85,200
0,0.75,0|0|0
0,0.75,0|0|0
0.34;0.05;0.02,0.55,200|200
4.08;2.88;1.05;0.35;0.31,0.85,200
1.5;1.38;1.04;0.82;0.57,0.85,200
0,0.75,0|0|0
0.91;0.72;0.3;0.28;0.16,0.9,200|200
0,0.55,0|0
0,1.35,0
4.89;0.82;0.52;0.35;0.3,0.85,200
0,0.5,0
0.22,0.75,200|204|200
0.13;0.08;0.04;0.02,0.9,200|200
0,0.5,0
0,0.75,204|204|204
3.51;2;1.01;0.12;0.08,0.85,200
0.08;0.06;0.02,0.55,200|200
0,0.75,0|0|0
0.91;0.72;0.33;0.06;0.02,0.9,200|200
0,0.55,0|0
0,1.7,0
10.07;1.58;1.51;1.04;0.69,0.85,200
0,0.55,0|0
0,0.55,0|0
0,0.55,0|0
0,0.55,0|0
0.6;0.4;0.37;0.36;0.2,0.5,200
0,0.55,0|0
3.2;1.35;0.74;0.31;0.06,1.4,200
0.56;0.48;0.16;0.04;0.04,0.55,200|200
3.36;1.6;0.96;0.96;0.81,0.85,200
1.41;0.11;0.07;0.04;0.02,0.85,200
14.12;1.9;0.84;0.74;0.68,0.85,200
0.13,0.5,200
2.49;0.17;0.06,0.85,200
0,0.55,0|0
0,0.55,0|0
0,1.05,0|0
0,0.55,0|0
1.4;1.21;0.88;0.81;0.8,0.85,200
1.6;1.04;0.65;0.56;0.48,0.85,200
0,0.55,0|0
0,1.7,0
0.35,0.75,200|200|200
0,0.55,0|0
0,0.55,0|0
0,0.55,0|0
0.8;0.04;0.02,0.55,200|200
0.12;0.11,0.55,200|200
27.02;4.41;3.97;3.18;0.48,1.35,200
3.18;2.76;1.08;0.76;0.32,1.4,200
2.76;1.32;1.08;0.76;0.32,1.4,200
0,1.05,0|0
0.04;0.02,0.55,200|200
0,1.7,0
1.76;1.59;1.08;0.8;0.32,1.4,200
27.02;4.41;3.18;1.6;0.45,1.35,200
1.56;0.68;0.39;0.21;0.08,1.1,200
0,0.55,0|0
0.05,0.55,200|200
0.12;0.12;0.08;0.04,0.9,200|200
0.39;0.3;0.12;0.08;0.04,0.9,200|200
0.39;0.38;0.14;0.12;0.04,0.9,200|200
0.64;0.38;0.15;0.12;0.04,0.9,200|200
0,1.05,0|0
0,1.7,204
27.02;4.41;3.18;2.32;0.44,1.35,200
0,0.55,0|0
27.02;16;3.18;0.78;0.49,1.35,200
2.15;1.1;0.35;0.06;0.03,1.7,200
0,0.9,0|0
0,1.05,0|0
0.12;0.04,0.55,200|200
0,0.75,0|0|0
0.12;0.08;0.04,0.9,200|200
0.24;0.04;0.02,0.55,200|200
0,0.55,204|204
0.15;0.12;0.09;0.09,0.55,200|200
1.1;0.82;0.18;0.07;0.02,0.85,200
0.12;0.08;0.04,0.9,200|200
0,1.7,204
0,0.55,0|0
0,1.7,0
0,0.55,0|0
0,0.9,0|0
2.42;1.04;0.8;0.76;0.42,1.7,200
0.54;0.14,0.75,200|200|200
0,0.55,0|0
0,1.7,0
0,0.55,0|0
0,0.55,0|0
3.2;0.9;0.76;0.45;0.36,1.4,200
0.46,0.55,200|200
0,0.9,0|0
1.05;0.85;0.43;0.2;0.14,0.85,200
0.64;0.42;0.01,0.9,200|200
0,0.55,0|0
0,0.55,0|0
1.26;0.04,0.5,200
2.38;1.2;0.14;0.12;0.01,1.4,200
0,0.75,0|0|0
0,0.5,0
0,1.7,0
0,0.5,204
0,1.7,204
0,1.7,204
3.18;0.79;0.72;0.37;0.35,1.4,200
5.92;4.41;2.32;1.76;0.61,1.35,200
0,0.55,0|0
0,0.55,0|0
4.26;0.7;0.63;0.39;0.21,1.35,200
0,0.5,204
4.26;0.92;0.89;0.71;0.38,1.35,200
0.82;0.14;0.06,0.5,200
0,0.5,204
0.06,0.55,200|200
1.12;0.74;0.52;0.32;0.27,0.75,200|200|200
0,0.55,0|0
0,0.5,0
1.93;0.83;0.8;0.43;0.36,0.85,200
0.06;0.01,1.7,200
0.73;0.08;0.02,0.55,200|200
0,0.55,204|204
0,0.9,0|0
0,0.55,0|0
0,0.55,0
0,1.7,0
0,0.55,204|204
0,0.55,0|0
0,0.55,0|0
0,0.55,0|0
0,0.55,0|0
0,0.5,0
1.83;0.43;0.29;0.04,1.1,200
0,1.05,0|0
0.32;0.08;0.08,0.5,200
0,0.9,0|0
0.74;0.64;0.52;0.32;0.12,0.75,200|200|200
0,0.55,204|204
0,0.55,0|0
4.26;1.58;0.74;0.47;0.08,1.35,200
1.16;0.36;0.08;0.08;0.04,0.85,200
3.18;1.76;1.67;1.02;0.8,1.4,200
1.28;1.2;0.44;0.13;0.08,0.85,200
0.04,1.05,200|200
0,1.05,0|0
3.18;1.52;0.72;0.64;0.42,1.4,200
2.52;2;1.16;0.82;0.14,0.5,200
0.01,0.75,200|200|200
0,0.75,0|0|0
0,0.75,0|0|0
1.6;1.5;0.47;0.36;0.32,0.85,200
0.88;0.24;0.23;0.07,0.85,200
2.17;0.88;0.13;0.13,1.4,200
2.16;1.18;0.96;0.36;0.32,1.4,200
0.01,0.75,200|200|200
0.01,0.75,200|200|200
0,0.75,200|200|204
0,0.55,0|0
0.88;0.24;0.06;0.03,0.55,200|200
2.86;0.4;0.25;0.24;0.07,0.85,200
1.18;0.74;0.52;0.32;0.18,1.05,200|200
0.4;0.33;0.32;0.29;0.13,0.75,200|200|200
0.02,0.75,200|200|200
0,0.5,0
0.45;0.13;0.13;0.03,0.75,200|200|200
3.18;1.81;0.76;0.32,1.4,200
2.66;1.26;1.08;0.32;0.3,1.4,200
0,0.5,0
0,0.75,0|0|0
0,0.75,0|0|0
1.76;1.67;1.66;0.8;0.76,1.4,200
1.52;0.8;0.72;0.59;0.57,1.4,200
0.83;0.36;0.09;0.04,0.55,200|200
0.74;0.52;0.32;0.29;0.03,0.75,200|200|200
0,1.7,0
2.38;0.45;0.14;0.13;0.12,1.4,200
0.4;0.04,0.55,200
0,1.7,0
1.76;1.67;0.72;0.7;0.57,1.4,200
0,0.75,0|0|0
0,0.75,0|0|0
0,0.9,0|0
0.32,0.55,200|200
0,0.55,0|0
0,0.5,0
0,0.55,204|204
0.04,1.05,200|200
0,0.55,0|0
0,1.7,0
0,0.5,0
0.24;0.08;0.07;0.03,0.55,200|200
0,0.9,0|0
0.67;0.14;0.03,0.75,200|200|200
0,0.75,0|0|0
0,0.55,0|0
9.94;1.87;0.76;0.67;0.48,0.85,200
1.5;0.4;0.32;0.16;0.09,0.85,200
0,0.55,0|0
0.09;0.01,0.55,200|200
1.53;0.7;0.67;0.48;0.36,0.85,200
0,1.7,204
0.74;0.33;0.32;0.21;0.04,0.75,200|200|200
0,0.75,0|0|0
0.11,0.55,200|200
0,0.55,0|0
2.38;0.88;0.13;0.03,1.05,200|200
0.45;0.29;0.14;0.13;0.03,0.75,200|200|200
0,0.55,0|0
0,1.35,0
0,0.55,0|0
0,0.55,0|0
0,0.75,0|0|0
0,0.55,0|0
0,0.55,0|0
0,1.7,0
0,0.75,0|0|0
0,0.55,0|0
0,0.55,0|0
0,0.55,0
0,1.7,0
0,0.75,0|0|0
0.08;0.06;0.04;0.01,0.55,200|200
0,0.55,0|0
0,0.55,0|0
0.12;0.07,1.05,200|200
0,0.55,0|0
0.52;0.32;0.16;0.09;0.02,0.75,200|200|200
3.53;0.45;0.03,1.4,200
0,0.75,0|0|0
0,0.55,0|0
0,0.75,0|0|0
0,0.55,0|0
0,0.75,0|0|0
0,0.9,0|0
0.24;0.07;0.03,0.55,200|200
1.52;0.35;0.02,0.85,200
0,0.55,0|0
0,0.55,204|204
2.4;2.19;0.98;0.9;0.51,0.85,200
0,0.55,0|0
0.04,1.05,200|200
0,1.05,0|0
0,0.55,0|0
0,0.55,0|0
0,0.9,0|0
0,1.35,0
0,0.7,0
0,0.55,0|0
0,0.55,204|204
1.32;0.88;0.36;0.32;0.32,0.55,200|200
1.32;0.64;0.36;0.32;0.1,0.85,200
1.21;1.03;1.03;0.64;0.64,1.05,200|200
0.35;0.14;0.07,0.5,200
1.26;0.88;0.72;0.68;0.32,0.85,200
0,0.55,0|0
0.07;0.02,0.5,200
1.01;1;0.93;0.9;0.72,0.85,200
0,0.9,0|0
1.21;1.03;0.16;0.11;0.08,1.05,200|200
1.81;1.48;0.99;0.94;0.74,0.5,200
37.28;1.09;0.68;0.32;0.28,0.85,200
2.39;0.88;0.8;0.43;0.28,1.1,200
0.08;0.02,0.5,200
0,0.55,200|204
0,0.75,0|0|0
0,0.5,0
0.04;0.02,0.55,200|200
0.36;0.16;0.06;0.01,0.9,200|200
0.08;0.02,0.5,200
0,0.55,0|0
0.35;0.02,0.5,200
0.12,0.55,200|200
0.3;0.25;0.16;0.06;0.02,0.9,200|200
0,0.9,0|0
0.06,0.55,200|200
0,0.55,0|0
0.14,0.55,200|200
0,0.55,0|0
0.79;0.3;0.16;0.14;0.14,0.9,200|200
0,0.75,204|204|204
1.12;0.43;0.1;0.04,0.85,200
0,0.75,0|0|0
0,0.55,0|0
1.6;0.88;0.75;0.32;0.25,0.85,200
2.39;0.8;0.11;0.02,0.55,200|200
0,0.55,0|0
0.84;0.16;0.14;0.11;0.06,0.9,200|200
0.66;0.56;0.41;0.4;0.36,0.5,200
0,0.55,0|0
0.79;0.3;0.11;0.07;0.02,0.9,200|200
0,0.55,0|0
0,0.55,0
0.37;0.14;0.12;0.09;0.04,0.55,200|200
0,0.55,0|0
0,0.55,0|0
0,0.55,0|0
1.81;0.34;0.23;0.07,0.85,200
0,0.55,0|0
0,0.75,0|0|0
1.03;0.24;0.14;0.07,0.85,200
0.14;0.06;0.02;0.02,0.55,200|200
0.74;0.52;0.32;0.23;0.11,0.75,200|200|200
0,0.5,0
0,0.55,0
0.65;0.44;0.36;0.29;0.24,0.5,200
7.27;1.8;1.26;1.2;1.01,0.85,200
1.2;0.94;0.86;0.34;0.24,0.55,200|200
0,0.9,0|0
1.37;0.9;0.6;0.26,0.85,200
0,0.55,0|0
0.14;0.11;0.04;0.02,0.55,200|200
0.82;0.43;0.4;0.37;0.29,0.5,200
0,1.35,0
0,0.75,0|0|0
0,0.55,0|0
0,1.35,0
0,0.55,0|0
0,1.35,0
1.57;0.12;0.09;0.02,0.85,200
0.04;0.04,0.55,200|200
0,0.7,204
0.12,0.55,200|200
0,0.9,0|0
0,0.9,0|0
0,1.35,204
0,0.7,204
0,0.55,0|0
0,0.9,0|0
0,0.55,0
3.12;0.65;0.56;0.36;0.32,0.5,200
0.05;0.02,0.55,200|200
0.12,0.55,200|200
0,0.55,0|0
0,0.55,0|0
0.83;0.55;0.36;0.24;0.09,0.5,200
0,0.75,0|0|0
0,1.35,0
0,0.55,0|0
0,0.55,200|204
2.39;0.18;0.02,0.85,200
0.51;0.4;0.36;0.29;0.08,0.5,200
0.12,0.55,200|200
0.12,0.55,200|200
1.01;0.5;0.4;0.36;0.29,0.5,200
0,0.75,204|204|204
0,0.55,0|0
0.48;0.4;0.36;0.29;0.08,0.5,200
0,0.75,0|0|0
0,0.55,0|0
0,0.75,0|0|0
0,1.7,0
0,0.55,204|204
5.75;1.66;0.2;0.06;0.03,0.85,200
0,0.55,0|0
7.34;0.8;0.28;0.25;0.06,0.85,200
0,1.35,0
1.32;1.05;0.97;0.88;0.88,0.85,200
0.95;0.55;0.4;0.36;0.29,0.5,200
0.18;0.02,0.5,200
1.52;0.18;0.14;0.02,0.5,200
2.16;0.43;0.4;0.22;0.22,1.4,200
0,0.55,0|0
1.2;1.06;0.6;0.4;0.34,0.55,200|200
0,0.55,0|0
2.39;2.01;0.44;0.36;0.2,0.5,200
0,0.75,0|0|0
20;1.49;1.06;0.68;0.55,0.85,200
1.2;0.94;0.86;0.34;0.24,0.85,200
0,0.55,0|0
1.52;1.1;0.8;0.61;0.36,0.5,200
1.52;0.44;0.42;0.4;0.36,0.5,200
0,0.55,0|0
0,0.9,204|204
0.36;0.32;0.2;0.18;0.18,0.9,200|200
0,0.9,0|0
0.35;0.07,0.5,200
0,0.55,0|0
0,0.9,0|0
0,0.55,0
1.6;0.18;0.02,0.55,200|200
0,0.55,0|0
0,0.55,0|0
0.35;0.02,0.5,200
0,0.55,0|0
0.35;0.32;0.02,0.5,200
0.35;0.14;0.07,0.5,200
0,0.55,0|0
0,1.35,204
0,1.05,0|0
0,0.7,204
0,0.75,0|0|0
0,1.7,0
0.86;0.34;0.19;0.12;0.12,0.85,200
2.39;0.43;0.22;0.21;0.18,0.85,200
0,1.7,0
2.32;1.53;1.04;1;0.85,0.85,200
0,1.7,0
2.95;0.12;0.04,1.1,200
0.41;0.2;0.09;0.08,0.55,200|200
0.06,0.9,200|200
6.4;4.88;1.68;1.02;1,0.85,200
0.35;0.02,0.5,200
0,0.55,0|0
0,1.35,204
0.93;0.65;0.6;0.53;0.32,0.5,200
0.07,0.55,200|200
0,0.55,0|0
0,0.7,204
3.18;0.96;0.88;0.36;0.22,0.85,200
0.83;0.8;0.71;0.48;0.12,0.55,200|200
0,1.35,204
1.18;0.74;0.52;0.36;0.32,1.05,200|200
0.8;0.6;0.41;0.2,0.5,200
0.21;0.05;0.04;0.02,0.55,204|200
0.33,0.55,204|200
0,0.55,0|0
0.83;0.18,0.55,200|200
0,0.7,204
0.07,0.55,200|200
0,0.55,0|0
3.36;2.88;1.01;0.96;0.36,0.85,200
0.32;0.12,0.55,200|200
0.07,1.35,200
0,0.7,0
0.06,0.9,200|200
0.64;0.16,1.35,200
0.32;0.14;0.09,0.55,200|200
0.84;0.12;0.11;0.07,1.7,200
3.33;1.6;1.33;1.32;0.52,1.4,200
0,0.5,0
2.52;1.58;1.01;0.96;0.81,0.85,200
0,0.5,0
0,0.55,0|0
3.14;1.38;0.27;0.16;0.06,0.5,200
0,0.75,0|0|0
0,0.55,0|0
0,1.35,204
0,0.7,204
1.48;0.04,0.9,200|200
1.32;1.26;0.83;0.72;0.36,0.5,200
0,1.35,204
0.09;0.01,0.55,200|200
0.16,1.35,200
1.67;1.01;0.8;0.69;0.36,1.4,200
0.28;0.17;0.12;0.09;0.02,0.55,200|200
0,0.55,0|0
0,0.55,0
0,0.7,204
2.4;0.72;0.44;0.25;0.04,0.55,200|200
1.8;1.38;0.44;0.16;0.05,0.5,200
0.8;0.34;0.31;0.15;0.12,0.55,200|200
1.63;0.4;0.21;0.18;0.14,0.85,200
0,0.55,0|0
2.66;0.95;0.48;0.36;0.36,0.5,200
1.57;0.14;0.1;0.09;0.04,0.85,200
5.65;1.38;1.32;0.53;0.05,0.5,200
1.38;0.47;0.44;0.16;0.05,0.5,200
2.39;0.8;0.18;0.02,1.1,200
0,1.05,0|0
0,0.55,0|0
0,0.5,0
0,0.55,0|0
2.94;2.76;1.05;0.38;0.36,0.85,200
0,0.55,0|0
0,0.55,0|0
0,0.75,0|0|0
0,0.7,0
0,1.7,0
0,0.75,0|0|0
0,0.75,0|0|0
0,0.55,0|0
0,0.55,0|0
0,1.35,0
0,0.55,0|0
0,0.5,0
0,0.55,0|0
0,1.05,0|0
0,0.55,0|0
0.8;0.65;0.6;0.6;0.53,0.5,200
0,0.75,204|204|204
0,0.75,0|0|0
0,0.75,0|0|0
0,0.55,0|0
0,0.55,0|0
0.88;0.04;0.04;0.02,0.9,200|200
0,0.55,0
0,0.75,204|204|204
0,0.55,0|0
0,0.55,0|0
0.46;0.08;0.08,1.05,200|200
0,0.55,0|0
3.64;2.36;1.1;0.7;0.64,0.85,200
0.8;0.67;0.6;0.41;0.32,0.5,200
0,0.55,0|0
0,0.55,0|0
0.56;0.11;0.08,0.55,200|200
0.96;0.84;0.2;0.07,0.85,200
0,0.55,204|204
0.8;0.08;0.02,0.9,200|200
1.11;0.04,1.1,200
0,0.9,0|0
0.34;0.25;0.24;0.23;0.08,0.55,200|200
1.41;1.29;0.05;0.01;0.01,0.5,200
0,0.9,0|0
0,0.55,0|0
0,0.55,0|0
1.11;0.04,1.1,200
0,0.55,204|204
1.04;1;0.35;0.28;0.25,0.85,200
0,1.7,0
0,1.7,0
0,0.55,0|0
0,1.7,0
0,0.9,0|0
1.33;0.78;0.12;0.07,1.7,200
0,0.55,0|0
0.12;0.08,0.9,200|200
0,0.9,0|0
0,0.75,0|0|0
1.04;1;0.64;0.2;0.07,0.85,200
0,0.55,0|0
0,0.55,0|0
0,0.55,0|0
0,0.75,0|0|0
0,0.55,0|0
1.5;0.88;0.56;0.48;0.34,0.85,200
0,1.7,0
0,0.55,0
0,0.55,204|204
0,1.7,0
0,0.75,0|0|0
24.8;1.68;1.38;0.27;0.25,0.85,200
0,0.9,0|0
0,0.55,0|0
0,1.7,0
1.1;0.92;0.76;0.28;0.21,1.1,200
1.41;0.96;0.16;0.05;0.04,0.5,200
0,0.55,0|0
0,0.9,0|0
0,1.05,0|0
0,1.7,0
0.32;0.14;0.06;0.03,0.75,200|200|200
0,0.55,0|0
0,0.75,0|0|0
0,0.55,0|0
0,0.55,0|0
0,0.9,0|0
1.24;1.05;1.03,1.7,200
0,1.35,204
0,0.7,204
0,0.55,0|0
0,0.9,0|0
0,1.7,0
0,1.7,0
0.12;0.08;0.06,0.9,200|200
124.24;0.63;0.55;0.35;0.21,0.85,200
0,1.7,0
0,0.5,0
0,0.55,0|0
0,0.55,0|0
0,0.9,0|0
0,0.9,0|0
1.24;1.05;0.18,1.7,200
23.04,0.55,204|200
1.6;1.03;0.36;0.35;0.24,0.85,200
0.04,0.9,200|200
0,0.55,0|0
0,0.55,0|0
0,1.7,0
1.03;0.36;0.35;0.27;0.14,0.85,200
0,1.7,0
0.12;0.09;0.08;0.02,0.9,200|200
0.12;0.07,0.55,200|200
0.12,0.55,200|200
0.12;0.07,0.55,200|200
2.39;0.8;0.08;0.02,0.55,200|200
0.12,0.55,200|200
0,0.55,0|0
0,0.55,0|0
0,0.55,0|0
1.05;0.18;0.02,1.7,200
0,0.55,0|0
8.75;0.84;0.12;0.06,0.5,200
0,0.5,0
0,0.55,0|0
1.28;1.16;0.65;0.36;0.18,0.55,200|200
0,0.5,0
1.16;0.36;0.08;0.07,0.55,200|200
0,1.7,0
0,0.9,0|0
0,0.9,0|0
0,0.55,0
0,0.55,0|0
0.07;0.04;0.04;0.02,0.55,200|200
1.63;0.97;0.73;0.34;0.21,0.85,200
0,1.35,204
0,0.7,204
0.07;0.04;0.02,0.55,200|200
15.99,0.85,200
0,0.55,0|0
0.75,0.9,204|200
0,1.35,0
0.25;0.1;0.08;0.02,0.55,200|200
0,0.9,0|0
0,1.7,0
0.03,0.55,204|200
0,0.5,0
0,0.55,0|0
0,0.5,0
0,1.35,204
1.59;1;0.14;0.06;0.04,0.85,200
0,0.9,0|0
0,0.9,0|0
0,0.7,204
15.99,0.85,200
1.52;0.74;0.56;0.07;0.03,0.85,200
0.8;0.4;0.06;0.04,0.9,200|200
0.14;0.04;0.04;0.02,0.75,200|200|200
0.03,0.55,200|200
0,0.7,0
0,1.35,204
0.24;0.21;0.2;0.02,0.55,200|200
0,0.55,204|204
0,0.7,204
15.99,0.85,200
2;1.6;0.67;0.15;0.09,1.1,200
1.4;0.8;0.57;0.56;0.44,0.85,200
0,0.55,0|0
0,1.35,204
0,0.7,204
0,0.55,0|0
1.12;1.1;0.88;0.59;0.43,1.1,200
0,0.55,0|0
0.01,0.55,200|200
0.03,0.55,204|200
15.99,0.85,200
15.99,0.85,200
1.72;1.34;0.84;0.09;0.07,0.5,200
0,0.55,0|0
0,0.55,0|0
0,0.55,204
0,0.55,204|204
0,1.7,0
0,0.55,0|0
8.41;2.73;2.42;1.01;0.8,1.1,200
1.88;0.16,1.1,200
0,0.55,0|0
3.18;2.12;1.03;0.64;0.57,0.85,200
0,1.7,0
1.03;0.85;0.84;0.51;0.32,1.7,200
15.99,0.85,200
0.99;0.84;0.36;0.08,0.5,200
0,0.55,0|0
0,0.55,0|0
0,0.55,0|0
0,0.55,0|0
1.52;1.08;0.47;0.41;0.09,0.85,200
0,1.7,0
1.08;0.8;0.44;0.32;0.32,0.55,200|200
2.32;1.29;0.72;0.43;0.17,0.85,200
0.04,0.55,200|200
15.99,0.85,200
0,1.7,0
0,1.35,0
0,1.7,0
4.65;1.24;0.94;0.1,0.85,200
0,1.35,0
0,0.7,0
3.2;0.24,0.55,200|200
4.4;3.18;1.47;0.8;0.76,1.35,200
0,1.7,0
80;0.52;0.14;0.04,1.1,200
0.08;0.04,0.55,200|200
0,0.9,0|0
15.34,0.85,200
1.02;0.69;0.22;0.2;0.15,0.85,200
1.51;0.78;0.64;0.52;0.34,1.1,200
0,0.75,0|0|0
0.04,0.55,200|200
15.34,0.85,200
0,0.9,0|0
12.44;7.76;4.72;2.19;1.03,1.1,200
0,0.55,0|0
0,0.55,0|0
0,1.7,0
1.03;0.08;0.04;0.01,0.55,200
16.66;0.79;0.15;0.14;0.12,0.85,200
12.44;7.79;2;2;1.71,1.1,200
13.32;1.36;0.85;0.77;0.6,0.85,200
10.18,0.85,200
0,0.9,0|0
0,1.7,0
0,1.7,0
0,0.55,0|0
0,1.7,0
0,0.75,0|0|0
0.99;0.8;0.63;0.14;0.11,0.85,200
0,0.55,0|0
0,0.55,0|0
1.2;0.9;0.5;0.02,0.85,200
0,1.7,0
0,0.55,0|0
0,0.75,0|0|0
0,0.55,0|0
0,0.55,0
4.65;1.24;0.82;0.65,0.85,200
0,1.7,0
0,0.55,0|0
0,0.55,0|0
3.18;1.6;0.95;0.36;0.25,1.05,200|200
0.14;0.06,0.55,204|200
3.18;0.95;0.36;0.32;0.21,1.4,200
0,0.75,0|0|0
1.2;0.13;0.07,0.85,200
2.39;2;1.1;0.95;0.38,0.85,200
0,0.55,0|0
0,0.55,0|0
0.14;0.07;0.02,0.55,200|200
0,0.55,0|0
0.68;0.48;0.21;0.16;0.02,0.55,200|200
0,0.55,0|0
0.06,0.55,200|200
0,0.55,0|0
2.69;2;0.5;0.43;0.13,0.85,200
0,1.7,0
5.32;1.61;1.29;0.2;0.16,1.1,200
0,1.7,0
0.6;0.49;0.24;0.16;0.04,0.5,200
0,0.55,200|204
0,0.55,0|0
0,0.55,204|204
0,0.55,0|0
0,0.55,200|204
0,0.55,0|0
0.91;0.36;0.29;0.25;0.2,0.9,200|200
0,0.55,0|0
0.02,0.55,200|200
1.06;0.65;0.49;0.27;0.15,0.5,200
0,1.7,0
0,1.7,0
0,0.55,204|204
0,0.55,204|204
0,1.7,0
0,0.55,0|0
0,0.55,0|0
0,0.55,0|0
0,1.7,0
0,0.5,0
0.02,0.55,200|200
0,0.9,204|204
0.41;0.4;0.28;0.2;0.12,0.5,200
0,1.7,0
1.92;1.03;0.72;0.28;0.25,1.05,200|200
0,0.5,0
0,0.55,204|204
0,0.55,0|0
0,0.55,0|0
2.4;2.39;1.84;1.29;0.48,0.85,200
0,0.55,0|0
2.2;1.59;0.98;0.66;0.52,0.85,200
0,0.55,0|0
1.84;1.02;0.42;0.26;0.24,0.85,200
1.29;1;0.56;0.42;0.38,0.85,200
1.32;0.27;0.24;0.2;0.1,0.5,200
1.43;1.02;0.8;0.58;0.42,0.85,200
0.14;0.08;0.02,0.55,200|200
2.98;1.03;0.84;0.39;0.06,0.85,200
0.01,0.55,200
0,1.7,0
0,0.7,0
0.01,0.55,200
0,0.75,0|0|0
0,1.7,0
0,0.55,0|0
1.42;0.84;0.7;0.35;0.24,1.4,200
0.01,0.55,200
4.08;2.16;1.08;0.38,0.85,200
0,0.55,0|0
1.4;0.82;0.04,1.7,200
0,0.55,0|0
0,1.7,0
0,0.9,0|0
0.56;0.41;0.27;0.24;0.14,0.5,200
0,0.75,0|0|0
0,0.55,0
0,1.7,0
0.41;0.2;0.19;0.04,0.5,200
0,0.55,0|0
2.37;0.05;0.04;0.04;0.02,0.85,200
1.26;0.83;0.21;0.14;0.07,1.7,200
2.69;0.42;0.37;0.16;0.09,0.85,200
1.33;0.28;0.28;0.12;0.04,0.55,200|200
0,0.55,0|0
0,0.55,0|0
0,1.35,0
0.32;0.24;0.04,0.55,200|200
0,0.55,0|0
0,0.55,0|0
0,0.55,0|0
8.94;1.08;1;0.96;0.56,1.7,200
1.48;1.23;0.72;0.48;0.43,1.4,200
1.16;1.03;0.07;0.05;0.04,0.85,200
0.28;0.08;0.04;0.04;0.03,1.05,200|200
0,0.55,0|0
0,1.35,0
0,0.55,0|0
0,0.55,0|0
1.24;0.84;0.82;0.7;0.19,0.9,200|200
0,0.55,0|0
0.05;0.02,0.55,200|200
1.52;0.7;0.65;0.21;0.12,0.85,200
0,0.7,0
0,1.7,0
0,0.55,0|0
0,0.55,0|0
1.03;0.25;0.14;0.05;0.02,0.85,200
1.49;0.03;0.02,0.85,200
0,0.9,0|0
0.76;0.65;0.6;0.36;0.28,0.5,200
0,1.7,0
0,1.7,0
0,0.9,0|0
0,0.75,0|0|0
0,0.75,0|0|0
0,0.9,0|0
0,0.55,0|0
0.04;0.02,0.55,200|200
1.49;1.16;0.14;0.05,0.85,200
1.67;1.6;0.29;0.14,1.7,200
0,1.7,0
11.6;2.52;0.03,0.85,200
0,0.9,204|204
0,0.55,0|0
2.56;0.8;0.72;0.14;0.08,1.7,200
0,0.55,0|0
0,0.55,0|0
0.04,0.55,200
2.36;1.36;1;0.57;0.33,0.5,200
0,0.55,0|0
0,1.35,0
0,1.7,0
0.8;0.07,0.55,200
8.64;1.27;0.64;0.04;0.02,0.85,200
0,0.55,0|0
0.14;0.06,0.55,200|200
0,0.75,0|0|0
0,1.35,0
0,0.55,0|0
8.64;4.81;2.52;1.27;0.3,0.85,200
2.39;0.47;0.14,0.55,200|200
1.42;0.32;0.25;0.04,0.85,200
0,0.55,0|0
1.03;0.8;0.14;0.08,0.85,200
0,0.55,0|0
0.82;0.8;0.19;0.11;0.02,0.75,200|200|200
0.41;0.1;0.04;0.02,0.5,200
0,0.55,0|0
5.11;0.64;0.31;0.25;0.25,0.85,200
1.03;0.25;0.21;0.04,0.85,200
0,0.55,0
1.84;0.64;0.31;0.3;0.25,0.85,200
0,0.75,0|0|0
0.4;0.24;0.2;0.14;0.13,0.75,200|200|200
0.08,0.55,200
0,0.55,0|0
0.41;0.2;0.14;0.07;0.04,0.5,200
3.18;1.58;0.82;0.8;0.36,1.4,200
0,0.55,0|0
2.39;0.8;0.14,0.85,200
0,0.75,0|0|0
0,1.7,0
0.29;0.03,0.55,200|200
0.04,0.55,200
0,0.5,0
0.11;0.06,0.55,200|200
2.4;1.2;0.19;0.14,0.85,200
0,1.7,0
0,1.7,0
0,0.55,0|0
0,1.7,0
1.49;1.2;0.64;0.61;0.48,0.55,200|200
0,0.55,0|0
3.18;1.08;0.88;0.85;0.61,0.85,200
0,1.35,0
0.04,0.55,200
0,0.75,0|0|0
0,0.55,0
0.68;0.64;0.31;0.26;0.24,0.55,200|200
0.21;0.19,0.55,200|200
1.24;1.2;0.2,0.55,200|200
0,0.55,0|0
0,0.75,0|0|0
1.2;0.47;0.25;0.14;0.11,0.75,200|200|200
1.6;0.56;0.05,0.85,200
0,1.35,0
0,0.7,0
0.12,0.55,200
0,0.9,0|0
0,1.35,0
0,0.75,0|0|0
0,0.55,0|0
0.52;0.2;0.07;0.04,1.35,200
0,1.7,0
0,0.9,0|0
0,1.35,0
0,0.7,204
1.2;0.51;0.4;0.35;0.12,0.85,200
0,0.75,0|0|0
0,0.55,0|0
0,1.7,204
0,0.55,0|0
0,0.55,0|0
0,0.75,0|0|0
0.82;0.18,0.55,200|200
0,0.55,0|0
0,0.55,0|0
0.28;0.13,0.55,200|200
80;1.2;1.03;0.38;0.25,1.35,200
0,0.55,0|0
0,1.35,204
0,0.7,204
1.13;0.63;0.16;0.13;0.12,1.1,200
0,0.55,0|0
0,0.55,0|0
0.13,0.55,200|200
0,0.55,0|0
0,0.9,0|0
0.13;0.07,0.55,200|200
0,1.35,204
0,0.7,204
1.59;0.62;0.28;0.16;0.08,1.1,200
0.26;0.1;0.04;0.04,0.5,200
0,0.9,0|0
0.77;0.4;0.19;0.16,0.55,200|200
0.25;0.13;0.08,0.55,200|200
2.98;1.14;0.21;0.14;0.07,0.85,200
0.89;0.27;0.17;0.08;0.08,0.85,200
0,0.7,0
0.04,0.55,200|200
0.05,0.55,200
0,0.55,0|0
1.6;0.83;0.36;0.2;0.16,1.35,200
0,0.55,0|0
0,0.55,0|0
0,0.55,0|0
0,0.55,0
0.24;0.2;0.16,0.55,200|200
1.24;1.19;0.83;0.64;0.4,1.35,200
0.97;0.83;0.36;0.2;0.06,1.35,200
0,0.55,0
0,0.75,204|204|204
3.11;2.98;0.34,0.85,200
0.04,0.55,200
0.04,0.55,200
0,0.55,0
0,1.7,204
2.48;0.8;0.34;0.16;0.09,0.85,200
0,1.35,204
3.1,1.35,200
0.4;0.16;0.09,0.55,200|200
1.64;0.68;0.28;0.15;0.13,0.85,200
0,1.7,0
0.2;0.16;0.16,0.55,200|200
0,0.55,0|0
0,0.55,0|0
0,0.55,0|0
0,1.7,0
0,1.35,0
0,1.7,0
0,1.7,0
0,1.7,0
0.68;0.32;0.32;0.28;0.28,0.55,200|200
0,0.55,0|0
0,0.55,0|0
0,0.55,0|0
0.2;0.16;0.09;0.06,0.55,200|200
0.03,0.55,200
0,0.55,0|0
0,1.35,204
2.11;0.96;0.76;0.58;0.47,0.85,200
0,0.7,204
2.36;1.21;0.69;0.62;0.57,0.85,200
0.08,0.55,200
0,0.55,0
0,0.75,0|0|0
1.03;0.4;0.38;0.34;0.32,0.55,200|200
0.04,0.55,200
0.14;0.08,0.55,200
0.06,0.55,200
0.14;0.08,0.55,200
0,0.55,0|0
3.02;2.67;2.28;0.31;0.14,0.85,200
0,0.5,0
0,0.55,0|0
0,0.5,0
0.14;0.11;0.05,0.55,200
1.03;1;0.38;0.34;0.32,0.55,200|200
0,0.55,0|0
0.04,0.55,200
0,1.7,0
0,1.7,0
0,1.7,0
0.85;0.8;0.64;0.34;0.24,0.85,200
0,1.7,0
0,0.55,0|0
0,1.05,0|0
0.4;0.23;0.16;0.09,0.55,200|200
0,0.55,0|0
0,0.55,0|0
0.12;0.04,0.55,200
4.52;1.2;1.04;0.64;0.34,0.85,200
0,1.7,0
0,0.55,0|0
0,0.55,0|0
3.11;0.43;0.32;0.24;0.16,0.85,200
0,0.55,0|0
0,0.55,0|0
0,0.55,204
0,0.9,0|0
0,0.75,0|0|0
0,0.75,0|0|0
0.91;0.21;0.02,0.85,200
0,0.55,0|0
0.2;0.16;0.09;0.07,0.55,200|200
3.07;1.33;0.28,0.85,200
80;1.27;1.19;1;0.56,1.1,200
2.88;0.78;0.25;0.21;0.08,0.85,200
0.98;0.38;0.35;0.18;0.14,0.85,200
0.2;0.16;0.11,0.55,200|200
0,0.55,0|0
0,1.7,0
0,1.7,0
0,1.7,0
0,0.9,0|0
0,0.75,0|0|0
0,0.55,0|0
0,0.55,0|0
0,0.75,0|0|0
0,0.55,0|0
0.01,1.35,200
0,0.7,0
0,0.55,204
0,1.7,0
0,0.75,0|0|0
0.01,0.55,200
0,1.7,0
1.2;0.81;0.2;0.2;0.08,0.85,200
0.04,0.55,200
1.26;0.72;0.07;0.04;0.04,0.5,200
1.35;0.07;0.07;0.04;0.04,0.5,200
0,1.05,0|0
0.32;0.12,0.5,200
0,0.9,0|0
0,1.7,0
2.67;0.87;0.82;0.73;0.63,0.85,200
0.6;0.2;0.12;0.08,0.9,200|200
0,0.75,0|0|0
0,0.75,0|0|0
0,1.05,0|0
0,0.5,0
1.2;0.24;0.24;0.12;0.05,0.75,200|200|200
0,0.5,0
0.14;0.12;0.1;0.08;0.04,0.55,200
0.2;0.08,0.9,200|200
0,0.5,0
0,1.35,0
1.44;0.32;0.14;0.04;0.04,0.5,200
0,0.75,0|0|0
0,0.55,0|0
0.36;0.36;0.04,0.5,200
0.04,0.55,200
0.04,0.55,200
0,0.9,0|0
0,0.55,0|0
3.18;2.73;1.18;0.58;0.57,0.85,200
0,0.55,0
0,0.55,0|0
0,0.9,204|204
2.61;1.81;1.21;1.13;0.5,0.5,200
0,0.75,0|0|0
0,0.55,0|0
0.12;0.06;0.05,0.55,200
0,0.55,0|0
4.42;0.36;0.13;0.08,1.1,200
0.16;0.12,1.35,200
0,0.7,0
0,0.55,0|0
1.67;0.65;0.4;0.16;0.13,1.1,200
0,1.05,0|0
0.69,0.55,200|200
0,0.9,0|0
0,0.55,0|0
0,0.75,0|0|0
0,0.9,0|0
0,1.7,0
0,1.05,0|0
0,0.55,0|0
0,0.9,204|204
1.04;0.52;0.14;0.11;0.05,0.5,200
0,0.75,0|0|0
2.33;1.66;0.89;0.52;0.36,0.5,200
1.49;0.56;0.25;0.14;0.07,0.5,200
2.2;1.6;1.4;1.17;1.13,0.5,200
0,0.75,0|0|0
2.96;0.07;0.05,1.1,200
0.2;0.05;0.02,0.9,200|200
0.4;0.05,0.9,200|200
0,1.7,0
0,0.5,0
0,0.9,0|0
0,1.7,0
0,0.55,0|0
0,1.7,0
0,1.7,0
0,0.9,204|204
1.36;1.26;1.13;0.64;0.43,0.85,200
1.32;1.04;0.42;0.32;0.27,1.1,200
4.8;1.12;0.93;0.65;0.53,0.85,200
0.33;0.28;0.21;0.13;0.11,0.55,200|200
4.88;0.83;0.32,1.05,200|200
0,0.9,0|0
0.2;0.2;0.05;0.02,0.5,200
0.26;0.14;0.04;0.04,1.05,200|200
0.83;0.32;0.08,0.75,200|200|200
0,0.75,0|0|0
0,0.55,0|0
4.11;0.8;0.21;0.05;0.04,1.05,200|200
0.83;0.4;0.32;0.08;0.05,0.75,200|200|200
0.83;0.32;0.08;0.08,0.75,200|200|200
1.32;0.48;0.27;0.19;0.16,1.1,200
0,0.75,0|0|0
16;3.16;0.18;0.18;0.1,0.5,200
1.6;0.36;0.25;0.2;0.08,0.9,200|200
1.32;0.53;0.24;0.17;0.11,1.1,200
0,1.35,0
1.67;0.18;0.11;0.09,0.9,200|200
1.12;0.4;0.36;0.17;0.09,1.1,200
3.32;0.37;0.31;0.28;0.25,0.85,200
0,0.7,0
1.18;0.72;0.37;0.04;0.04,0.85,200
0,1.7,0
1.32;0.32;0.21;0.18;0.04,1.1,200
0,0.75,0|0|0
1.4;0.72;0.53;0.48;0.25,0.85,200
1.4;0.31;0.28;0.25;0.14,0.85,200
1.4;0.72;0.29;0.25;0.04,0.85,200
0,0.75,0|0|0
0.53;0.4;0.21;0.19;0.11,0.9,200|200
3.97;1.88;0.69;0.36;0.28,1.4,200
0,0.55,0
1.6;0.59;0.35;0.13;0.06,0.85,200
0,0.55,0|0
0,0.5,0
1.6;0.74;0.35;0.18;0.07,0.85,200
0,0.5,0
0,0.75,0|0|0
0.36;0.2;0.18;0.09;0.05,0.9,200|200
0.71;0.14,1.35,200
3.18;1.6;0.35;0.16;0.08,0.85,200
7.62;1.33;1;0.6;0.48,1.4,200
0,0.9,0|0
0,0.75,0|0|0
0,0.55,0
1.36;0.36;0.14;0.1;0.04,0.85,200
7.62;2.01;1.23;0.36;0.28,1.4,200
7.62;2.03;0.6;0.48;0.36,1.4,200
0,0.55,0|0
0,0.9,0|0
7.62;1.89;1.23;0.52;0.46,1.4,200
7.62;1.45;0.93;0.6;0.36,1.4,200
0,0.75,0|0|0
0,0.55,0|0
2.16;0.32;0.05,1.1,200
0,1.7,0
0,0.75,0|0|0
0,0.75,0|0|0
0,0.55,0|0
0,0.55,0|0
0,1.7,0
7.62;1.52;1.29;0.52;0.36,1.4,200
7.62;1.26;0.72;0.48;0.36,1.4,200
0.58,1.7,200
0,1.7,0
0,1.05,0|0
0.8;0.14;0.05;0.04,1.05,200|200
0,1.7,0
0,0.55,0|0
0,1.7,0
0,0.9,0|0
1.67;0.89;0.14,0.85,200
0,1.7,0
0,0.9,0|0
0,1.7,0
0,0.55,200|204
0,0.5,0
0,0.55,204|204
0.04;0.03;0.02,0.55,200|200
0,0.9,0|0
0,0.55,0|0
0,0.55,200|204
0,0.55,204|204
0,0.55,200|204
0,0.55,204|204
0,0.55,0|0
0,0.55,0
0,0.9,0|0
0,1.7,0
0,1.7,0
0,0.55,0|0
0,0.5,0
0,0.55,204|204
0.32;0.25;0.05;0.04;0.04,0.55,200|200
0,0.75,0|0|0
0,0.55,0
0,0.55,0|0
0.45;0.06,1.7,200
0,0.9,0|0
0,0.9,0|0
1.2;0.24;0.11;0.04,0.75,200|200|200
0,0.55,0
0,0.75,0|0|0
0,0.55,0
0,0.9,0|0
0,0.9,0|0
0,0.5,0
1.67;1.26;1.05;0.38;0.2,1.4,200
0,0.55,0|0
0.04;0.01,0.75,200|200|200
4;0.61;0.4;0.28;0.2,1.4,200
0,0.9,0|0
0,0.55,0
0,1.7,0
0,1.7,0
0,0.9,0|0
0,0.75,0|0|0
0.46;0.23;0.08;0.02,1.7,200
0.93;0.6;0.4;0.08;0.02,0.85,200
0,0.5,0
0,0.55,204
0,0.55,0|0
0.45;0.36;0.04;0.03,0.9,200|200
0,1.7,0
0,1.7,0
0,1.7,0
0.36;0.34;0.22;0.21;0.14,0.9,200|200
0,1.7,0
0,0.5,0
1.6;1.32;0.44;0.32;0.08,1.7,200
0,1.7,0
1.6;0.98;0.34;0.05,0.85,200
0.24;0.14;0.12;0.11,1.7,200
0,0.55,0|0
1,1.05,204|200
0,1.7,0
0,1.05,204|204
0,0.55,0
1.48;0.89;0.02;0.01,0.5,200
0,0.9,0|0
0,0.55,0|0
0,0.75,0|0|0
0.85;0.16;0.15,1.35,200
0,1.05,204|204
0.22;0.16,0.55,200|200
0.4;0.13;0.02;0.01,0.5,200
0,0.5,0
0.73;0.13,0.75,200|200|200
0.16;0.12;0.04,1.35,200
0,0.55,200|204
0.17;0.12,1.35,200
0.16;0.12;0.04;0.02,1.35,200
0,0.5,0
0,0.9,0|0
1.48;0.31;0.02;0.01,0.5,200
0,0.9,0|0
1.6;0.47;0.28;0.28;0.02,1.35,200
0,1.35,0
4;0.36;0.28;0.25;0.16,1.35,200
3.17;1.02;0.74;0.55;0.5,0.9,200|200
0,0.55,0|0
0,0.9,0|0
4;0.92;0.47;0.4;0.28,1.35,200
0,0.9,0|0
0,0.55,0|0
0.83;0.24;0.12;0.05,0.9,200|200
0,0.9,204|204
0.83;0.29;0.12;0.05,0.9,200|200
0.12;0.05,0.9,200|200
0,0.9,0|0
0.83;0.29;0.12;0.04,0.9,200|200
0.06,0.9,200|200
0,0.7,0
0,0.75,0|0|0
0,0.55,0|0
0,0.5,0
0.36;0.2;0.12;0.02,1.7,200
0,0.9,0|0
0,0.5,0
0.34;0.12,1.7,200
0,1.7,0
0,0.5,0
0,1.7,0
0.12;0.01,1.7,200
1.6;0.72;0.56;0.4;0.27,0.55,200|200
0,0.9,0|0
0,1.35,0
0.34;0.11;0.02,1.7,200
0,0.7,0
0,0.9,0|0
0,0.9,0|0
0,1.7,0
0.74;0.3;0.19;0.04,0.55,200|200
0,1.7,0
0,1.7,0
0,0.9,0|0
0.36;0.21;0.08;0.01,0.9,200|200
0,0.75,0|0|0
0.36;0.21;0.21;0.05;0.01,0.9,200|200
0,0.9,0|0
0,0.75,0|0|0
0,1.7,0
0.99;0.74;0.36;0.17;0.1,0.55,200|200
0,0.5,0
0,0.55,0|0
0,1.7,0
0,0.55,0|0
0.04;0.03;0.01,0.5,200
1.13;0.7;0.36;0.28;0.01,1.7,200
0,0.55,0|0
0,1.7,0
0,0.5,0
0,0.5,0
0,0.5,0
0.73;0.65;0.57;0.33,1.7,200
0,1.7,0
0,0.9,0|0
1;0.12,1.7,200
0,1.7,0
0,1.7,204
0,0.5,0
0.2;0.13,0.5,200
0.2;0.18,0.5,200
0.24;0.12,0.5,200
0.22;0.2;0.13,0.5,200
0.2;0.13,0.5,200
1.26;0.2,0.5,200
0,1.7,0
1.8,1.7,200
0,0.9,204|204
0.2;0.18,0.5,200
0,0.9,204|204
0,0.5,0
0,0.9,0|0
3.6;1.07;0.65;0.55;0.41,1.1,200
0,0.5,0
0,0.5,0
0,0.9,0|0
0,0.5,0
0,0.9,0|0
1.52;0.02,0.5,200
0,1.7,0
2.57;0.24;0.23,0.5,200
1.41;0.16;0.12,0.5,200
0.5;0.3;0.29;0.2;0.18,1.7,200
0.87;0.68;0.2;0.04,1.7,200
0.68;0.5;0.28;0.2;0.18,1.7,200
0.68;0.29;0.2;0.2;0.04,1.7,200
0.68;0.5;0.28;0.2;0.14,1.7,200
0.68;0.29;0.2;0.2;0.06,1.7,200
0.76;0.68;0.5;0.29;0.2,1.7,200
0.68;0.3;0.3;0.28;0.2,1.7,200
0,0.5,0
0,0.5,0
0,0.5,0
0,0.9,0|0
