0.02,1.55,200
0,2.75,0
0,1.75,0|0
0,1.55,0
0,2.75,0
0,2.75,0
0,2.75,0
0,1.75,204|204
0,1.75,0|0
2.4;1.76;1.12;0.89;0.02,1.75,200
0,1.95,0
2.8;0.84;0.74;0.27;0.13,2.75,200
0,1.55,0
0,1.95,0
0,2.75,0
0,2.75,0
0,1.55,0
0.09;0.05,2.75,200
0,1.75,0|0
0.04,1.55,200
0,2.15,0|0
1.86;1.2;0.28;0.16;0.11,1.95,200|200
0,1.95,0
0,2.45,0
0,2.75,0
0.06;0.04,1.55,200
0,1.55,0
0.42;0.1;0.06;0.05,1.75,200|200
0,2.45,0
0,1.55,0
1.23;0.25;0.24;0.08;0.06,2.45,200
0,1.55,0
0,1.95,0|0
0,1.75,0|0
0,2.15,0|0
0,1.55,204
0,2.75,0
0.16,2.15,200|200
9.21;0.55;0.38;0.07,1.95,200
0,1.55,0
0.02,2.75,200
0.03;0.01,2.75,200
0,1.75,0|0
0,1.95,0|0
0,1.55,0
0,1.55,0
1.36;0.55;0.36;0.3;0.23,1.95,200
0,1.75,204|204
0,1.75,0|0
0,2.75,0
0,1.95,0|0
0,2.15,0|0
1.9;0.08,2.45,200
0,1.55,0
0,2.45,0
0,1.95,0|0
0,2.75,0
0,1.95,204
0,1.95,0|0
0,1.95,0|0
0,1.55,0
0.99;0.45;0.26;0.14;0.1,2.75,200
0,2.75,0
0,1.55,0
0,2.15,0|0
0.67;0.22;0.2;0.18;0.16,2.45,200
0,1.95,0|0
0,2.75,0
1.36;0.26;0.01,1.95,200
0.15,1.95,200|200
0.02,2.75,200
0,2.75,0
1.2;0.8;0.1;0.08;0.05,1.95,200|200
0.12;0.07,2.75,200
0,2.15,0|0
0,1.75,0|0
0,2.15,204|204
0,1.55,0
0,2.15,0|0
0,2.15,0|0
1.36;0.59;0.45;0.44;0.2,1.95,200|200
0,1.95,0|0
0,1.95,0
1.23;1;0.93;0.67,2.45,200
1.21;0.1,1.55,200
0,1.95,0|0
0,1.75,0|0
0.1;0.02,1.95,200|200
0,1.95,0|0
1.71;0.66;0.55;0.26;0.23,2.45,200
0,1.95,0|0
2.19;0.48;0.2;0.13,2.15,200
0,1.55,0
0,1.55,0
2;1.16;0.37;0.19;0.16,1.55,200
0,1.95,0|0
0.01,2.15,200|200
0,1.75,0|0
1.86;0.01,1.75,200
0,1.95,0|0
0.2;0.04,2.15,200|200
0.2;0.07,2.75,200
0.03,1.95,200
0,1.95,0
2;0.02,1.55,200
0,1.55,0
0,1.75,0|0
0.68;0.12;0.12,1.75,200|200
0.16;0.07;0.02,2.45,200
0.04,1.95,200
0,2.75,0
0,1.55,0
0,2.15,0|0
0,1.75,0|0
0,1.75,0|0
1.51;0.12;0.11;0.06,2.45,200
0,1.95,0
0,1.55,0
0,2.15,0|0
0,2.75,0
0,1.95,0|0
0,1.75,0|0
0,2.75,0
0.33;0.12;0.02,1.95,200
0.2;0.09,2.75,200
0.76;0.4;0.19;0.05,1.95,200
0.68;0.07,1.95,200|200
0,1.55,0
0,2.75,0
0,1.55,0
3.98;1.49;1.03;0.88;0.48,2.45,200
0.55;0.54;0.23;0.2;0.16,2.45,200
0.27;0.07;0.06,2.75,200
0,2.45,0
0,1.55,204
0,2.75,0
0,1.75,0|0
0,1.75,0|0
0,2.45,0
0,1.55,0
0,1.95,0|0
0,1.95,0|0
0,2.75,0
0,1.55,204
0,2.75,0
0,1.75,0|0
0,1.75,0|0
0,1.95,204
0,1.55,0
0,2.45,0
0,2.15,0|0
0,1.95,0
0,2.45,0
0,1.95,0|0
0,1.55,0
0,1.55,0
0.44;0.32;0.01,1.75,200|200
0.67;0.55;0.19;0.07;0.04,2.75,200
1.6;0.04,1.75,200|200
0,1.55,204
1.86;0.03,1.95,200|200
0,1.55,0
0,2.45,0
0.04,2.15,200|200
0,2.75,204
0,1.95,0
0,2.75,0
0.26;0.2,2.75,200
0,1.55,0
0,1.75,0|0
0.26;0.08,2.15,200|200
0,2.45,0
0,2.45,204
0,2.75,0
0.28,1.95,200
0,2.75,0
0,1.95,0|0
0,1.75,0|0
0,1.95,0|0
0,1.55,0
0,1.55,0
0,2.15,0|0
0,1.55,0
0,1.95,0|0
0,1.55,0
0,2.45,0
0,2.15,0|0
0,1.95,0
0.12;0.04,1.55,200
0,2.45,0
0,1.75,0|0
0,2.75,0
0.26;0.16;0.09,2.15,200|200
0,1.75,0|0
0,1.55,0
0,2.15,0|0
0,1.75,0|0
2;1.86;1.36;0.64;0.6,2.45,200
0,2.75,0
0,2.15,0|0
0,2.75,0
0,1.95,204|204
0,2.45,0
0,2.15,0|0
0,1.95,0|0
0,2.15,0|0
0.01,2.15,200|200
0,1.95,0
0,2.75,0
0.56;0.16,2.45,200
0.07;0.06,2.75,200
0,1.75,0|0
0.8,1.75,204|200
0,2.75,0
3.2;2.66;1.44;0.36;0.05,2.45,200
0,1.95,200|204
0,1.75,0|0
0,1.95,0
0,1.95,0
0.06;0.02,1.95,200|200
0,1.55,204
2.4;1.86,1.55,200
0,2.75,0
0,2.45,0
0,2.45,0
0,2.75,0
0,1.55,0
0.6;0.19;0.04,1.95,200|200
1.2;0.68,2.15,200|200
0,1.95,0|0
2.63;0.39;0.28;0.2;0.06,1.95,200|200
0,1.55,0
3.36;2.83;1.36;0.55;0.54,2.45,200
0,2.75,0
0,1.95,0|0
0,1.95,0|0
0,1.75,0|0
0.04,2.75,200
0,2.75,0
0,2.75,0
0,1.55,0
0,1.95,0|0
0,2.45,0
0,2.45,0
0,1.95,0|0
0,1.95,0
0,1.55,0
0,1.75,0|0
0,2.15,0|0
0,2.75,204
0,2.45,0
2.25;0.01,2.15,200
0,1.95,204
0,1.95,0
0.12,2.75,200
0,1.95,0|0
1.86;0.01,1.55,200
0,1.95,0
0,2.45,0
0,2.15,0|0
0.72;0.17;0.11,1.95,200|200
0,2.45,0
0,1.95,0
0,2.75,204
0,1.95,0|0
0.02;0.02,2.75,200
0.2;0.04;0.03,1.75,200|200
0,1.95,0|0
0,2.45,0
0,1.95,0|0
0,2.45,204
0,2.15,0|0
0.04,1.55,200
0,2.45,0
0,1.55,0
1.44;0.3;0.27;0.16;0.04,2.75,200
0,1.55,0
0,2.75,0
0,2.45,0
0,1.95,0
0.41,1.75,200|200
0.8;0.1,1.55,200
0,1.95,0
0,1.55,0
0,1.55,0
0,1.95,0
0,2.45,0
0,1.95,0
0,1.55,0
0,1.95,0|0
0,1.95,0
0,1.95,0
8.48;2.47;1.4;0.58;0.4,2.15,200
0,2.45,0
0,2.15,0|0
0,1.55,0
4;2.47;0.8;0.55;0.07,1.55,200
0,2.15,0|0
0,2.75,0
0,2.15,0|0
0,1.55,0
0.04,1.75,200|200
0.8;0.65;0.46;0.18;0.14,2.75,200
0,1.55,0
0,2.75,0
0,1.55,0
0,2.75,0
0,1.55,0
0,1.75,0|0
0.23;0.04,1.75,200|200
0.4;0.12,2.75,200
0.03;0.02,2.15,200|200
0,1.75,200|204
0,1.75,0|0
0,2.45,0
1.33;0.29,1.95,200
0,1.95,0|0
0,1.75,0|0
0,2.15,0|0
0,1.55,0
0,1.95,0
0,2.15,0|0
1.92;0.91;0.87;0.46;0.34,2.45,200
0,1.75,0|0
0,1.95,0|0
0.76;0.25;0.19,1.55,200
0.03,2.75,200
0,1.75,0|0
0,1.75,0|0
0,2.45,0
9.21;0.6;0.58;0.31;0.14,1.95,200
0,1.95,0
0.04,1.95,200|200
0.16;0.07,2.15,200|200
0,1.95,0
0,1.55,0
0,1.95,0
0,1.55,0
1.82;0.51;0.33;0.06;0.01,2.45,200
0,2.45,0
0.31;0.04,2.15,200|200
0,2.45,0
0,1.95,0
0,2.15,200|204
0.56;0.08;0.05;0.04,1.95,200|200
0.2;0.12,2.45,200
0,1.95,0|0
0.72,1.55,200
0,2.45,204
0,1.75,0|0
0,2.45,0
0,2.45,0
0,1.95,0|0
0,1.75,0|0
0,1.75,0|0
0,1.55,0
0,2.15,0|0
0,1.95,0
1.36;1.23;0.44;0.36;0.22,2.45,200
0,1.95,0|0
0,1.95,0
0,1.75,0|0
0,1.55,0
0,1.95,0|0
0,2.75,0
0,1.55,0
0,1.55,0
0.04,2.15,200|200
0,2.75,0
1.03;0.29;0.24,2.75,200
0,2.15,0|0
0,2.75,0
1.86;1.36;1.06;0.56;0.56,1.95,200
1.43;0.8;0.64;0.28;0.27,1.95,200
0,1.75,0|0
0,1.55,0
0,1.95,0|0
0,1.75,0|0
0,2.75,0
0,2.15,0|0
0,2.45,0
1.23;0.64;0.44;0.41;0.22,2.15,200|200
0.8,1.95,200|200
0,1.95,0|0
0,1.95,0|0
0,1.75,0|0
0,1.95,0|0
0,1.75,0|0
0,2.75,0
1.33;0.64;0.38;0.19;0.12,2.45,200
1.23;0.44;0.04;0.03,1.95,200
0,2.15,0|0
0.46;0.02;0.02,1.95,200|200
0,1.75,0|0
0,1.95,0|0
0,1.95,0
1.36;0.79;0.4;0.28;0.23,1.95,200
0,1.55,0
0.03;0.01,2.75,200
0.9;0.48;0.36;0.12;0.09,2.75,200
0.27,2.75,200
0.4;0.06;0.04;0.03,1.75,200|200
0,2.15,0|0
0,1.75,0|0
0,1.95,0
0,1.55,0
0,2.75,0
0,1.95,0|0
0.64;0.29;0.1;0.03,1.95,200
0,2.15,0|0
0,2.75,0
0,1.55,0
0,1.75,0|0
1.23;0.44;0.28;0.15;0.12,2.75,200
0,2.75,0
0.03;0.02;0.01,2.15,200|200
0,1.55,0
0,1.95,0
0,1.95,0|0
0,1.95,0|0
0,1.75,0|0
0.16;0.08,1.75,200|200
0,2.45,0
0.2;0.04,1.95,200|200
0,1.55,0
0.58;0.44;0.37;0.09;0.04,2.15,200|200
0,2.75,0
0,1.95,0
0,2.15,0|0
0,2.75,0
0.26,1.95,200
0,1.95,0|0
0.24;0.13;0.02,1.95,200|200
0,1.75,0|0
0,1.95,0|0
0,1.55,0
0,1.55,0
0.48;0.16;0.16;0.16;0.04,2.75,200
0,2.45,0
0,1.55,0
0,1.95,0|0
0,1.55,204
0.06;0.02,1.95,200|200
0,2.75,0
0,2.75,0
0,1.75,0|0
5.22;0.58;0.29;0.28;0.06,1.95,200
0,1.75,0|0
1.12;1;0.27;0.26;0.07,1.95,200|200
0,1.95,0|0
0,2.75,0
0,2.75,0
0,1.75,0|0
0,1.95,0|0
0,2.75,0
3.39;0.01,2.75,200
0,1.95,0
0,1.95,0|0
0.2;0.05,1.55,200
0,1.95,0
0,1.55,0
0.16;0.06,2.75,200
0,1.95,204
0.04,2.45,200
2.4;1.36;0.27;0.2;0.05,2.15,200
0.68,2.15,200|200
0,1.75,0|0
0,2.15,0|0
0,2.75,204
0,2.45,0
0,1.75,0|0
0,2.45,0
0,2.15,0|0
0.45;0.16;0.15;0.08;0.05,1.95,200
0.24;0.15;0.03,1.55,200
0.04,2.75,200
0,2.75,0
0,2.75,0
0.8,1.95,204|200
1.44;0.4;0.13;0.13;0.02,1.75,200|200
0,2.75,0
0,2.15,204|204
0,2.75,0
0,2.75,0
0,2.75,0
0.27;0.12;0.07;0.05,1.55,200
0,2.15,0|0
1.6;0.75;0.59;0.57;0.16,2.75,200
0,2.45,0
0,1.95,0|0
0,1.95,0|0
2.47;1.6;0.32;0.19;0.01,2.15,200
0,1.95,0
0,1.95,0|0
0,1.95,0|0
0,1.75,0|0
0,2.15,0|0
0.16,2.45,200
0.05,2.45,200
0,1.95,0
0.64;0.54;0.36;0.32;0.12,2.75,200
0,2.15,0|0
0,1.95,0
0,1.95,0|0
0,1.95,0
0.12;0.03,1.95,200|200
0,2.45,0
0.04;0.02,1.75,200|200
0,2.15,0|0
0,1.55,0
0,1.75,0|0
0,2.75,0
0,2.75,0
0,1.95,0|0
0,1.55,0
0,1.75,0|0
0.16;0.12,2.45,200
0,2.45,0
0,1.95,0|0
0,2.75,0
0,2.75,0
0,1.55,0
0,1.55,0
0,2.75,0
0,1.95,0|0
0.05,2.45,200
0.2,2.45,200
0,1.55,0
0,2.45,0
0,1.95,0
0,1.55,0
0,2.75,0
0,1.75,0|0
0,2.45,0
0.04,2.45,200
0,1.95,0
0,1.95,0|0
1.23;0.8;0.6;0.5;0.48,2.45,200
0,1.95,0|0
0,1.95,0|0
0,1.55,0
0,1.95,0
0,2.75,0
0,1.55,0
0,1.55,0
0,1.55,0
0.24;0.2;0.14;0.07;0.04,2.15,200|200
5.6;2.47;1.76;1.36;1.32,2.45,200
1.1;0.29;0.04;0.02,2.15,200|200
0,2.75,0
0.8;0.2;0.19,2.75,200
1.23;0.52;0.44;0.04,2.75,200
0,2.15,0|0
0,1.95,0|0
0.12;0.02,2.15,200|200
0.48;0.16;0.12;0.06,1.75,200|200
0,2.45,0
0.98;0.58,2.75,200
0,1.95,0|0
0,1.55,0
0,1.95,0|0
0,1.55,0
1.86;1.44;0.08,2.75,200
1.44;0.03,2.45,200
0,1.75,0|0
0,2.75,0
0,1.55,0
0,2.45,0
0.44;0.2;0.07,1.95,200
0,1.55,0
0,1.95,0|0
0,1.95,0|0
0,2.75,0
0,2.15,0|0
0.07,2.75,200
0,1.95,0|0
0,1.95,0|0
0,1.55,0
0,2.15,0|0
0,1.95,0
0,1.75,0|0
2.36;0.23;0.19;0.16;0.08,2.15,200
0.04,1.75,200|200
0,2.15,0|0
1.64;0.11,1.95,200
0.6;0.48;0.27;0.13;0.11,1.55,200
0.06,2.45,200
0,1.95,0|0
0,2.75,0
0.19,1.95,200|200
0,1.75,200|204
0,1.95,0|0
0,1.95,0|0
0,1.55,0
0.45;0.36;0.12;0.01,2.45,200
0,1.95,0|0
0,1.55,0
0,1.55,0
0,1.95,0|0
0,1.95,0|0
1.53;1.41;1.2;0.14,1.95,200
0,2.75,0
0,2.15,0|0
0,1.55,204
0,2.15,0|0
0,1.95,0
0.4;0.16;0.05;0.02,2.75,200
2;0.4;0.21;0.03,2.75,200
0,2.75,0
0,2.75,0
0,1.75,0|0
0,1.95,0|0
0,1.95,0|0
0,1.95,0|0
0,2.45,0
0,1.55,0
0,2.45,0
0,2.75,0
0,2.45,0
0,2.75,0
0,1.55,0
0,1.75,0|0
0,1.75,0|0
0.32;0.01,1.75,200|200
0,1.75,0|0
0,2.15,0|0
0,1.95,0
0.27,1.55,200
1.04;0.44;0.4;0.08;0.02,1.95,200|200
0,2.75,0
0,1.75,0|0
0,1.95,0
0,2.75,0
0,2.45,0
0.19;0.14;0.12;0.04,1.95,200|200
0,1.55,0
0,2.75,0
1.23;0.52;0.21;0.06,1.95,200
0,2.45,0
0,1.75,0|0
0,1.55,0
0,1.95,0|0
0,1.75,0|0
0,2.15,0|0
0,1.95,0|0
0,1.75,0|0
0,1.95,0
0,1.55,0
0.2,1.95,204|200
0,1.95,0|0
0.03,1.75,200|200
1.44;1.25;0.49;0.37;0.28,1.95,200|200
1.43;1.36;0.81;0.8;0.6,1.95,200|200
0,2.75,0
0,1.75,0|0
2.4;1.36;0.26;0.24;0.15,2.75,200
0,1.95,0|0
0,1.95,0|0
0.01,2.75,200
0.14;0.01,2.75,200
0.12;0.04,2.45,200
0,2.15,0|0
0,1.55,0
0,2.45,0
1.68;1.2;0.82;0.8;0.6,2.15,200|200
0,2.75,0
0,1.75,204|204
0,1.95,204|204
0.02,1.95,200|200
0,1.95,0|0
0,1.75,0|0
0,1.95,0|0
0,1.95,0|0
0,1.95,0
0,1.55,0
0,2.15,204|204
0,1.55,0
0,1.95,0|0
0,2.75,0
0,2.75,0
0,2.15,0|0
0,1.55,0
0,2.15,0|0
0,1.75,0|0
0,1.55,0
3.16;1.2;0.8;0.44;0.17,2.15,200
0,2.15,0|0
0,2.75,0
2.71;2;1.33;1.03;0.72,1.95,200
0,2.45,0
0,1.95,0|0
0.53;0.46;0.16;0.03,1.95,200|200
0,1.75,0|0
1.13;0.8;0.14;0.03,1.95,200|200
0,1.95,0|0
0,1.55,0
0,1.75,0|0
0.63;0.48;0.28;0.18;0.07,1.95,200|200
0,1.95,0
2.25;1.57;1.44;1.2;0.76,2.75,200
0,1.75,0|0
0,1.95,0|0
2.86;1.44;1.05;0.96;0.32,2.15,200
4.58;0.42;0.36;0.19;0.13,1.55,200
0.12,1.75,200|200
0,1.75,0|0
1;0.8;0.37;0.17;0.07,2.45,200
0,1.75,0|0
0.07;0.02;0.02,1.55,200
0,1.55,0
0,2.15,0|0
0,2.45,0
0,2.45,0
0,1.95,0
0,2.45,0
0,1.75,0|0
0,2.15,0|0
0,2.45,0
0.03,1.55,200
0,2.45,0
0.2;0.1,2.75,200
0,1.55,0
0,1.95,0
0,1.55,0
0,1.55,0
0,2.45,0
0,1.75,204|204
0.07,2.45,200
0,1.95,0|0
0,1.95,0
0,2.75,0
1.4;0.71;0.36;0.27;0.16,2.75,200
0,1.55,0
0,2.15,0|0
0,1.75,0|0
0,2.75,0
0,1.95,0|0
0,2.45,0
0.04,2.75,200
0,2.15,0|0
0,2.15,0|0
1.66;0.8;0.67;0.64;0.33,2.15,200|200
0,2.45,0
0.05,1.95,200
0,2.15,0|0
0,2.45,0
0,2.75,0
0,2.75,0
0,1.55,0
0,2.75,0
0,1.75,0|0
1.06;0.75;0.59;0.39;0.24,2.75,200
0,1.95,0|0
0,2.75,0
0,1.55,0
0,1.95,0|0
0,2.45,0
0,1.75,0|0
0,1.95,0|0
0,1.75,0|0
0,2.75,204
0,2.45,0
3.1;1.44;1.16;0.67;0.43,2.75,200
0,1.95,0|0
0,1.95,0|0
0,2.75,0
0.2;0.07,2.15,200|200
0,1.95,0
0,1.55,0
0,1.75,0|0
0.2,2.75,200
0.05,2.15,200|200
0,2.45,0
0,2.75,0
0,1.55,0
0,1.55,0
0,1.95,0
0,1.75,0|0
0,1.75,0|0
0,1.75,0|0
0.26;0.14;0.09,2.15,200|200
4.45;1.57;0.76;0.18;0.08,2.15,200
0,1.95,0|0
0,2.75,0
0,1.55,0
0.01,2.45,200
1.23;0.24;0.07,2.45,200
0,1.95,0
0.02,2.15,200|200
0,1.95,0|0
0,2.75,0
0,1.95,0|0
0,2.75,0
0.8;0.68;0.66;0.6;0.16,1.95,200
0,1.95,0
0,1.95,0
0,2.15,0|0
80;2;0.81;0.36;0.28,1.95,200
0,1.95,0|0
0,1.55,0
0,2.75,0
0,2.45,0
0,2.45,0
0,2.75,0
1.44;0.24;0.18;0.12;0.12,1.95,200|200
0,1.75,0|0
0,1.75,0|0
0,1.95,0
0,1.95,0|0
0,1.55,0
0,1.75,0|0
0,1.75,0|0
0,1.55,0
0,1.95,0|0
0,1.55,0
0,2.15,0|0
1.23;0.68;0.64;0.16;0.06,1.95,200
0.03,1.95,200|200
0,2.15,0|0
0,1.95,0|0
0,1.55,0
0,1.95,0|0
0,1.95,0|0
0,1.75,0|0
0,1.95,0
0.16;0.02,1.55,200
0,1.95,0|0
0,1.95,0
0,2.45,0
0,1.75,0|0
0,1.55,0
0,1.75,0|0
0,1.75,0|0
0.12;0.01,1.55,200
0,1.95,0
0,2.15,0|0
0,1.95,0|0
0,1.55,0
0,1.55,0
1.86;0.02,1.55,200
0,1.95,0
0,1.75,0|0
0,2.45,0
0,1.95,0|0
0,1.95,0
0,1.95,0
0.55;0.23;0.12;0.04,1.95,200|200
2.8;0.51,2.15,200
0.03;0.01,1.95,200
0,1.95,0|0
1.74;0.89;0.71;0.53;0.29,1.95,200
0,1.75,0|0
0,1.75,0|0
0,1.95,0
0,1.95,0|0
0.22;0.08;0.07,1.55,200
0,1.95,0|0
0,1.95,0|0
0.92;0.59;0.34;0.16;0.12,2.75,200
0.32;0.3;0.13;0.11;0.06,1.75,200|200
0.22;0.04,2.75,200
0,2.45,0
0,1.95,0
0.72;0.07;0.02,1.95,200
0,2.45,0
0,1.75,0|0
0,1.95,0
0.03;0.01,2.45,200
0,1.95,0
0,2.45,204
0,1.75,0|0
0,1.95,0
0,2.15,0|0
0,2.75,204
0.8;0.68;0.07;0.01,2.15,200|200
4.45;2.63;0.4;0.27;0.2,1.55,200
0,1.55,0
0,1.95,0
0,1.55,0
0.04;0.03,2.75,200
0,2.45,0
0,1.95,0
0,2.45,0
0.24;0.2;0.07,2.75,200
0.04;0.02,1.95,200
0.56;0.27;0.24;0.04,1.95,200
0,2.15,0|0
1.86;0.14;0.04;0.04,2.75,200
0,1.95,0|0
0,1.75,204|204
0,2.45,0
1.39;0.8;0.6;0.25;0.16,1.55,200
0,2.75,0
2.21,1.95,200|200
0,1.95,0|0
0,1.95,0
0,1.75,0|0
0.04,2.75,200
0,1.95,0|0
0,1.95,0|0
0,1.55,0
0,2.75,0
0,1.95,0
0.98;0.36;0.28;0.27;0.21,1.55,200
0,1.55,0
0,1.55,0
0,1.75,0|0
0,2.15,0|0
0.03,1.95,200
0,1.55,0
0.31;0.11;0.08,1.95,200
0.04,1.55,200
0,1.95,0
1.86;0.8;0.02,1.95,200|200
0,1.55,0
0,2.75,0
0,2.15,0|0
0.2;0.08,1.95,200|200
0,1.95,0
0.56;0.07;0.07,2.15,200|200
0.12,1.95,200|200
0.28;0.27;0.08;0.07,2.15,200|200
0,1.95,0
0,1.55,0
0,2.75,0
0.04;0.02,1.95,200|200
0,1.95,0|0
0,2.75,0
1.03;0.8;0.43;0.12;0.12,1.95,200
0,2.45,0
0,1.95,0|0
0.08,1.95,200
0,2.45,0
0,1.95,0
0,1.95,0
0,1.55,0
0.8;0.12;0.02;0.01,1.75,200|200
0.4;0.17,2.75,200
0,1.95,0|0
0.1;0.06,1.75,200|200
3;1.21;0.59;0.56;0.24,2.75,200
0,1.95,0|0
0,2.45,204
0,1.95,0|0
0,1.95,0|0
0,1.95,0
2.04;1.44;0.51;0.04,1.75,200
0,1.75,0|0
1.86;0.12,1.75,200
1.2;0.89;0.74;0.05;0.01,1.75,200|200
0,1.75,0|0
3.14;0.77;0.59,1.55,200
0,2.15,0|0
0,1.75,0|0
0,1.55,0
0,1.95,0
0,2.75,0
0,1.75,0|0
0.28;0.2;0.12;0.02;0.01,2.75,200
0,2.45,204
0,2.75,0
1.86;0.23;0.2;0.08,1.95,200|200
0.28,2.75,200
0,2.75,0
0,2.75,0
0,2.75,0
0.59;0.07;0.02;0.01,1.95,200|200
0,2.75,0
0,1.75,0|0
0,1.75,0|0
1.36;0.4;0.19,1.95,200|200
0,1.55,0
0,1.95,0|0
0,2.15,0|0
0,1.75,0|0
0,1.75,0|0
0,2.15,0|0
0,1.95,0|0
0.72;0.2;0.07;0.02,2.15,200|200
0,1.95,0|0
0,1.95,0|0
0,2.45,0
0,2.75,0
0.59;0.07;0.02,2.75,200
0.57;0.24;0.04;0.03,2.75,200
0,2.15,204|204
0,2.75,0
0,2.15,0|0
8;0.58;0.41;0.05;0.04,2.15,200|200
0,1.95,200|204
2.9;1.23;0.8;0.36;0.23,2.15,200
0.12,1.75,200|200
0,1.95,0|0
0.1;0.02,1.95,200|200
0,2.45,0
0,1.95,0
0,1.75,0|0
0,1.55,0
0,1.95,0|0
0,2.45,0
0,2.75,0
0,1.95,0
0,2.15,0|0
0,2.75,0
0,1.55,0
0.6,1.95,200|200
0,1.95,0
0,1.95,0
0,1.55,0
0,2.75,0
0,1.55,0
0,2.45,0
0,2.75,0
0,1.55,204
0,1.95,0|0
0,2.45,0
0.12;0.05;0.04,2.75,200
0,2.75,0
0,2.45,0
0,2.15,0|0
0,2.15,0|0
0.52;0.27;0.16;0.12,2.15,200|200
0,1.75,0|0
0.02,2.75,200
0,1.75,0|0
0,1.55,204
0,2.75,0
0,1.95,0|0
0,1.95,0|0
0,2.45,204
0,2.45,0
0,1.95,0|0
0,1.95,0|0
0,2.45,0
0,2.75,204
0,1.95,0|0
6.35;1.44;1.28;1.23;0.82,2.75,200
0,1.55,0
0,1.75,0|0
0,1.75,0|0
0.12;0.02;0.02,1.95,200|200
0,2.75,0
1.36;0.8;0.68;0.6;0.55,1.95,200|200
0,2.15,0|0
0.16;0.05,2.75,200
0,1.55,0
0,1.75,0|0
0,2.15,0|0
0,1.75,0|0
0,1.55,0
0,2.45,0
0,2.45,0
0,1.75,0|0
0,1.95,0
0,1.55,204
0,2.45,0
0,2.45,0
0.68;0.04,1.95,200
0,1.95,0|0
0,2.75,0
0,2.75,0
0.03,1.95,200
0,1.75,0|0
0,1.75,0|0
0,1.75,0|0
0,2.45,0
0,1.95,0
0,2.15,0|0
0.2,1.75,200|200
3;1.36;0.57;0.44;0.32,1.55,200
0,2.15,0|0
0,2.15,0|0
0,2.75,0
0,1.55,0
0,2.75,0
0,1.95,0|0
0,2.75,204
5.56;0.59;0.29;0.23;0.21,1.95,200|200
0.55;0.13;0.07,1.55,200
0.06,2.75,200
0,1.75,0|0
0,2.45,0
0.03,1.55,200
0,1.75,0|0
1.36;0.2,1.95,200|200
0,2.75,0
0,1.95,0
0,1.55,0
1.86;0.29;0.12;0.04,1.75,200
1.86,1.75,200
1.2;0.67;0.54;0.37;0.36,2.75,200
0,1.75,0|0
0.37;0.36;0.28;0.19;0.04,1.95,200
0,1.95,0|0
0,2.15,0|0
0,2.15,0|0
0,1.75,0|0
0,1.55,0
0,2.15,0|0
0,1.95,0|0
2.27;0.55;0.27;0.24;0.2,1.55,200
0,1.95,0
0,1.95,0|0
0,1.55,0
0,1.75,0|0
0,1.75,0|0
0,2.15,0|0
0,1.95,0
0,1.95,0
0,1.55,0
0,1.55,0
0,2.75,0
0,1.75,0|0
0,2.75,0
1.36;0.04,2.75,200
0,2.75,0
0,1.95,0
0,1.95,0
1.08;0.48;0.21;0.08,2.45,200
0,1.55,0
0.03,1.95,200|200
0,2.75,0
0.07,1.95,204|200
0.03;0.01,1.75,200|200
0,1.95,0|0
0,1.75,0|0
0.76;0.48;0.18;0.17;0.05,1.95,200
0,1.55,0
0,1.55,0
6.07;0.03,2.75,200
0,1.75,0|0
0,2.15,200|204
0,2.15,0|0
0,2.45,0
0,1.55,0
0,2.15,0|0
0,1.95,0
0.56;0.34;0.15;0.14;0.03,1.95,200|200
0,1.95,0|0
3.57;0.56;0.27;0.22,2.45,200
0,1.95,0
0,1.95,0|0
0.01,2.15,200|200
0,1.95,0|0
0,2.75,0
0,2.45,0
0,1.55,0
0,1.55,0
0,1.75,0|0
1.36;0.68;0.61;0.37;0.32,2.45,200
1.2;0.8;0.8;0.37;0.13,1.95,200|200
0,2.15,204|204
0,2.15,0|0
0.14;0.06;0.01,1.75,200|200
0,1.95,0|0
0,2.75,0
0,1.75,0|0
0,2.15,0|0
0,2.45,0
1.97;1.76;0.5;0.43;0.4,1.95,200|200
0,1.95,0|0
0,1.95,0|0
0,2.15,0|0
0,2.15,0|0
0,1.75,0|0
0.03,2.75,200
0,1.75,0|0
0,2.75,0
0.75;0.51;0.24;0.13;0.1,1.95,200|200
0,2.15,0|0
0,2.15,0|0
0,1.95,0
0,1.95,0
0,1.55,0
0,1.55,0
0,1.95,0|0
0,1.95,0|0
0.02,1.95,200
0,1.95,0
0,2.45,0
0,2.75,0
0,1.75,0|0
0,1.55,0
0,1.55,0
1.86;0.01,2.45,200
0,1.75,0|0
3.2;0.28;0.28;0.2;0.13,2.15,200
0.16;0.1;0.02,1.95,200
0,1.75,0|0
1.36;0.6;0.56;0.17;0.07,2.45,200
0,1.95,0|0
0,1.95,0
0,2.45,0
0,2.75,0
0,1.95,0|0
0,1.75,0|0
0,1.75,0|0
0,1.75,0|0
0,2.15,0|0
0,2.45,204
0.02,1.95,200
0.89;0.48;0.08;0.07;0.04,2.45,200
0.93;0.05,2.15,200|200
1.36;0.8;0.31;0.28;0.13,2.45,200
0,1.55,0
0,1.75,0|0
0,2.45,0
0,1.75,0|0
0,1.75,0|0
0,2.75,0
0.18;0.04;0.02,1.95,200
0,1.55,0
0,1.75,0|0
0,1.95,0|0
0,1.75,0|0
2.16;1.43;0.63;0.13;0.08,1.55,200
0.48;0.34;0.03,1.75,200|200
0.92;0.61;0.22;0.2;0.02,2.15,200|200
0,1.55,0
0,1.95,0|0
0.14;0.06,1.95,200|200
0,2.75,0
0,1.95,0
0,1.75,0|0
0,2.75,0
0,1.75,0|0
0,1.75,0|0
0,1.55,0
0,2.15,0|0
0,1.95,0
0.02,2.75,200
0,1.75,0|0
0,1.75,0|0
0.54;0.2;0.19;0.08;0.04,1.95,200
0,1.75,0|0
0,1.95,0|0
0,1.75,0|0
0,1.95,0|0
0,1.95,0|0
0,1.95,0|0
0,2.75,0
0,1.75,0|0
0.02,1.95,200|200
0,1.95,0|0
0.02,1.95,200|200
0.4;0.2;0.07,2.75,200
0,1.95,0
0.2;0.03,1.55,200
0.17;0.02,1.95,200|200
1.2;0.56;0.32;0.24;0.2,2.45,200
0,1.95,0|0
0,2.15,0|0
0,2.75,0
0,2.15,0|0
0,1.95,0|0
0,2.75,0
2.04;0.04,1.55,200
0,1.95,0|0
0,1.75,0|0
0.91;0.6;0.04;0.03,1.75,200|200
0,2.75,0
0,1.95,0|0
0,1.55,0
0,2.75,0
0,2.15,0|0
0,1.95,0
0,1.95,0
0.03,1.55,200
0,2.75,0
0.08;0.04,2.75,200
0.2;0.04,1.95,200|200
0,2.45,0
0.04,1.95,200|200
0,1.95,0|0
0,1.75,0|0
0,1.75,0|0
2.47;1.64;1.16;0.64;0.28,2.75,200
0,2.15,0|0
0,2.75,0
0,2.15,0|0
0,2.15,0|0
0,1.55,0
0,2.15,0|0
0,2.45,0
1.31;0.16;0.12;0.07;0.05,1.75,200|200
0,1.75,0|0
0,2.75,0
0,2.45,0
0,1.75,0|0
0,1.75,0|0
0.9;0.46;0.39;0.36;0.19,2.45,200
0,2.45,0
0,1.95,204
0,1.95,0
0,1.55,0
0,1.75,0|0
0,1.95,0
0,1.95,0
0,1.95,0
0,1.75,204|204
0,2.45,0
0,2.75,0
0.02,1.75,200|200
0,2.45,0
0,2.45,0
0,1.75,0|0
0.56;0.27;0.14;0.07;0.04,2.75,200
0,1.75,0|0
0,2.15,0|0
0,2.15,0|0
0,2.45,0
0,1.95,0
0.12,2.15,200|200
0.07;0.02;0.01,1.55,200
0,2.75,0
0,1.95,204|204
0,1.75,0|0
0,2.75,0
0,1.95,200|204
0,1.55,0
0.15,1.95,200
0.99;0.44;0.05,1.75,200|200
0.01,1.95,200|200
0,1.55,0
0,2.75,0
0,2.75,0
0,1.95,0|0
0,1.95,0|0
0,1.55,0
0,2.15,0|0
0.39;0.12;0.04;0.02,1.75,200|200
0,2.45,0
0,1.75,0|0
0,1.95,0
0,1.55,0
0.03;0.02,2.45,200
0.07,1.95,200
1.86;0.16;0.12,2.75,200
0,1.95,0
0,1.55,0
0,2.75,204
0.07;0.02,2.75,200
0,2.45,0
0,1.95,0
1.61;0.32;0.08,2.15,200|200
1.23;0.49;0.14;0.07;0.04,1.55,200
2;1.44;1.2;0.96;0.8,1.55,200
0,1.95,0
2.4;1.23;0.58;0.22;0.14,1.95,200
0,2.75,0
0,2.45,0
0,2.15,0|0
0,1.55,0
0,1.55,0
0,1.95,0|0
0,1.55,0
0,1.55,0
3.2;2.43;2;1.66;0.75,2.45,200
0,1.95,0|0
0,1.55,0
0,1.55,0
0,2.75,0
0,2.75,0
0,1.95,0|0
0,1.95,0|0
0,2.15,0|0
0,1.95,0
0,1.75,0|0
1.23;0.55;0.16;0.08,1.95,200
0,1.95,0
0,2.75,0
0,2.75,0
0,2.45,0
0.04,2.45,200
0.14;0.09;0.04;0.04,1.55,200
0,2.75,0
0,2.75,0
0,1.75,0|0
0.03,2.45,200
0,2.75,0
0,2.75,0
0,2.75,0
0,1.95,0|0
0,1.75,0|0
0,1.75,0|0
0,2.45,0
0.2;0.03,2.75,200
0.2;0.07,1.95,200
0,1.55,0
1.83;1.2;0.64;0.22,2.75,200
0,1.75,0|0
0,1.95,0|0
0,1.75,0|0
0.03,2.75,200
0.12;0.05,2.45,200
0,2.45,0
0,1.95,0
0,2.15,0|0
0.08;0.04;0.02,2.15,200|200
0,2.15,0|0
0,2.45,0
0.1,1.55,200
0,1.95,0|0
0,1.75,0|0
0,1.75,0|0
0,1.55,0
0,2.75,0
0,2.75,0
0,2.15,0|0
1.36;1.3;1.23;1.22;1.04,2.15,200|200
0,1.75,0|0
0.76;0.08;0.05,1.95,200|200
0,1.75,0|0
1.86;0.12;0.02,2.45,200
0,1.95,0|0
0,1.95,0
0,2.45,0
0,1.75,0|0
0.02;0.02,1.75,200|200
0,2.15,0|0
0,2.45,0
0,2.75,0
0,2.75,0
0.16;0.06;0.02,2.75,200
0,1.75,0|0
0,2.75,0
0.03;0.01,2.45,200
0,2.15,0|0
0.07;0.06,1.95,200
0,1.55,0
0.02,1.95,200|200
0,1.95,0|0
0,1.95,0|0
0,1.75,0|0
0,1.55,0
0,1.95,0
0,2.75,0
0,1.95,0
5.67;2.4;0.25;0.16,2.15,200
0,1.55,0
0,1.75,0|0
0.3;0.04,1.95,200
0.59;0.32;0.02,1.55,200
0,1.95,0
0,1.95,0|0
0,1.75,0|0
0,1.55,0
0,1.75,0|0
0,1.55,0
0,1.75,0|0
0,2.75,0
0,1.95,0|0
0,1.95,0|0
0,2.75,0
0,1.95,0|0
1.51,2.75,200
0,1.75,0|0
1.86;1.23;0.54;0.21;0.12,2.15,200|200
1.36;1.23;0.63;0.44;0.18,1.95,200
0,2.15,204|204
0,1.55,0
0,1.95,0|0
1.23;1.03;1;0.52;0.2,2.75,200
0.02,1.95,200
0,1.75,0|0
0,1.95,0
0,1.75,0|0
0,1.95,0|0
0,1.55,0
0,1.95,0|0
0,1.55,0
0,1.95,204
0.16;0.06,2.45,200
0.2;0.16;0.04,1.55,200
0,1.55,0
0,2.75,0
0,1.95,0
0,1.95,0
1.2;0.08;0.08;0.02,1.95,200|200
0.04,1.55,200
0.12,1.95,200|200
0,2.45,0
0,2.15,0|0
0,2.45,0
1.86;0.21;0.05;0.04,2.45,200
0,1.95,0|0
0,2.75,0
0,1.75,0|0
0,1.75,0|0
0,2.75,0
0,2.15,0|0
1.1;0.56;0.14;0.12,1.95,200
0.2;0.12,1.55,200
0,1.55,0
0,1.95,0
0,1.95,0
0,2.15,0|0
0,1.55,204
0,1.55,0
0,2.15,0|0
0,2.75,0
0,1.75,0|0
0,2.75,0
0.07,2.15,200|200
0,2.75,0
0,2.75,0
0,1.95,0
0,1.55,0
0,2.75,0
0.6;0.41;0.16;0.05,2.75,200
0,1.75,0|0
0.06,1.55,200
1.36,1.95,200|200
0,2.75,0
6.91;0.24;0.13,1.75,200
0,2.75,0
0.2;0.06;0.02,2.75,200
0.02,1.55,200
0,1.95,0|0
0,2.45,0
0.03,2.15,200|200
0,2.15,204|204
1.2;0.8;0.52;0.27;0.04,2.15,200|200
0,1.75,0|0
0,1.95,204
0,2.15,0|0
0.44;0.16;0.04,1.75,200|200
0,2.15,0|0
0.12,1.75,200|200
0,2.75,0
0,1.75,0|0
0,2.15,0|0
0,1.95,0|0
0,1.95,204|204
0.34;0.18;0.04,1.95,200|200
0,2.15,0|0
0,2.45,0
0.05,1.95,200|200
0,1.95,0|0
0,1.95,0|0
0,2.45,0
1.23;0.8;0.14;0.04,2.45,200
0,1.55,0
0,1.75,0|0
0,2.45,0
12;1.21;0.84;0.26;0.14,1.95,200
0.17;0.12,1.95,200|200
0,2.75,0
0,2.75,0
0.19;0.12;0.06;0.04;0.03,2.15,200|200
0,2.75,0
0,1.55,0
0,1.95,0|0
0,2.75,0
0,2.45,0
0,2.45,0
0,1.95,0
0,1.95,0
0,2.75,0
0,1.75,0|0
0.05;0.02,2.45,200
0,2.45,0
0,1.75,0|0
0.32;0.16;0.08;0.03,1.55,200
0,1.95,0
0.04,2.45,200
0,1.95,0|0
0.04,2.75,200
0,2.45,0
0,2.75,204
0,2.45,0
8.96;4;1.86;0.75;0.6,1.95,200
0,2.45,0
0,1.95,0|0
0,2.45,0
0,1.95,0|0
0,2.75,0
0,2.15,0|0
1.23;0.36;0.2;0.16;0.02,1.55,200
0,1.55,0
0.2,1.55,200
0,2.45,0
0.75;0.02,2.75,200
1.86;0.12;0.03,2.45,200
3;1.86;1.2;0.57;0.2,2.75,200
0,1.55,0
0.16;0.04,2.75,200
0.8;0.55;0.24;0.08;0.05,1.95,200
0,2.15,0|0
0,2.45,204
0.59,2.75,200
1.2;1.11;0.99;0.77;0.29,1.95,200|200
6.66;4.44;0.7;0.64;0.37,1.55,200
0,1.75,0|0
0,2.45,0
0,2.15,0|0
0.07;0.02,2.75,200
0.56;0.22;0.15;0.06,1.95,200
0,1.55,0
0,2.15,0|0
0,1.95,200|204
0,2.45,0
0,1.95,0|0
0,2.15,0|0
0,2.45,204
0,2.15,0|0
0,1.95,0|0
0,2.75,0
0,1.75,0|0
0,1.95,0
0,1.95,0|0
0.04,2.45,200
0,2.75,0
0,2.15,0|0
0,1.75,0|0
0,1.95,0|0
0,1.95,0|0
0,1.95,0
0,1.95,0
0,2.45,0
6.71;1.23;0.2;0.17;0.14,2.15,200
0.05,2.45,200
0,1.95,0|0
0,1.95,204|204
0,2.75,0
0,1.75,0|0
0,2.45,0
0,2.15,0|0
0,1.75,0|0
0,2.75,0
0,2.15,0|0
0,1.55,0
3.76;0.9;0.7;0.37;0.16,2.45,200
0,1.75,0|0
0,1.55,0
0,1.95,0
0,1.95,0|0
0,2.75,0
0,1.95,0|0
0,2.15,0|0
9.21;0.8;0.55;0.12;0.12,2.15,200
0,2.15,0|0
1.17;0.61;0.27;0.08;0.08,1.55,200
0,1.95,0|0
1.44,2.75,200
0.32;0.19;0.04,1.75,200|200
0,2.15,0|0
0,2.45,0
0,1.55,204
0,1.95,0
0,2.45,0
0,1.55,0
0,1.55,0
1.29;1.03;0.64;0.48;0.48,2.45,200
0,2.45,0
0,1.95,0|0
0,2.45,0
0.2;0.02,1.95,200|200
0,2.75,0
0,1.95,0|0
0,2.75,0
0,1.75,0|0
0,1.55,0
0,1.95,0
0.02,1.95,200|200
0,1.95,0
0,2.75,0
0,2.75,0
0,2.75,0
0,2.15,204|204
0,1.95,0|0
0,1.75,0|0
2.23;0.29;0.28;0.11;0.11,2.75,200
0,1.55,0
0,1.95,0|0
0,1.75,0|0
0,1.75,0|0
0,1.55,0
0,1.55,0
0.2;0.03,1.95,200
0.05,2.75,200
1.32;0.56;0.5;0.28;0.22,2.15,200|200
0.43;0.12,1.95,200
0,2.45,204
0,2.75,0
0.06;0.02,1.75,200|200
0.03,1.75,200|200
0,1.55,0
0,1.55,0
0,2.45,0
0.08,2.75,200
0,1.55,0
0,2.15,0|0
0,2.45,0
0,1.95,0
0,1.75,0|0
0,2.45,0
0,1.95,0|0
0,1.95,0|0
0,1.95,0|0
0,1.55,0
0.06,2.15,200|200
0,2.45,204
0.11;0.08;0.04,2.75,200
0,1.75,0|0
0,2.45,0
0,2.45,0
0,1.95,0|0
0,1.55,0
0,1.55,0
0,1.55,204
0,1.95,0|0
0,1.55,0
0.8;0.59;0.5;0.47;0.4,2.75,200
2.4;1.4;0.88;0.8;0.12,2.75,200
0,1.95,0|0
0,2.45,0
0.12,1.75,200|200
0,1.95,0|0
0,1.55,0
0,1.55,0
0,1.55,0
0,2.45,0
0,1.95,0|0
0,2.45,0
0,2.75,0
0,1.75,0|0
0,1.55,0
0,1.55,0
0.41;0.27;0.1;0.07;0.03,1.95,200|200
0.76;0.4;0.12,2.45,200
0,1.75,0|0
0.07;0.01,1.75,200|200
0,2.75,0
0,2.75,0
0.14;0.04;0.01,2.15,200|200
0,2.45,0
0.16;0.08;0.03,2.45,200
2.6;1.57;1.4;1.36;1.23,2.15,200
0,1.95,0
0,1.75,0|0
0,1.75,0|0
2.6;2.4;1.44;1.16;1.05,2.15,200
1.08;0.12,2.45,200
0,1.55,0
0,1.95,0|0
0,1.55,0
0.6;0.1,1.95,200
0.06,2.45,200
0,1.75,0|0
0,2.75,204
0,1.95,0
0,1.95,0|0
0,2.75,0
0,1.75,0|0
0,1.95,0
0.69;0.58;0.04,2.75,200
0,2.45,0
0.02,2.45,200
0,1.95,0
2.4;1.36;0.07;0.02,2.45,200
0,2.15,0|0
0,1.95,0
0,1.75,0|0
0,2.45,0
0,1.75,204|204
0,1.55,204
0,1.95,0|0
0,1.95,0|0
0,1.95,0|0
0,2.15,0|0
0,1.55,0
0,1.95,0|0
2;1.36;0.76;0.27;0.05,1.55,200
0,1.95,0
0,2.15,0|0
0,1.55,0
0.12,1.95,200
0,1.75,0|0
0,1.95,0|0
0.02,2.75,200
0,1.75,0|0
0.04,1.75,200|200
1.2;0.57;0.16;0.04;0.04,1.95,200|200
0,1.95,0|0
0,1.95,0|0
0,2.75,0
0,1.95,0|0
0,1.95,0
0,2.15,0|0
0,2.75,0
0,1.95,0|0
0.12;0.02,1.75,200|200
0,1.95,0
0,2.45,0
0,1.95,0|0
1.23;0.15;0.08;0.04,2.75,200
0,1.55,0
0,1.75,0|0
0,1.55,0
0.05;0.01,1.95,200|200
0,1.55,0
0,1.75,0|0
0,2.45,0
0,1.55,0
0,1.95,0|0
0,2.75,0
0,1.95,0|0
0,1.95,0|0
0,2.45,0
0,1.95,0
0.1;0.02,1.95,200|200
0,2.15,204|204
0,2.45,0
0,1.95,0|0
0.28;0.27;0.22,1.95,200|200
0,1.55,0
0.59;0.34;0.11;0.07;0.01,1.95,200|200
0,2.15,0|0
0,1.95,0|0
0,1.75,0|0
0,2.75,0
0,1.55,0
0,1.75,0|0
0.39;0.16;0.12;0.07;0.04,1.95,200
0,2.75,0
0,2.45,0
0,1.75,0|0
0,1.75,0|0
0,2.45,0
0,2.45,0
1.23;0.4;0.14;0.13,2.45,200
2.43;2;1.04;0.32;0.17,1.95,200
0,2.75,0
0,1.95,0|0
0,1.75,0|0
0,1.95,0|0
0,2.75,0
0,1.95,0|0
0,1.95,0
0,1.75,0|0
0.4;0.16;0.12;0.04,2.15,200|200
0,1.55,0
0,1.55,0
0,2.45,0
0,2.15,0|0
0,2.75,0
0,1.95,0|0
0,1.55,0
0.05;0.02,2.75,200
0,1.55,0
0,1.75,0|0
4.01;1.23;0.56;0.52;0.24,1.95,200
0,2.45,0
0,1.95,0|0
0,1.95,0|0
1.44;0.03,2.15,200|200
0,1.75,0|0
0,1.75,0|0
0,2.45,0
1.15;0.29;0.07;0.02,1.95,200|200
0,1.75,0|0
0,1.75,0|0
0.59;0.16;0.08;0.02,2.75,200
0,2.45,0
0.16,1.75,200|200
0.92;0.76;0.13;0.08,1.55,200
0,1.75,0|0
0,1.75,204|204
0,2.75,0
0,2.45,0
0,2.75,0
0,2.45,0
0.8;0.16,1.55,200
0,1.55,0
0.07;0.03;0.01,1.55,200
0,2.75,0
0,1.95,0
0,2.15,0|0
0.01,1.75,200|200
0,1.75,0|0
0,2.45,0
0,1.75,0|0
0,1.75,0|0
0,2.75,0
0.72;0.19;0.16;0.07,1.75,200|200
0,2.15,0|0
0.3;0.2;0.16;0.13;0.06,2.75,200
0,1.95,0
0,1.75,200|204
0,2.15,0|0
0,1.95,0
5.5;0.8;0.09;0.04,2.15,200
0,1.75,0|0
0,1.95,0
0,2.75,0
0,2.45,0
0,2.15,0|0
0,2.45,0
0,1.95,0
0,1.55,0
0,2.75,0
0,1.95,0
0,2.15,0|0
0,2.45,0
0.12;0.02,1.75,200|200
0,1.75,0|0
0,1.95,0
0.2;0.06;0.02,2.15,200|200
0,1.95,0|0
0,1.75,0|0
0,1.75,0|0
0,1.75,0|0
0,1.55,0
0,2.75,0
0,2.45,0
0.06,1.95,200
0,2.15,0|0
0,1.95,0|0
0,1.55,0
0,1.75,0|0
0.12;0.01,1.55,200
0,2.45,0
0,2.45,0
0,1.55,0
0,2.45,0
0,2.45,0
2;1.2;0.33;0.28;0.17,1.75,200
0,1.95,0|0
0,1.75,0|0
0,1.55,0
0,1.95,0|0
0.8;0.68;0.21;0.16;0.08,1.95,200
0.03;0.02,1.95,200|200
0,2.75,0
0,1.55,0
0,1.95,0|0
0,1.95,0
0.05,1.95,200|200
0,1.95,0|0
0,1.55,0
0,2.75,0
0,1.55,0
0,1.95,0|0
0.8;0.04,2.75,200
0.64;0.48;0.4;0.3;0.19,2.15,200|200
1.35;0.64;0.21;0.16;0.08,2.45,200
0,2.75,0
3.2;1.23;0.45;0.2;0.13,2.15,200
0,1.75,0|0
0.94;0.57;0.1;0.07,2.15,200|200
1.08;1;0.76;0.26;0.2,2.75,200
0,1.75,0|0
0,2.75,0
0,1.95,0|0
0.02,1.55,200
0,2.15,0|0
0.98;0.38;0.27;0.11;0.02,1.95,200|200
0,2.75,0
0,1.95,0|0
0,2.75,0
0,2.45,0
2.08;0.03;0.02,1.95,200|200
0,1.75,0|0
0,1.95,204|204
1.12;0.8;0.38;0.35;0.05,2.15,200|200
0,1.95,0|0
0,1.95,0
3.2;0.91;0.52;0.52;0.26,2.15,200
0.04,2.75,200
0.04;0.04,1.95,200|200
0,1.75,0|0
0,1.95,0|0
0,2.15,0|0
0,1.95,0|0
0.04,1.95,200|200
0,2.75,0
0,1.95,0|0
0,1.75,0|0
0,1.75,0|0
0,2.75,0
0,2.15,204|204
0,1.95,0|0
0.53,2.75,200
4;2.24;0.39;0.28;0.24,2.15,200
0,1.95,0|0
0,2.45,0
0,1.55,0
1.01;0.68;0.06,1.55,200
0.8;0.5;0.18,1.75,200|200
0,2.15,0|0
0,1.75,0|0
0,1.95,0|0
0.05;0.01,1.95,200
0,1.95,0
0.01,1.75,200|200
0.76;0.2;0.12;0.12;0.07,2.45,200
0,2.15,0|0
0,2.75,204
0,1.95,0|0
0,1.95,0
0,1.95,0|0
0,1.55,0
0,2.15,0|0
0,1.75,0|0
0,1.55,0
0,2.75,0
0,2.15,200|204
0.18;0.03,1.95,200
0.2,1.55,200
0.06,1.55,200
0,2.75,0
0,1.75,0|0
0,1.55,0
0,1.55,0
0.18,1.95,204|200
0,1.95,0
0,1.75,0|0
0,1.55,0
0,1.95,0
0,1.55,0
1.12,1.75,200|200
0,1.75,0|0
0,1.75,0|0
0,1.95,204
1.38;0.08;0.05,1.95,204|200
0,2.45,0
0,2.75,0
0,1.75,0|0
0,1.75,0|0
0,1.75,0|0
1.02;0.17,1.75,200|200
0,2.75,0
0,2.75,0
0,2.75,0
0,2.45,0
0,2.75,0
0.07;0.06;0.02,2.45,200
0,1.75,0|0
0,2.45,0
0,2.15,0|0
0.2;0.03,1.95,200
0,1.95,0
0,1.95,0|0
0.12,1.75,200|200
0,1.55,0
0,2.45,0
0,1.55,0
1.86;0.1,1.75,200
0,2.75,0
1.23;0.56;0.17;0.04,1.55,200
0,2.15,0|0
0,1.95,0|0
0,1.95,0|0
0,2.45,0
0,2.45,0
0,1.95,0|0
0.12;0.12,1.55,200
0,2.45,0
0.12;0.1;0.02,2.45,200
0,1.95,0
0,1.75,0|0
0,1.75,0|0
0,2.15,0|0
0,2.75,0
0,1.95,0|0
0,1.75,0|0
1.44;0.48;0.43;0.39;0.1,2.45,200
0,2.15,0|0
0,1.95,0|0
0.45;0.4;0.12;0.05;0.02,1.95,200|200
0,1.75,0
0,1.95,0|0
0,2.75,0
0,1.55,0
0.29;0.04,1.55,200
0,1.75,0|0
0.14,2.45,200
0,2.45,0
3.8;0.8;0.42;0.16;0.08,1.95,200|200
0,2.45,0
0,2.75,0
0,2.75,0
0,1.55,0
0,1.75,0|0
0,1.95,0|0
0,1.95,0
0,1.95,0|0
0,1.95,0
0,1.75,0|0
0,1.95,0
1.21;0.75;0.56;0.08;0.08,1.55,200
0,2.75,204
0,1.95,0|0
0,1.75,0|0
1.17;0.8;0.43;0.07;0.03,2.75,200
0,1.55,0
0,1.55,0
0,1.55,0
0,1.95,0
0,1.55,0
0,1.75,0|0
0.12,1.75,200|200
0,1.75,0|0
0.05;0.02,1.95,200|200
0,1.95,0|0
0.8;0.36;0.36;0.27;0.21,1.95,200|200
0,2.45,0
0,1.75,204|204
0.08,1.75,204|200
0,2.45,0
2;0.56;0.06;0.04;0.02,1.95,200|200
0,1.95,0
22.47;4.51;2.23;0.4;0.27,1.95,200
0,1.95,0|0
1.02;0.72;0.48;0.24;0.18,1.95,200
0,1.75,0|0
0.29;0.02,1.55,200
1.44;0.48;0.46,1.95,200
0.01,1.75,200|200
0,1.55,0
0.2;0.07;0.02,1.55,200
0,1.95,0|0
1.44;0.53;0.26;0.2;0.16,1.95,200|200
0,1.95,0|0
1.86;0.02;0.01,2.45,200
0,2.75,0
0.02,1.95,204|200
0.4;0.04,1.55,200
0,1.55,0
1.2;0.13;0.12;0.03,1.75,200|200
0.48;0.16;0.12;0.02,2.75,200
0,2.75,204
0.89;0.06;0.05;0.01,1.75,200|200
0,1.95,0
0,1.75,0|0
0,1.95,0
1.26;0.6;0.32;0.03,1.75,200|200
0,1.75,0|0
0,2.45,0
0,1.95,0|0
0,1.75,0|0
0,1.75,0|0
1.43;0.54;0.34;0.3;0.21,2.75,200
0.16;0.06;0.02,2.45,200
0.03,1.75,200|200
0.8;0.04,2.75,200
0,1.75,0|0
0,2.75,0
0,2.75,0
0,1.95,0
0,2.75,204
0,1.95,0|0
0,2.45,0
0,2.75,0
0,1.95,0
0,2.75,0
0,1.75,0|0
0,1.75,0|0
0.16;0.02,2.75,200
0,2.75,0
0.07,1.55,200
0,1.95,0|0
0,1.75,0|0
1.8;1.23;0.52,1.95,200
3.03;2.8;2;1.8;1.49,1.55,200
0,1.75,0|0
0,1.75,204|204
0,1.95,0|0
1.86;0.22;0.2;0.18;0.01,2.75,200
0,2.75,0
0.52;0.19;0.06,2.75,200
1.44;1.03;0.98;0.11;0.07,2.45,200
0,1.55,0
0,2.75,0
0,2.75,0
0,2.75,0
0.8;0.14;0.12;0.07,1.55,200
0,1.55,0
0.08;0.03,2.45,200
0,2.75,0
0,2.75,0
9.12;0.8;0.27;0.16;0.16,1.55,200
0,2.75,0
9.21;0.88;0.56;0.46;0.2,2.45,200
0.35;0.32;0.16;0.02,1.75,200|200
0,2.75,0
0,1.95,0|0
0,2.75,0
0,1.75,0|0
0,2.15,0|0
0,2.75,0
0,1.95,0|0
0,1.55,204
0,2.15,0|0
0,1.95,0
0,1.95,0|0
3.2;0.87;0.45;0.29;0.08,1.55,200
0.16,2.75,200
0,1.95,0|0
2.47;0.54;0.4;0.04;0.02,2.75,200
0.08;0.05,1.55,200
0,2.75,0
0,1.75,0|0
0,1.55,0
0.33,1.55,200
0.02;0.02,2.75,200
0,1.75,0|0
0,2.75,0
0,1.55,0
0.53;0.27;0.04;0.04;0.02,1.55,200
0,1.75,0|0
0,1.55,0
0,1.55,204
0,1.75,0|0
0,2.15,0|0
0.57;0.56,2.45,200
0,1.95,0
0,1.95,0|0
0.62;0.07;0.06,1.55,200
0.89;0.57;0.44;0.21;0.2,1.55,200
0,1.75,0|0
0,2.75,0
0.58;0.22;0.01,2.45,200
0.03;0.02,1.95,200|200
0,1.95,200|204
0.05,2.75,200
0,2.45,0
0,2.75,0
0,1.95,0|0
2.16;1.53;1.2;0.9;0.59,2.75,200
0,1.75,0|0
0,2.45,0
0.8;0.1,1.95,200
0.59;0.2;0.03,2.45,200
0.59;0.2;0.2;0.06,1.95,200
0.13;0.04,1.75,200|200
0,1.55,0
0,2.75,0
0,1.75,0|0
0.07,2.75,200
0,1.55,0
0,1.95,0
0,2.75,0
0,1.75,0|0
0,1.75,0|0
0,1.75,0|0
2.4;0.43;0.13;0.04,1.95,200|200
0.8;0.03;0.02,1.95,200|200
0.28;0.2;0.17;0.04;0.02,1.95,200
0,1.75,0|0
0,2.75,0
0,1.95,0
0.04,1.95,200
0,1.75,0|0
0,2.45,0
0,2.45,0
0,2.75,0
0,1.75,0|0
0,1.55,0
0,2.45,0
0,2.45,0
0,1.95,0|0
0,1.95,0|0
2.12;0.87;0.86;0.22;0.05,1.95,200|200
0,1.75,204|204
0,2.15,0|0
0,2.75,0
0.14;0.02,2.75,200
0,1.95,0|0
0,1.95,0
0,1.75,0|0
0,1.75,0|0
0,1.75,0|0
0,1.75,0|0
0,1.55,0
7.4;0.76;0.56;0.27;0.07,2.45,200
0,2.15,0|0
0,1.95,0
0,2.45,0
0,1.55,0
0,1.75,0|0
0,2.75,204
0,1.55,0
0,1.55,0
0,1.75,0|0
1.66;1.48;0.79;0.54;0.2,2.45,200
0,2.75,0
0,1.95,0|0
0,2.15,0|0
0.43;0.32;0.02,1.95,200|200
0,1.75,0|0
0,1.95,204|204
0,1.95,0|0
0,1.95,0|0
0,2.45,0
0,1.55,0
0,2.45,0
0,2.15,0|0
0,1.95,204|204
0,1.95,0|0
4;1.36;0.4;0.12;0.12,2.15,200
0,2.45,0
0.76;0.12;0.08;0.07;0.04,2.75,200
0,1.95,0|0
0,1.95,0|0
0,1.75,0|0
0,2.15,0|0
0,1.75,0|0
0.99;0.34;0.16;0.08,1.95,200|200
0,1.95,0
0.03,2.45,200
0,2.15,0|0
0.06,2.45,200
2.66;0.52;0.41;0.41;0.4,2.75,200
0,1.75,0|0
0,1.95,0|0
0,1.55,0
0,1.55,0
0,1.95,0|0
1.6;0.8;0.55;0.51;0.08,1.55,200
0,1.95,0
0,1.95,0|0
0,1.95,0
0.04,1.75,200|200
0,1.55,0
0,1.75,0|0
0.44;0.28;0.18;0.11;0.08,2.75,200
0,1.75,0|0
2.4;0.6;0.56;0.06;0.04,1.75,200
0,1.75,0|0
0,2.15,0|0
0,1.95,0|0
0,1.95,204
0,1.95,204|204
0,2.75,0
0,1.55,0
0,1.95,0
0,1.55,0
0,2.75,0
1.08;0.8;0.36;0.07;0.01,2.15,200|200
0,1.95,0|0
0,2.15,0|0
0,1.55,0
0,2.45,0
0.74;0.5;0.35;0.27;0.08,2.75,200
0,1.75,0|0
0.64;0.56;0.33;0.16,2.75,200
0,2.15,0|0
0,2.15,0|0
0,1.75,0|0
0,1.75,0|0
0,2.45,0
1.01;0.04,1.95,200
0,1.55,0
0,1.95,0|0
0,2.75,0
0,1.75,0|0
0,1.75,0|0
0,1.95,0|0
0.04,1.55,200
0,2.75,0
0,1.95,0|0
0,1.95,0
0,1.75,0|0
0,1.75,0|0
0,1.95,0|0
0.16;0.01,1.95,200
0.74;0.04,2.45,200
0,1.75,0|0
0,1.55,0
0.11,2.15,200|200
1.23;0.29;0.08,2.75,200
0,2.75,0
0,2.75,0
0.04,1.95,200|200
0,2.45,0
0,2.15,0|0
0,1.95,0
0,2.75,0
0,1.95,0|0
0,1.95,0
0,1.95,0|0
0,1.55,0
0,1.75,0|0
0,1.75,0|0
0,1.95,0|0
0,1.75,0|0
0,2.75,0
0.51,1.75,204|200
0,2.15,0|0
0,1.55,0
0,1.95,0
0,2.45,0
0,1.95,0|0
0,1.95,0|0
0.08;0.02,2.45,200
0,1.75,0|0
0,1.95,0
0,1.75,0|0
0,1.55,0
0,1.95,0
0,2.75,0
0,1.55,0
0.44;0.16;0.09;0.02,2.75,200
0,1.55,0
0.07;0.02,2.75,200
0.08,1.75,200|200
1.04;0.77;0.33;0.06;0.03,1.75,200|200
0,1.95,204|204
2.8;1.44;0.74;0.48;0.08,1.75,200|200
0,1.55,0
0.07;0.02;0.02,2.75,200
0,1.95,0|0
0,2.45,0
0,2.75,0
0,1.95,0
0,1.55,0
0,1.55,0
0,1.95,0|0
0,1.75,0|0
0,2.45,0
0.02,1.55,200
0,2.75,0
2.2;1.86;1.44;1.2;0.28,2.45,200
0.94;0.32;0.08;0.03;0.02,2.15,200|200
0,2.75,0
0.04,2.75,200
0,1.75,0|0
0,2.15,0|0
0,1.75,0|0
0.01,1.55,200
1.2;0.31;0.28;0.08;0.01,1.55,200
0,1.95,0|0
0,2.45,0
0,1.95,0|0
0,1.75,0|0
1;0.48;0.28;0.14;0.12,1.95,200
0,2.45,0
0,2.75,0
0,2.75,0
3.2;1.36;0.97;0.7;0.52,2.45,200
0,2.45,0
0,2.75,0
0,1.55,0
0,1.95,0|0
0,1.75,0|0
0,2.15,0|0
0,2.75,0
0,2.75,204
0,1.95,0
0.8;0.2;0.05,2.45,200
0,1.95,0|0
0,1.95,0
0,1.55,0
0,2.75,0
0,2.45,0
0,1.55,0
0,1.55,0
0,2.45,0
0.04,2.45,200
0,2.45,0
0.43;0.4;0.02,1.95,200
0,2.75,0
0,1.55,0
0,2.15,0|0
0,2.45,0
0,1.75,0|0
0,1.55,0
0,2.75,0
0,1.55,0
0.06;0.05,1.75,200|200
0,1.95,0|0
0,1.75,0|0
0,2.75,0
0,1.75,0|0
0,1.95,0|0
0,1.75,0|0
0.03,1.95,200
0,1.75,0|0
0.76;0.52;0.11;0.08,2.45,200
0,1.75,0|0
0,2.45,0
0,1.75,0|0
0,2.75,0
0,1.55,0
1.91;1.12;0.6;0.08;0.08,2.75,200
0.4;0.1;0.08;0.06;0.03,1.75,200|200
0,1.95,0
0,2.75,0
0,1.55,0
1.27;1.16;0.82;0.59;0.07,1.95,200|200
0,2.75,0
0,1.95,0|0
0,1.55,0
0,1.75,0|0
0,2.45,0
0,1.95,0|0
0.01,1.55,200
0,2.75,0
0,2.75,0
1.36;1.32;0.5;0.21;0.06,1.95,200|200
0,2.75,0
0,2.45,0
0.08;0.07;0.02,1.55,200
0,1.95,0|0
0,1.95,0|0
0,1.75,0|0
0,1.75,200|204
0,1.95,0
0,2.15,0|0
0,1.95,0|0
0,1.55,0
0,1.95,0|0
0,2.75,0
0,1.55,0
4.93;0.36;0.19;0.16;0.14,2.15,200
0,1.75,0|0
0,2.45,0
0.04;0.02,2.75,200
0,2.75,0
0,1.55,0
0,2.45,0
0.04,1.55,200
0,2.75,0
0,1.95,0|0
0,2.75,0
1.86;0.04,2.75,200
0,1.75,0|0
1;0.32;0.28;0.21;0.06,1.75,200|200
0.04,2.15,200|200
0,1.55,0
0,1.75,0|0
0.16;0.06;0.02,1.55,200
0,1.75,0|0
1.23;0.8;0.48;0.08;0.01,1.55,200
0.02;0.02,2.15,200|200
0,2.75,204
0.4;0.3;0.28;0.27;0.13,1.95,200
0.05,1.55,200
0,2.45,0
0,1.55,0
4.8;0.3;0.2;0.08,2.15,200
0,2.45,0
1.44;0.82;0.8;0.35;0.2,1.95,200|200
0,1.55,0
0,1.75,0|0
0,1.75,0|0
0.07,1.95,200|200
0,1.55,0
0,1.75,0|0
0,2.15,0|0
0,1.75,0|0
0.8;0.2;0.07;0.03,2.45,200
0,2.15,0|0
0,1.75,0|0
0,1.95,0|0
0,2.45,0
0,1.55,0
0,1.75,0|0
0,1.75,0|0
0,1.55,0
0,1.55,0
0,1.55,0
1.44;0.76;0.47;0.35;0.16,2.75,200
0,1.95,0|0
0,1.75,0|0
8.68;0.64;0.27;0.1;0.04,2.45,200
0,2.75,0
0,1.95,0|0
0,2.15,0|0
0,1.75,0|0
0,1.95,0
0,1.55,0
0,2.75,0
0,2.75,0
0,2.45,0
2;0.44;0.28;0.25;0.07,2.45,200
0.2;0.07,1.95,200|200
0,1.75,0|0
0,1.95,0|0
5.67;2.05;0.42;0.19;0.07,1.55,200
0,2.75,0
0.04,2.75,200
0,1.75,0|0
0,1.55,0
0.8;0.8;0.67;0.38;0.17,2.75,200
0,2.75,0
0,1.75,0|0
0.12;0.03;0.02,1.75,200|200
0,1.75,200|204
0,1.95,0|0
1.36;0.04,2.75,200
0.89;0.4;0.34;0.16;0.05,1.55,200
0,1.95,0|0
1.11;0.8;0.09;0.06;0.04,1.75,200|200
0,2.15,0|0
0,1.95,0|0
0,2.75,0
0,1.95,0|0
0.07,2.45,200
0.1,2.75,200
0,2.45,0
0,1.75,0|0
0,1.55,0
0,1.75,0|0
0,1.75,0|0
0,1.95,0
0,2.75,0
0,2.45,0
0,2.45,0
0,1.55,0
0.33;0.2;0.1;0.09;0.08,1.75,200|200
0,1.55,0
0,1.95,0|0
0,1.75,0|0
0,2.75,0
0,1.95,0|0
0,1.95,0|0
0,1.55,0
0,1.55,0
0,2.75,0
0.12,1.95,200|200
0,2.75,204
1;0.52;0.48;0.24,1.95,200|200
0,1.75,0|0
0,1.95,0|0
0,1.75,0|0
0,1.55,0
0,2.45,0
0,1.75,0|0
0,2.75,0
0,1.75,204|204
0.07;0.01,2.15,200|200
0,1.55,0
0,2.75,0
0,1.95,0|0
3.32;2.63;2.1;1.36;0.56,2.15,200
0.32;0.1;0.08;0.03,1.75,200|200
0.02,1.95,200|200
0,1.75,0|0
0,1.75,0|0
0,2.45,0
0.06,2.45,200
0,2.75,204
0,2.75,0
0,2.45,0
0,1.75,0|0
0.12;0.12,1.75,200|200
0,1.95,0|0
0,2.75,0
0,2.15,0|0
0,1.95,0|0
0,1.75,0|0
0,1.75,0|0
0,2.45,204
0,2.75,0
0.58;0.13,1.95,200|200
0.06;0.04,1.95,200|200
0.04;0.01,2.45,200
0,1.75,0|0
0,1.55,0
0,1.95,0|0
0,2.75,0
0.03,1.75,200|200
0,1.75,0|0
0,1.75,0|0
0,1.75,0|0
0,1.75,0|0
0,2.15,0|0
0.16;0.14;0.04;0.02,2.15,200|200
0,2.75,0
0,1.55,204
0,1.55,0
0,1.75,0|0
0,2.45,0
0.03,1.95,200
0.16,1.95,200|200
0,1.75,0|0
0,2.75,0
0,2.45,0
0,1.55,0
0,2.75,0
0,1.95,0
0,2.75,0
0.11;0.02,1.55,200
0.03;0.01;0.01,1.55,200
0,1.95,0|0
0,1.75,0|0
0,2.75,0
0,2.75,204
0.01,1.95,200|200
0,1.95,0|0
0,1.95,0|0
0,2.15,0|0
0.48;0.16;0.04,1.95,200
0.4;0.18;0.12,2.15,200|200
0,1.75,0|0
0,2.75,0
0,2.15,0|0
1.03;0.32;0.02,2.45,200
0,2.15,0|0
0,2.15,0|0
0,2.75,0
0,1.95,0
0,1.75,0|0
1.16;0.32;0.14;0.08,1.55,200
0,1.75,204|204
0,1.95,0|0
0.32;0.12;0.04;0.02,1.75,200|200
0,1.55,0
0,1.95,0
0,1.95,0
0.8,1.55,200
0.8;0.2;0.16;0.06;0.02,2.75,200
0,1.55,0
1.23;1.04;0.52;0.27;0.13,1.55,200
1.2;0.65;0.63;0.29;0.2,1.75,200|200
0,2.15,0|0
0,1.95,0|0
1.66;1.4;1.08;0.58;0.31,2.45,200
1.86;0.01,1.75,200
0.06;0.02,2.15,200|200
0,1.95,0
0,1.95,0|0
0,1.95,0|0
0,1.75,0|0
0,1.75,0|0
0,1.75,0|0
0.03;0.01,2.15,200|200
0,1.75,0|0
0,1.55,0
0.49;0.45;0.1;0.04,2.45,200
1.4;0.8;0.31;0.15;0.1,2.45,200
0,2.75,0
0,2.75,0
0,1.75,0|0
0,2.45,0
0,2.75,204
6.66;1.16;0.8;0.54;0.54,1.55,200
1.2;0.8;0.72;0.44;0.24,2.15,200|200
0,1.95,0
0,2.75,0
0,1.95,0
0,1.75,0|0
0,1.95,0|0
0.59;0.02,1.55,200
0,1.55,0
0.33;0.16;0.04;0.01,1.75,200|200
0,1.75,0|0
0,1.95,0|0
0,1.75,0|0
0,2.75,0
0,1.75,0|0
0,1.75,0|0
0,1.75,0|0
0,1.75,0|0
0,2.15,0|0
0,1.75,0|0
0,2.75,0
0,1.95,0|0
0,1.95,0
0,2.45,0
0,2.75,0
0,1.55,0
1.14;0.8;0.48;0.39;0.36,2.75,200
0,2.75,0
3.32;1.48;0.56;0.42;0.41,1.55,200
0,2.75,0
0,2.75,0
0,2.15,0|0
0,2.15,0|0
0,1.55,0
0,1.55,0
0.04,2.75,200
0,1.75,0|0
0,1.95,0
0,2.75,0
0,1.75,0|0
0,1.95,0|0
1.23;0.24;0.16;0.14;0.07,2.75,200
0.04,2.15,200|200
0.51;0.18,2.45,200
0.1,1.75,200|200
0,2.75,0
0,1.75,0|0
0.16,1.75,204|200
0.03,1.75,200|200
7.28;0.61;0.15,2.15,200
0,1.95,0|0
0,1.55,0
0.64;0.42;0.42;0.13;0.07,1.95,200|200
0,1.95,0|0
0,2.75,0
0,1.55,0
0,2.75,0
0,2.15,0|0
1.86;0.12;0.02,1.75,200
0,2.75,0
0.55;0.04;0.04,1.95,200
0,1.55,0
0,1.95,0
0,1.75,0|0
0,2.15,0|0
0,1.95,0|0
0,2.45,204
0,2.75,0
0,1.95,0|0
0.07,1.95,200
0,1.95,0|0
0,1.95,0|0
0,1.75,0|0
0,2.45,0
0,1.75,0|0
0,2.75,0
0,1.95,0
0,1.55,0
0,2.15,0|0
0,1.95,0|0
0,1.75,0|0
0.05,2.75,200
0,1.75,0|0
2;1.03;0.25;0.09;0.03,2.45,200
0,1.95,0
0.08,2.75,200
0,2.75,204
0,1.75,0|0
0,2.15,0|0
0,2.45,0
0,1.75,0|0
3.53;1.07;1.03;0.64;0.1,1.55,200
0.76;0.52;0.12;0.07,2.75,200
0,1.75,0|0
0.81;0.13;0.08;0.04,2.45,200
0,2.75,0
0,1.75,0|0
0,2.15,0|0
0.32,1.75,200|200
0,2.75,0
0.12,1.55,200
0.83;0.39;0.01,1.75,200|200
11.22;5.68;2;1.66;1.4,2.15,200
9.97;1.44;1.22;0.3;0.26,1.75,200
0.08,2.45,200
0,2.45,0
0,2.75,0
0,2.75,0
0,1.55,204
0,1.75,0|0
0,1.95,204
0,1.75,0|0
6.66;0.92;0.41;0.14;0.12,1.55,200
0,1.95,0|0
0,1.75,0|0
0,2.45,0
0.01,1.75,200|200
0,2.15,0|0
0,1.55,0
0,1.75,0|0
0,1.95,0
0,1.95,0|0
0.09;0.02,1.55,200
0,1.75,0|0
0,1.75,0|0
0,1.75,0|0
0.01,2.15,200|200
0.6;0.05;0.02;0.02,1.95,200|200
0,1.75,0|0
0.4;0.32;0.04,2.45,200
0,1.95,0|0
0,1.75,0|0
0,1.75,0|0
0,1.75,0|0
0,1.95,0
2;1.36;0.03,1.55,200
0,1.95,0
0,1.75,0|0
0.01,1.55,200
0.03;0.02,1.95,200|200
0,1.75,0|0
0,1.95,0|0
0,1.95,0|0
0,2.45,0
0,1.75,0|0
0,1.55,204
0,1.95,0
0,1.55,0
0,1.55,0
0,2.75,0
1.23;0.55;0.44;0.07,1.95,200
0,1.95,0|0
0,2.75,204
0,1.75,0|0
0,2.15,0|0
0,1.95,200|204
0,1.55,0
0,1.55,0
1.54;1.48;1.03;0.39;0.24,1.55,200
1.2;0.47;0.06;0.04,2.75,200
0,2.75,0
0.89;0.4;0.36;0.27,1.75,200|200
0,2.75,0
0,1.95,0
0.01,1.75,200|200
0,2.45,204
0.03;0.01,2.75,200
0,1.95,0
1.36;0.34;0.11;0.07;0.06,1.95,200|200
0,2.15,0|0
0,2.45,0
0,1.95,0|0
0,2.75,0
0,1.95,0|0
0,2.75,204
0,1.75,0|0
0,1.75,204|204
0,2.45,0
0,2.45,0
0,2.75,0
0,1.75,0|0
0,1.75,0|0
0,2.75,0
0,1.75,0|0
0,1.75,0|0
0,2.45,0
0.12;0.01,1.75,200|200
0,2.15,0|0
0,1.95,0
0,1.95,0|0
0.76;0.08;0.07,2.75,200
0.2,1.55,200
0,1.55,0
0,1.95,0
0,1.95,0|0
0,1.75,0|0
0.05,2.45,200
0,1.95,0|0
2.23;1.4;0.86;0.42;0.35,1.55,200
0,1.95,0
0,1.75,0|0
0,1.75,0|0
0,2.15,0|0
0,1.55,0
0,2.75,0
0,1.75,0|0
0,2.15,0|0
0,1.55,204
1.64;0.91;0.16,1.55,200
0,1.75,0|0
0,1.95,204|204
0.04,2.75,200
0,1.75,0|0
1.37;0.03,1.95,200|200
0,1.75,0|0
0,2.15,0|0
0,1.55,0
0,1.95,0
0,2.45,0
0.54;0.48;0.33;0.27;0.24,2.75,200
0,2.15,0|0
0,1.75,0|0
0,1.95,0|0
0.04,1.95,200|200
1.44;1.03;0.78;0.09;0.06,1.55,200
0.36;0.12;0.12;0.04,2.45,200
0,1.55,0
0,1.95,0|0
0,2.45,0
0.01,1.95,200
0,2.15,0|0
0,1.55,0
0,1.95,0|0
0.8;0.4;0.15;0.03,2.75,200
0,1.75,0|0
1.86,1.75,200
0,1.95,0
0,2.15,0|0
0,1.55,204
0,1.55,0
0.29;0.27;0.02,1.55,200
0,1.75,0|0
0,1.95,0|0
0,2.15,0|0
0,1.55,0
0,1.95,0|0
0,1.75,0|0
0,1.95,0|0
0.16;0.04,1.95,200
0,1.95,0|0
0,2.75,0
1.13;0.39;0.12;0.04;0.02,1.75,200|200
0,1.55,0
0,1.75,0|0
0.12,1.75,200|200
0,1.95,0
0.31;0.08;0.05;0.04,2.45,200
0,1.55,0
0,1.55,0
3.33;0.6;0.45;0.38;0.07,2.75,200
0,1.75,204|204
0,2.15,0|0
0,1.95,0
1.48;1.4;1.03;0.6;0.5,2.75,200
0,1.75,0|0
0,1.95,0
0.03;0.02,1.95,204|200
0,1.75,0|0
0,1.95,0
0,1.55,204
0,1.55,0
0,2.75,0
0,1.75,0|0
0,1.55,0
0,1.95,0
0,2.45,0
0,1.95,0
0,2.15,0|0
0,2.75,204
0,2.45,0
0,2.15,0|0
1.17;1;0.25;0.05,1.95,200|200
0,1.55,0
3.08;0.04;0.01,1.75,200
0,2.15,0|0
0,2.45,0
0,1.55,0
0.8;0.41;0.21;0.17;0.04,2.75,200
0,1.75,200|204
0,1.75,0|0
0,1.95,0|0
0,1.95,0|0
0,1.75,0|0
0,1.75,0|0
0,2.75,0
0,1.55,0
0,1.75,0|0
0,2.15,0|0
1.28;0.55;0.16;0.12;0.05,2.15,200|200
0,2.45,0
0,2.75,0
0,2.45,0
0,1.95,0|0
0,2.15,0|0
1.02;0.14,2.45,200
0,2.75,0
0.54;0.48;0.2;0.19;0.02,1.75,200|200
0,1.75,0|0
0,1.55,204
0,2.15,0|0
0,1.55,0
0,1.75,0|0
0,1.55,0
0,2.15,0|0
0,1.95,0|0
0,1.75,0|0
0,2.75,0
0,1.95,0|0
0,1.55,0
0.13;0.02,2.15,200|200
0,2.45,0
0,1.95,0|0
0,2.45,0
0,2.15,0|0
1;0.55;0.1;0.08;0.06,1.55,200
0,1.95,0|0
0,2.75,0
0,1.75,0|0
0.28,2.75,200
0,2.45,0
0,1.75,200|204
0,1.95,0|0
0.05,1.55,200
0,1.75,0|0
0,1.55,0
0,1.55,0
0,1.95,0
0,1.75,0|0
0,1.95,0|0
0,2.45,0
0,2.75,0
0,1.95,0|0
0,2.15,0|0
0,2.75,0
0,2.75,0
0,1.95,0|0
0,2.75,0
0,2.75,0
0,1.75,0|0
0.04,1.95,200
1.03;0.36;0.27;0.23;0.17,1.55,200
0,1.95,0|0
0,2.45,0
0,1.95,0
0,1.75,0|0
0.12;0.02;0.01,1.55,200
0,1.75,0|0
0.8;0.12;0.01,1.75,200|200
0,1.95,0|0
0,1.75,0|0
0.12;0.06,1.95,200
1.2;0.8;0.16;0.04,1.55,200
0,2.75,0
0,1.75,0|0
0,1.75,0|0
0,2.15,0|0
0,1.75,0|0
0.76;0.36;0.34;0.24;0.04,2.75,200
0,1.75,0|0
0,2.75,204
0,1.95,0|0
0,1.75,0|0
0.2;0.17;0.05,2.15,200|200
1.13;0.8;0.07,2.75,200
0.02,1.75,204|200
0,1.55,0
0,2.75,0
0,1.75,0|0
0,2.75,0
1.36;0.58;0.24;0.21;0.04,2.15,200|200
1.31;1.04;0.32;0.08;0.08,1.75,200|200
0.09,1.95,200
0.12;0.04,2.15,200|200
0,2.15,0|0
0,1.75,200|204
0,1.75,0|0
1.23;1.12;1.12;0.53;0.3,1.95,200
0,2.45,0
0.12,1.75,200|200
0.22,1.75,204|200
0.48;0.48;0.17,2.45,200
0,1.95,0|0
0,1.95,0|0
0.29;0.02,1.75,200|200
0,2.75,0
0,1.95,0|0
2;1.44;0.6;0.07;0.06,2.75,200
0,1.95,0|0
0.52;0.05;0.02,1.55,200
0,1.95,0
0,1.95,0|0
1.13;0.54;0.45;0.28;0.14,2.75,200
0,1.95,0|0
0,2.75,0
0,1.95,0
0,1.95,0|0
0,1.75,0|0
0,1.55,0
0,1.95,0|0
0,2.45,0
0.54;0.28;0.06;0.02,1.95,200|200
0,1.75,0|0
0,1.75,0|0
0,1.95,0|0
0,1.95,0|0
0,1.75,0|0
0,1.75,0|0
0,1.95,0
0,1.75,0|0
0,1.75,0|0
0,2.45,0
0,2.75,0
0.08,1.95,200|200
0,1.55,0
0,2.75,0
0,2.15,0|0
0.03,1.55,200
0,2.15,0|0
0,2.45,0
0,2.75,0
0,2.75,204
0.57;0.03;0.02,1.95,200|200
0,1.75,0|0
0,2.45,0
1.13;0.8;0.03,1.75,200|200
0,1.55,0
2.59;0.29;0.15;0.06,2.45,200
0,1.95,0
0,1.95,0|0
0,1.95,0|0
0.03;0.01,1.95,200|200
0,1.55,0
0,1.75,0|0
0,2.15,0|0
0,1.75,0|0
0,1.75,0|0
0,1.95,0|0
0,2.45,0
0,2.75,0
0.14;0.04,1.55,200
0,1.75,204|204
0,2.15,0|0
0,1.95,0|0
0,2.15,0|0
0,1.95,0|0
0,1.75,0|0
0,1.55,0
0,2.15,0|0
0,1.75,0|0
0.04,1.95,200|200
0,1.95,0
0,2.15,0|0
0,1.75,0|0
1.01;0.4;0.12;0.02,1.75,200|200
0,2.75,0
0,1.55,0
0,1.95,0|0
0,1.75,0|0
3.32;0.84;0.83;0.12;0.11,2.75,200
0,1.75,0|0
0,1.75,0|0
0,1.75,0|0
0,2.15,0|0
0.99;0.64;0.59;0.34;0.02,2.45,200
0,2.45,0
2.81;1.36;0.86;0.58;0.43,2.15,200
0,1.75,0|0
0,1.95,0
0,1.95,0|0
0,1.55,0
0,1.75,0|0
1.03;0.22;0.07;0.06,1.95,200|200
0,1.95,0|0
0,1.75,0|0
0,2.15,0|0
0,1.75,0|0
0,1.75,0|0
0.33;0.13,1.75,200|200
0,1.75,0|0
0,1.95,0
1.13;0.76;0.55;0.03,2.45,200
0,2.45,0
0,2.75,0
0,1.55,0
0,1.75,0|0
0.81;0.28;0.05;0.04;0.04,2.15,200|200
0,2.75,0
0,1.95,0
6.4;3.2;0.92;0.76;0.34,2.15,200
0.02,1.95,200
0,2.15,0|0
1.58;0.89;0.6;0.4;0.13,1.75,200|200
0,1.75,0|0
0,1.95,0|0
0,1.75,0|0
0,1.95,204|204
0.03,1.55,200
0,1.95,0|0
0,1.95,0|0
0,1.55,0
0,2.75,0
1.86,1.75,200
0,1.95,0
0,2.15,0|0
1.23;1;0.8;0.53;0.04,2.45,200
0,1.95,204
0,1.55,0
0,1.75,0|0
0,2.75,0
0,1.95,0
0.07;0.02,1.95,200
0,2.75,0
0,2.75,0
0.8;0.63;0.18;0.06;0.03,1.95,200|200
1.9,2.45,200
0.2;0.04,1.95,200|200
0,2.45,0
0,1.95,0|0
0.8;0.44;0.09,1.75,200|200
0,1.55,0
0,1.75,0|0
0,1.95,0
2;0.58;0.17;0.17;0.06,2.15,200|200
0,1.95,0
0,2.75,0
0,1.95,0|0
0,2.15,0|0
0,1.75,0|0
0,1.95,0
0,1.75,0|0
0,1.75,0|0
0,1.95,204|204
0.84;0.05;0.02,1.95,200|200
0,1.75,0|0
0,1.75,0|0
6.32;0.54;0.48;0.21;0.2,1.95,200
0.04;0.01,1.75,200|200
0.52;0.24;0.14;0.03,1.95,200|200
0.04,1.55,200
0,2.75,0
0,1.55,0
7.06;1.76;1.69;0.8;0.64,1.95,200|200
0,1.75,200|204
0,2.75,0
0,2.75,0
0,1.75,0|0
0,2.45,0
0,1.75,0|0
0,1.75,0|0
0,1.55,0
0.08;0.02,1.95,200
0.04;0.02,2.15,200|200
0,2.15,0|0
0,1.75,0|0
0.04;0.02,2.75,200
0.05,2.45,200
0.28;0.19;0.1;0.07,2.45,200
0,1.75,0|0
1.16;0.59;0.41;0.36;0.32,1.55,200
0,1.75,0|0
0,2.75,0
0,1.75,0|0
0,2.45,0
0,1.75,0|0
0,2.45,0
0,2.75,0
0,2.75,0
0.02,1.95,200|200
0.01,1.95,200|200
0,1.95,0
0.39;0.21;0.13;0.1,1.75,200|200
0,1.95,0|0
0,1.75,0|0
0,1.95,0|0
0,1.75,0|0
0,1.95,0
0,2.45,0
0,1.95,0|0
0,2.45,0
0,1.95,0|0
0,2.45,0
0,2.45,0
1.31;0.13;0.13;0.09;0.08,1.95,200
0,1.95,0
0,1.75,0|0
0,2.75,0
0,2.75,0
0.2;0.16;0.05,1.95,200
0,1.75,0|0
0,1.55,0
0,2.15,0|0
0,1.75,0|0
0,1.75,0|0
0,2.75,0
0.59;0.28;0.24;0.09;0.03,1.95,200|200
0,1.55,0
0.2;0.2;0.13;0.09,1.95,200
0.01,2.75,200
0,2.15,0|0
0,1.75,0|0
0,1.95,0
0,1.75,0|0
0,1.95,0|0
0,1.75,0|0
0,2.75,0
0,2.15,0|0
0.41;0.13;0.04;0.01,1.95,200|200
0,1.95,0|0
0,1.75,0|0
0,1.75,0|0
0,1.95,0|0
0,2.15,0|0
0,2.15,0|0
0,1.55,0
0,1.75,0|0
1.64;0.35;0.27;0.04;0.01,1.95,200|200
0,1.55,0
0,1.55,0
0,2.75,204
0,1.75,0|0
0,1.55,0
0,1.75,0|0
0,2.45,0
0,1.95,0
0,2.75,0
0.12,2.75,200
0,1.75,0|0
0,1.95,0|0
0.04,1.55,200
0,1.95,0|0
0,1.95,204
0,1.75,204|204
1.2;0.8;0.29;0.07;0.02,1.95,200
0,1.95,0
0,1.75,0|0
0,2.15,0|0
0.79;0.51;0.12;0.04,1.55,200
0,1.95,0|0
0.02,1.95,200|200
0,1.55,0
0,1.55,0
0,2.75,0
0,2.45,0
0,1.75,0|0
0,1.75,0|0
0,2.45,0
0,2.75,0
0,2.15,0|0
1.16;1.16;1.03;0.4;0.09,2.75,200
0,1.75,0|0
0,1.75,0|0
0,1.75,0|0
0,1.75,0|0
0,1.75,0|0
0,2.75,0
0,2.45,0
0,1.75,0|0
0,2.45,0
0,1.55,0
0,1.55,0
0,1.95,0|0
0,1.75,0|0
0,1.75,0|0
0,1.95,0|0
0,1.75,0|0
0,1.95,0
0.62;0.57;0.52;0.23;0.15,2.75,200
2.21;1;0.53;0.52;0.14,1.95,200
0,1.75,0|0
0,1.75,0|0
0.03;0.02,2.15,200|200
0,2.75,0
1.48;0.99;0.5;0.22;0.14,1.75,200|200
0.2;0.03,1.95,200|200
0,2.45,0
0,2.45,0
0,2.15,0|0
0,1.95,0|0
0,1.95,0
0,1.75,0|0
0,2.45,0
0,2.45,0
0,1.95,0|0
0,2.75,0
0,2.15,0|0
0,1.55,0
0.03,1.95,200|200
0.2,1.55,200
0,2.45,0
0,1.95,0|0
0,1.75,0|0
0,1.95,204
0.04;0.02,2.15,200|200
0,1.95,0|0
5.57;1.48;0.88;0.82;0.58,2.15,200
0,1.55,0
1.2;0.42;0.03,1.75,200|200
0,2.45,0
0.4;0.08,1.75,200|200
0,1.75,0|0
0,1.75,0|0
0,1.95,0
0.14;0.01,2.75,200
0,2.15,0|0
0.36;0.05;0.02,1.95,200|200
0,1.55,0
0,1.55,0
0,2.15,204|204
0,1.55,0
0,1.95,0|0
0.8;0.2;0.1;0.04,1.95,200|200
1.86;0.59;0.58;0.01,1.95,200
0,2.75,0
0,1.95,0
0,1.55,0
0,1.55,0
0,2.75,0
0.59;0.07,1.55,200
0,1.55,0
1.21;0.41;0.21;0.18;0.09,1.75,200|200
0,1.75,204|204
0,2.15,0|0
0.64;0.36;0.06,1.95,200
0,1.95,0
0,1.75,0|0
0,1.55,0
0,2.15,0|0
0,1.95,0
0.03,2.75,200
0,1.95,0|0
0,1.55,0
0,1.95,0|0
0,2.75,0
0,1.95,0
0,1.55,0
0,1.75,0|0
14.75;2.8;2.11;1.36;1.13,2.15,200
0,1.95,0|0
0.4;0.12;0.02,1.95,200|200
1.44;1.36;0.44;0.18;0.09,1.95,200|200
1.14;1.12;0.34;0.24;0.04,2.15,200|200
0.33;0.04;0.01,1.75,200|200
0.04,1.55,200
0.64;0.14;0.07;0.05,1.75,200|200
0,1.75,0|0
0,1.55,0
0,1.55,0
0,1.75,0|0
0,1.75,204|204
0,1.75,0|0
0,1.75,0|0
0,2.75,204
0,2.45,0
0,1.75,0|0
0,2.15,0|0
0.01,1.75,200|200
0,2.15,0|0
0,1.75,0|0
0,1.95,0
0,1.75,0|0
0,1.75,0|0
0.07,2.75,200
0,2.45,0
6.17;4;1.14;0.59;0.33,2.15,200
0,2.75,0
0,1.95,0|0
0,1.75,0|0
0.2;0.12;0.02,1.95,200
0,1.95,0
0,1.55,0
0,1.75,0|0
0,2.15,0|0
0,1.55,204
0,2.15,0|0
0,1.75,0|0
0,1.75,0|0
0,2.75,0
0,1.75,0|0
0.08,2.75,200
0,2.45,0
0,2.75,0
0,2.75,0
0,1.75,0|0
0,1.95,0
0,1.55,0
0,1.55,0
0,1.95,0
0,1.75,0|0
0,1.75,0|0
0,1.95,0|0
0,1.95,0|0
0,2.75,0
0,2.45,0
0,2.75,0
0,1.75,0|0
0,2.45,0
0,2.15,0|0
0,2.15,0|0
0,1.95,0|0
0,1.95,0|0
0,1.55,0
0,1.55,0
0.05,2.15,200|200
1.36;0.59;0.14;0.02,1.55,200
3.26;0.28;0.24,2.15,200
1.86;0.06;0.02,1.95,200|200
0,1.95,204|204
0,1.95,204
2.24;1.79;1.03;0.08,2.75,200
0.39;0.12;0.07,2.75,200
0,1.75,0|0
0,2.75,0
0.4;0.02,1.75,200|200
0.33;0.12;0.05,1.75,200|200
0,1.95,0|0
0,2.45,0
0,1.55,0
1.86;0.12;0.01,1.75,200
0,2.75,0
0,2.45,0
0,1.75,0|0
0.12;0.01,1.75,200|200
0.69;0.04,1.55,200
0,1.75,0|0
0,2.75,0
0,2.45,204
0,2.45,0
0,1.75,0|0
0,2.15,0|0
0,2.15,0|0
0,1.75,0|0
0.86;0.01,1.95,200
0,1.75,0|0
0.12,2.75,200
0,1.95,204
0,1.95,0|0
0,1.75,0|0
0,1.75,0|0
0,2.45,0
0,2.45,0
1.36;0.08;0.04;0.02,1.95,200|200
0,1.95,0|0
0,1.95,0|0
0.12;0.01,1.55,200
1.76;1;0.64;0.29;0.22,2.45,200
0,2.15,0|0
0,2.45,0
0,2.45,0
0,1.55,0
0,2.75,204
0,1.75,0|0
0,1.95,0
0.2;0.04,1.95,200
0.64;0.29;0.14;0.06;0.02,1.55,200
1.73;0.59;0.52;0.04;0.01,1.55,200
1.86;0.13;0.12,2.15,200|200
0,1.55,0
0,2.75,0
0,1.95,204|204
0.02,2.75,200
0,2.75,204
0.24,2.45,200
0,1.95,0|0
0.09,2.45,200
0,2.15,0|0
0,1.75,0|0
0.07;0.04;0.04,1.95,200|200
0,1.75,204|204
0,2.45,204
0,1.95,0|0
0.31;0.06;0.06,1.55,200
0,2.75,0
0,1.95,0
0,1.95,0|0
0,1.95,0|0
0.26;0.12,1.75,200|200
0,2.45,0
0,2.75,0
0,1.55,0
0.52;0.16,2.45,200
0,2.45,0
1.44;1.13;0.18;0.14;0.11,1.75,200|200
0,1.55,0
0,1.55,0
0,1.75,0|0
0,1.75,0|0
0,2.45,0
0,2.15,0|0
0,2.15,0|0
0.04,2.15,200|200
0,1.95,0|0
0.89;0.8;0.4;0.36;0.14,1.75,200|200
0,1.75,0|0
0,2.45,0
1.86,1.75,200
0.68;0.25;0.1;0.03,1.75,200|200
0,1.95,200|204
0,1.75,0|0
0,1.55,0
0,1.55,0
0,1.75,0|0
0,1.55,0
0,1.55,0
0,2.75,0
0,2.45,0
0,1.75,204|204
0,2.75,0
0,1.75,0|0
0,1.75,0|0
0,2.75,0
0.02,1.75,200|200
0,1.75,204|204
0,1.95,0
0,1.55,0
1.86,2.45,200
0,1.95,0
0,2.75,0
0,2.75,204
0,1.95,0|0
0,1.55,0
0,1.75,0|0
0,1.95,0
0.07,2.75,200
0,1.95,0|0
0,1.95,0|0
1.13;1.03;0.4,2.15,200|200
2.47;0.88;0.2;0.16;0.04,2.45,200
0,1.95,0|0
0,1.95,204|204
0,2.75,204
0.59;0.2;0.02,1.95,200|200
0,2.75,0
0.04;0.02,2.75,200
0,1.95,0|0
0,2.15,0|0
0,2.75,0
0,2.15,0|0
0,1.75,0|0
0,2.15,204|204
0.76;0.24;0.05,1.55,200
1.86;0.12;0.01,1.75,200
0,1.95,0|0
0,1.75,0|0
0,1.95,0
0,2.15,0|0
0,1.75,0|0
0.02,1.95,200|200
0,1.55,0
0,1.75,204|204
0,1.55,0
0,1.95,204|204
0,1.75,0|0
0,1.55,0
0.52;0.28;0.23;0.06,2.45,200
0.01,1.75,200|200
5.46;1.13;0.72;0.62;0.4,2.15,200|200
0,2.75,0
0,2.45,0
0.48;0.4;0.2;0.17,1.75,200|200
0,1.75,0|0
0,1.95,0
0,1.55,0
0,1.75,0|0
0.04,1.95,200|200
0,1.55,0
0,1.75,0|0
0,1.95,0|0
0,2.45,0
0,1.95,0|0
0,2.45,0
0.6;0.04;0.01,1.95,200
0,1.75,0|0
0,1.95,0|0
0,1.75,0|0
0,1.75,0|0
0.23;0.04;0.04;0.02,2.15,200|200
0,1.75,200|204
0,1.95,0|0
0.24,2.15,200|200
0.04;0.03,2.45,200
0,2.75,0
0,2.75,0
1.36;0.05,2.45,200
0,1.55,0
0,2.15,0|0
0,1.75,0|0
2.08;1.23;0.41;0.39;0.2,2.45,200
0,2.75,0
0,1.75,0|0
0,1.95,0
0,1.75,204|204
0,2.15,0|0
0,2.75,0
0.04;0.04;0.02,2.15,200|200
0,1.75,200|204
0,1.95,0
0,2.75,0
0,2.15,0|0
0,1.55,0
0.2;0.04;0.02,2.45,200
0,2.15,0|0
0,2.45,0
0,1.75,0|0
0,2.75,0
2.39;1.43;1.36;0.42;0.33,2.45,200
1.86;1.84;1;0.57;0.36,1.95,200|200
0,1.75,0|0
0,1.95,0
0.03,2.45,200
0,1.95,0
0,1.75,0|0
1.03;0.8;0.65;0.08,2.75,200
0,2.75,0
9.97;0.59;0.4;0.24;0.14,1.55,200
0.02,1.95,200|200
1.85;0.5;0.24;0.16;0.1,2.15,200|200
0,1.55,0
0,1.55,0
0,1.75,0|0
0,2.15,0|0
0,1.95,0|0
0,1.95,0|0
0.12,1.75,200|200
0,1.95,0
0,1.75,0|0
0.12;0.04;0.02,1.55,200
5.65;0.51;0.32;0.3;0.14,2.75,200
0,1.95,0
0,2.15,0|0
0,1.95,0|0
0.12;0.04,1.75,200|200
0,2.15,0|0
0,2.15,0|0
0.76;0.58;0.1;0.01,2.45,200
0,1.95,0
0,1.95,0|0
0,1.55,204
2.12;1.6;0.6;0.4;0.14,1.95,200
0.76;0.1;0.08;0.07,2.75,200
0,2.45,0
0.41;0.17;0.08;0.05,1.95,200|200
0,1.95,0
0,1.95,0|0
0,1.75,0|0
0.72;0.04,2.15,200|200
0,1.75,0|0
0.04;0.02;0.02,1.95,200|200
0,1.55,0
1.86;0.12,2.15,200|200
0,2.45,0
0,2.45,0
0,1.75,0|0
7.62;1.6;0.14;0.12;0.03,1.95,200
1.6;0.05;0.02,1.95,200|200
0,2.75,0
0,1.75,0|0
0,2.15,0|0
0,1.75,204|204
0.12;0.02,2.45,200
0,2.45,0
0,2.15,0|0
0,1.55,0
0,1.55,0
0.65;0.04;0.01,2.15,200|200
0,2.45,0
0,1.75,0|0
0,1.75,0|0
0,1.75,0|0
0,1.75,0|0
0,2.75,0
0,1.95,0|0
0,1.95,0
2.36;1.44;1.03;0.48;0.44,1.55,200
0,1.75,0|0
0,1.75,0|0
0,1.75,0|0
0,1.55,0
0,1.75,0|0
0,2.45,0
1.2;0.68;0.16,1.75,200|200
0,1.75,0|0
0.04,1.55,200
2.4;0.59;0.08,1.55,200
0.46;0.02,1.95,200|200
0,2.75,0
0.1;0.08;0.03,1.95,200|200
0.02,1.75,200|200
0,1.75,0|0
0,1.95,0
0.8;0.52,2.45,200
0,1.55,0
0,2.45,0
0.92;0.09,2.45,200
0,2.45,0
0,2.15,0|0
0.25;0.09;0.02,1.75,200|200
0.12,1.75,200|200
0.59;0.16;0.12;0.07;0.04,1.95,200|200
0,2.75,0
0,1.95,0
0.56;0.29;0.19;0.01,2.75,200
1.43;1.36;0.28;0.21,1.55,200
0.06,1.75,200|200
0,1.75,0|0
0,2.15,0|0
1.86;1.44;0.29;0.02,1.75,200
0.03,2.15,200|200
0,1.95,0
0.52;0.2;0.19;0.02,2.15,200|200
0,2.45,0
0,1.95,0|0
0,1.75,0|0
0,1.95,0|0
0,1.55,204
0,2.75,0
0,2.75,0
1.86;0.12,1.95,200
0,2.75,0
0.02,2.15,200|200
0,2.45,0
0,1.95,0
0.33;0.08,1.75,200|200
0,1.75,200|204
0.33;0.09,1.75,200|200
1.86;0.8;0.01,1.75,200
0.12;0.01,2.15,200|200
0.81;0.41;0.29;0.28;0.09,1.55,200
0,1.95,0|0
0,2.15,0|0
0,2.45,0
0,1.95,0|0
0,1.75,0|0
0,1.75,0|0
0.12;0.04,1.75,200|200
0,1.95,0
0,1.95,204|204
0,1.75,0|0
0.34;0.12;0.12;0.06,1.75,200|200
0.19;0.06,1.75,200|200
0.4;0.07;0.03,1.75,200|200
0,1.75,0|0
1.36;0.12,1.55,200
0,1.75,0|0
0,2.75,0
0.02,2.75,200
0.17;0.02,1.95,200|200
0,1.75,0|0
0,2.75,0
0,1.75,0|0
0,2.75,0
0,1.75,0|0
0,1.75,0|0
0,1.55,0
0,1.55,204
0,1.75,0|0
0.03,1.95,200|200
0,1.75,0|0
0.05,2.75,200
0,1.95,0
0,1.75,0|0
0.06;0.02,2.75,200
0,1.75,204|204
0,1.75,0|0
1.86;1;0.57;0.16;0.12,1.95,200|200
0,2.75,0
0,1.75,0|0
0,1.75,0|0
0,1.55,0
0,1.95,0
0,2.75,0
0,1.95,0
0,1.75,0|0
0.58;0.04,2.45,200
0,1.75,204|204
0,2.15,0|0
0,1.95,0
0,1.75,0|0
0,2.15,0|0
0.19;0.06;0.02,1.55,200
0,1.95,0
0,1.95,0
0,1.95,0|0
0,1.95,0
0,1.55,0
0,1.75,0|0
0,1.75,0|0
0,1.95,0|0
0,1.75,0|0
0,2.75,0
0,1.95,0|0
0,2.15,0|0
0,2.45,0
0,1.55,0
0,1.55,0
0,2.45,0
0.01,1.75,200|200
0.48;0.07,1.75,200|200
0,2.75,0
0,1.55,0
0,2.75,0
0,1.75,0|0
0.55;0.15;0.04;0.04,1.95,200
0,2.45,0
0,1.75,0|0
0,2.45,0
0,2.75,0
0,2.75,0
0,1.95,0
0.59;0.03,2.45,200
0.15;0.01,1.95,200|200
0,2.45,0
0.04,1.95,200|200
1.2;0.89;0.55;0.08,1.75,200|200
0,1.95,0
0,1.75,0|0
0,1.95,0
0,1.95,0
0,1.75,0|0
0,2.15,0|0
0.03,2.75,200
1.86,2.45,200
0,1.75,0|0
0,1.75,0|0
0,1.75,0|0
0,1.95,0|0
0,2.15,0|0
0,2.75,0
0,1.95,0
0,1.75,0|0
0.12;0.01,1.95,200
0,1.55,0
3.92;1.2;1.12;0.86;0.84,1.75,200
0,2.45,0
0,1.75,0|0
1.2;0.48;0.36;0.27;0.08,2.45,200
0,1.75,0|0
0,1.95,0
0,1.95,0
0,2.15,0|0
0,2.45,0
0.52;0.36;0.2;0.08;0.04,1.95,200|200
0,1.55,204
0,1.75,200|204
0,1.75,0|0
0,1.55,0
0,1.95,0
0,2.45,0
1.86;0.03,2.45,200
0,1.55,204
0.49;0.48;0.29;0.25;0.2,2.75,200
0,2.15,0|0
1.62;0.8;0.11;0.1,1.95,200
0,1.75,0|0
1.44;1.2;0.96;0.92;0.25,1.95,200|200
0,1.95,0|0
0,1.95,0
0,1.95,0|0
0,2.15,0|0
0,1.55,0
1.36;0.01,2.75,200
0,1.95,0|0
0.12;0.03,1.55,200
0,1.95,0
0,1.95,0|0
0,1.95,0|0
0,1.95,0|0
1;0.8;0.61;0.6;0.36,2.15,200|200
0.8;0.04,2.45,200
0,1.95,0
0,2.15,0|0
0,1.75,0|0
0,1.95,0
0,2.15,0|0
0,1.95,0|0
3.2;1.49;0.4;0.22;0.17,2.15,200
0,1.55,0
0,2.15,0|0
0,1.95,0
0,1.75,0|0
1.86;1.76;1.44;0.06,1.95,200
0,1.95,0|0
0,1.75,0|0
0,1.95,0
0.06;0.02,1.95,200|200
0,1.95,0
0,2.45,0
0,1.55,0
0,1.75,204|204
0.01,2.15,200|200
0,2.75,0
0.02,2.75,200
0.12;0.02,1.55,200
0,1.95,0|0
0,1.95,0
0.12;0.02;0.01,1.95,200
0,1.55,0
17.85;2.12;0.68;0.2;0.02,2.45,200
0,1.75,204|204
0,1.75,0|0
0,1.75,0|0
0,1.75,0|0
0,1.95,0
0,2.75,0
0.02,1.75,200|200
0.4;0.21;0.12;0.06,1.75,200|200
0,1.75,0|0
0,1.75,0|0
3.45;0.98;0.42;0.14;0.12,1.75,200
0,1.75,0|0
0,2.15,0|0
2;1.23;0.36;0.25;0.07,1.55,200
0,2.15,0|0
0,1.95,0|0
0.12;0.08,1.75,200|200
0,2.15,0|0
0,1.75,0|0
0,2.45,0
0,1.95,0|0
0,1.75,0|0
0,1.55,0
0.05,1.95,200|200
0,1.75,200|204
0,2.45,204
0,2.45,0
0,2.45,0
0,2.75,204
0,1.55,0
0,1.75,0|0
0,1.75,0|0
0,1.75,0|0
0,2.75,0
0,1.95,0|0
0,2.15,0|0
0,2.75,0
2.26;1.03;0.41;0.14;0.07,1.55,200
0,1.95,0|0
2.6;1.49;1.36;1.2;1.03,2.75,200
0,1.55,0
0,2.15,0|0
0,2.75,0
0,1.75,0|0
0,2.75,0
0.02,1.95,200
0,1.75,0|0
0,1.75,0|0
0,1.75,0|0
0,2.15,0|0
0,2.75,0
0,2.75,0
0,1.55,0
0.41;0.27;0.09;0.05;0.04,2.75,200
1.48;0.93;0.4,2.15,200|200
0,2.15,0|0
0,2.15,0|0
0,1.75,0|0
0,2.75,0
0,2.45,0
0,1.95,0|0
0,1.75,0|0
0,1.75,0|0
0,2.75,204
0,2.15,0|0
0,1.95,0|0
0.72;0.29;0.14;0.06;0.04,1.75,200|200
2.76;1.2;1.11;0.94;0.17,1.55,200
0,2.45,0
0.02;0.02,2.75,200
0,1.55,0
0,1.75,0|0
0,1.95,0
0,1.55,0
0,1.75,0|0
0,1.75,0|0
0,1.75,0|0
1.86;0.58;0.04,1.55,200
0,1.95,0|0
0,2.15,0|0
0,2.75,0
0,1.95,0
0,1.95,204
0.33;0.12;0.06,1.75,200|200
0,2.75,0
1.44;1.38;0.12;0.1;0.04,1.55,200
0.06,2.75,200
0,1.75,0|0
0,2.75,0
0,1.75,0|0
0,1.75,0|0
0.05,1.95,200|200
0,2.75,0
0,1.95,0
0,1.95,0
1.86;0.12;0.04,1.75,200
0.76;0.4;0.01,2.75,200
0,1.55,0
0,2.75,0
0,1.75,0|0
0.4;0.1;0.09;0.04,1.75,200|200
0,1.95,0
0,1.95,0|0
0,1.75,0|0
0,1.75,0|0
0,1.55,0
0.11,1.95,204|200
0,1.75,0|0
0,1.75,0|0
1.44;0.01,2.75,200
0,1.75,0|0
0.57;0.22;0.14,1.95,200
0,2.75,0
0,1.95,0|0
0,1.75,0|0
0,1.95,0
0,1.75,0|0
0,2.75,0
0,2.75,0
0,1.95,0|0
0,1.75,0|0
0,1.55,0
0,2.15,0|0
0,1.55,0
0,1.75,0|0
1.03;0.33;0.07;0.02,2.45,200
1.13;1.12;1.03;0.4;0.24,1.55,200
0,1.75,0|0
0,1.95,0
0,2.45,0
0,1.55,0
0.12;0.01,1.95,200|200
0,1.55,0
0,1.95,0|0
0,1.75,0|0
0,1.75,0|0
0.33;0.06;0.01,1.95,200|200
0,1.55,0
0,1.75,0|0
1.23;0.54;0.22;0.1;0.09,2.45,200
0,1.75,0|0
0.4;0.02,2.45,200
0,1.75,0|0
0,2.75,0
0,1.75,204|204
0,1.75,0|0
0,1.75,0|0
1.2;1.03;0.12;0.09;0.08,2.15,200|200
0,2.15,0|0
0,1.75,0|0
1.13;0.39;0.13;0.08;0.08,1.75,200|200
0,1.95,0|0
0,1.55,0
0,1.75,0|0
0,1.55,0
0,1.75,0|0
0,2.75,0
0.81;0.12;0.04;0.04,1.75,200|200
0.06;0.02,1.95,200
0,1.55,0
0,1.95,0
0,2.75,0
0.03;0.03;0.02,2.45,200
0,1.75,0|0
1.36;0.8;0.12;0.12;0.01,1.95,200|200
0,2.75,0
0,1.75,0|0
0,2.75,0
0,2.45,0
0,1.75,0|0
0,1.95,0
0.04,1.95,200|200
0,1.55,204
0,1.75,0|0
1.2;0.14;0.12;0.12,1.75,200|200
0.01,1.95,200|200
0,2.45,0
0.28;0.14;0.1;0.08;0.02,2.45,200
0.19;0.12;0.03;0.01,1.75,200|200
0,2.45,0
0,1.75,0|0
0,2.45,204
0,2.15,0|0
0,2.75,0
0,1.75,0|0
0.8;0.54;0.2;0.17;0.12,2.45,200
0,2.15,0|0
0,2.75,0
0,1.95,0|0
0,2.15,0|0
0,1.55,0
0.12,2.45,200
1.27;0.31;0.25;0.12;0.08,2.75,200
0.9;0.76;0.27;0.04,1.55,200
0,1.75,0|0
0,1.75,0|0
0,1.55,0
0,1.55,0
0,2.15,0|0
0,1.95,0|0
0,1.95,0
0.52;0.2;0.13;0.05,1.95,200|200
0,2.75,0
0.1;0.07;0.02,2.15,200|200
0,1.95,0|0
0,2.45,0
0,1.95,0|0
0.48;0.18;0.07;0.02;0.01,2.75,200
0.32;0.16,2.75,200
0,1.75,0|0
0,1.75,0|0
0,1.75,0|0
0.02,2.75,200
0,1.75,0|0
0.12,1.75,200|200
0,2.45,0
0,1.75,0|0
0,1.95,0|0
0.26;0.19;0.12;0.03,1.75,200|200
0,1.95,0
0.02,2.75,200
0.02;0.02,1.95,200
0.04,1.95,200
0,1.75,0|0
0,1.75,0|0
0.39;0.22;0.07,2.15,200|200
0.4;0.03,1.75,200|200
0,2.45,0
0,2.75,0
0,1.75,0|0
0,1.95,0
0,1.55,0
0,1.75,0|0
2.85;1.86;0.6;0.3;0.28,2.75,200
0,1.95,0|0
0,2.75,0
0,1.95,0|0
0.04;0.02,2.75,200
0.04,1.95,200|200
0,1.95,0
0,2.45,0
2.02,1.75,200
0,1.75,0|0
0,1.75,0|0
1.44;1.13;0.43;0.12,2.15,200|200
0,1.95,0|0
0,1.75,0|0
0,1.95,0|0
0.02,1.75,200|200
0,2.15,0|0
0,1.55,0
0,2.75,0
0,1.75,204|204
0,1.75,0|0
0,1.75,0|0
0,1.75,0|0
0,1.95,0|0
0,2.75,0
0,2.75,0
0,1.75,0|0
0,1.55,0
0,1.55,0
0,2.15,0|0
0,2.15,0|0
0,2.45,0
0,2.15,0|0
0,1.75,0|0
0,1.55,0
0,1.95,0|0
0.05;0.02,2.15,200|200
0,1.75,0|0
0.04;0.04;0.02,1.55,200
0,2.75,0
0.44;0.02;0.01,1.95,200
0,1.75,0|0
0,1.55,0
1.36;1.2;0.2;0.08;0.06,2.15,200|200
0,2.75,0
0,2.45,0
0,1.55,0
2.21;1.23;1.03;0.8;0.26,1.75,200
0,1.75,0|0
0,2.75,0
0,1.95,0|0
0,1.95,0
0,1.75,0|0
0,1.75,0|0
0,1.55,0
0,2.45,204
0.01,1.75,200|200
0,1.55,0
0,1.75,0|0
0.36;0.3;0.09;0.07,1.75,200|200
0.15;0.02,2.45,200
0,1.95,0|0
0,1.75,204|204
0.09,2.15,200|200
0,2.75,0
0.12;0.05;0.04,1.55,200
0,1.75,0|0
0,2.45,0
0,1.75,0|0
0,1.75,0|0
0,1.75,0|0
0,1.95,0|0
0,1.95,0|0
0.09;0.02,1.55,200
0,1.75,0|0
0,1.75,200|204
0,2.15,0|0
0,2.45,0
0,2.45,0
0,1.75,0|0
0,1.55,0
0,1.95,0|0
0,1.95,0|0
0.64;0.32;0.12;0.02;0.02,1.55,200
0,2.75,0
0,1.75,0|0
0,1.75,0|0
0,1.55,0
0,1.95,0
1.03;0.12;0.07,2.75,200
0,1.55,204
0,1.75,0|0
1.86;0.02,1.75,200
0,1.95,0|0
0,1.75,0|0
0,1.95,0
0.59;0.04,1.95,200|200
0,1.75,0|0
0.12,2.75,200
0,2.75,0
0,2.75,0
0,1.75,0|0
0,1.95,204
0,2.75,0
0,1.55,0
0,2.75,0
0,2.15,0|0
1.48;0.02,2.75,200
0,1.75,0|0
0,2.15,0|0
0,1.75,0|0
0,1.75,0|0
0,1.75,0|0
0.67;0.33;0.17;0.16;0.12,1.75,200|200
0,1.75,0|0
0,2.15,0|0
0,1.75,0|0
0.04,2.15,204|200
0,2.15,0|0
0,1.75,0|0
0,1.75,204|204
0,2.75,0
0,1.75,0|0
0.57;0.08;0.07,2.15,200|200
0,1.75,0|0
0.41;0.2;0.08,1.55,200
0.07,1.75,200|200
1.37;0.04,1.95,200
0,2.15,0|0
0.8;0.05,2.15,200|200
0.4;0.09;0.07;0.05;0.03,1.95,200|200
0,1.95,0|0
0,1.75,0|0
0,1.95,0
0,1.95,0|0
0,1.55,0
0.54;0.2;0.02,2.45,200
0,1.55,0
0,2.15,0|0
0.88;0.62;0.11,1.95,200|200
1.86;0.12,1.95,200|200
0.01,1.95,200
0.27;0.22;0.09,1.55,200
0,1.55,0
0,1.55,0
0,2.45,0
0,1.75,0|0
7.6;3.75;0.89;0.4;0.2,2.15,200
0,1.95,0|0
0,2.75,0
0,1.95,0
0.92;0.06;0.02,1.75,200|200
2.4,2.15,200
1.03;0.4;0.14;0.06,2.45,200
0,1.55,0
0,1.75,0|0
0.34,2.45,200
0,1.75,0|0
0,2.15,0|0
0.01,1.75,200|200
0,2.75,0
0,1.95,0|0
0,2.45,0
0,1.95,204|204
0,1.75,0|0
0,1.95,0
0,2.45,0
0,1.55,0
1.13;0.8;0.4;0.07,2.15,200|200
0,1.95,0|0
0,2.15,0|0
0,1.55,0
0,1.75,0|0
0,1.75,0|0
0,1.95,0|0
0,2.15,0|0
0,1.75,0|0
0,2.45,0
0.19;0.02,1.55,200
0,2.75,0
0,1.75,0|0
0.64;0.3;0.14;0.03,1.75,200|200
0,1.75,0|0
0,1.55,0
0,2.45,0
0,2.75,0
0,1.75,0|0
0,2.75,204
0,2.45,0
0.34;0.04;0.03;0.02;0.01,1.55,200
0,1.95,0|0
0,1.95,0
0,2.45,0
0,1.75,0|0
0,1.75,0|0
0,1.75,0|0
0,1.95,0|0
0,2.45,0
0,1.95,204|204
0,1.75,0|0
0,2.45,0
0,2.45,0
9.97;0.25;0.12;0.05,2.15,200
0,2.15,0|0
0,2.15,0|0
0,1.75,0|0
0,1.95,0
0.02,1.95,200
0,1.75,0|0
0,2.75,0
0,1.75,0|0
0,2.75,0
0,1.75,0|0
0,2.75,0
0,1.75,0|0
0,1.75,0|0
1.86;0.12;0.03,1.75,200
0.07;0.03,1.95,200
0,1.55,0
0,1.95,0|0
0,2.45,0
0,1.95,0|0
0,1.95,0|0
4;1.86;0.89;0.34;0.22,2.15,200
0,2.75,204
0,1.95,0|0
0,1.75,0|0
0.12;0.04,1.75,200|200
0.19;0.04;0.02;0.01,1.95,200|200
0,1.75,0|0
0,1.95,0|0
0,1.75,0|0
0.1;0.03;0.03,1.75,200|200
0,1.75,0|0
3.2;0.27;0.2;0.12;0.12,2.15,200|200
0,1.55,0
0,1.75,0|0
0,2.75,0
0,1.95,0|0
0.26;0.1;0.04;0.01,1.95,200
0.02,1.75,204|200
0,1.75,0|0
1.28;0.4;0.02,2.75,200
0,1.75,0|0
0,2.75,0
0.23;0.18;0.1;0.1;0.09,1.75,200|200
0,2.75,0
0,1.95,0|0
0,1.75,0|0
0.01,1.75,200|200
0,1.75,200|204
1.03;0.14;0.08;0.04,1.55,200
0,2.15,0|0
0,1.75,0|0
4.8;2.33;1.86;1.4;1.2,2.75,200
0.43;0.05;0.04,1.55,200
0,1.55,0
0,2.45,0
0,1.95,204
0,2.15,0|0
0,2.75,0
0,2.15,0|0
0.03;0.02,2.75,200
0,1.75,0|0
1.91;0.27;0.2;0.03,2.75,200
1.22;0.88;0.64;0.63;0.33,1.55,200
0,2.15,0|0
0,2.15,0|0
0.23;0.04;0.02,1.95,200
4;1.08;0.67;0.58;0.19,2.15,200
0,1.75,0|0
0,1.95,0
0,1.75,0|0
0,2.15,0|0
0,2.45,0
0,2.45,0
0,1.55,0
0,1.95,0|0
0,2.75,0
0.4;0.22;0.21;0.01,2.75,200
0,1.95,0
0.42;0.12;0.05,1.75,200|200
0,2.75,0
0,1.75,0|0
0,1.95,0
0,2.75,0
0,2.75,0
0.04,2.15,200|200
0,1.75,0|0
0,2.75,0
0.02,1.55,200
0,1.95,0|0
0,1.55,0
0,1.75,0|0
0,1.55,0
0,1.75,0|0
0,1.95,0|0
0,2.75,0
0,2.45,0
0,2.75,204
0.59;0.57;0.51;0.35;0.18,1.95,200|200
0,1.95,0|0
0,2.75,0
0,1.75,0|0
0,1.55,0
0,1.95,0
0,1.95,204|204
0,1.95,0
9.97;1.25;1.22;0.77;0.66,2.45,200
0,1.75,0|0
0,2.45,0
0,1.95,0|0
0,1.75,0|0
0,1.95,0
0,1.75,0|0
0.01,1.55,200
0,2.45,0
0,1.75,0|0
0,2.75,0
0.12,2.15,200|200
1.13;1.01;0.65;0.63;0.48,2.15,200|200
0,1.75,0|0
0,1.75,0|0
0,1.75,0|0
0.63;0.52;0.36;0.2;0.12,1.75,200|200
0,1.95,0
0,1.75,0|0
0,1.75,0|0
0,1.75,0|0
0,1.55,0
0,1.75,0|0
0,2.75,0
1.86;0.04,1.75,200|200
0,1.95,0|0
0,2.45,204
0,1.75,0|0
1.48;1.2;0.29;0.04;0.03,1.55,200
0,1.75,0|0
0.12;0.02,2.45,200
0.02,1.95,200
0,1.75,0|0
0,1.95,0
0,1.75,0|0
0,1.75,0|0
0,1.55,0
0,1.95,0
0,1.55,0
0,1.55,0
0,1.55,0
0,1.75,0|0
0,2.45,0
2.4,1.75,204|200
0,1.95,0|0
0,2.75,0
0,1.75,0|0
1.86;0.24,2.75,200
0.76;0.12;0.01,2.45,200
0,2.75,0
0,1.75,0|0
0.03;0.02,2.45,200
0,1.75,0|0
0,2.75,0
0,2.45,0
1.36;0.2;0.2;0.05;0.03,2.15,200|200
0,2.15,0|0
0.01,1.95,200|200
0,1.75,0|0
8;1.36;0.48;0.05,2.45,200
0,1.95,0|0
0,1.75,0|0
0.59;0.02,1.75,200|200
0,1.75,0|0
0,1.95,0|0
0,2.75,0
3;0.81;0.19;0.03,2.15,200|200
0,1.75,0|0
0,1.55,0
0,1.55,0
0,1.95,0|0
1.01;0.11;0.02;0.01,1.95,200|200
0.88;0.2;0.1,2.45,200
0,1.75,0|0
0,2.45,0
0.55;0.44;0.22;0.13;0.12,1.95,200
0,1.75,0|0
0,2.45,0
0,1.95,204
0,1.75,0|0
0.76;0.32;0.3;0.24;0.16,2.45,200
0.01,1.75,200|200
0,2.15,0|0
2;1.66;1.45;1.44;1.2,2.75,200
0,1.95,0|0
1.86,1.75,200
0,1.75,0|0
0,1.75,0|0
0,1.95,0|0
13.63;0.04,1.75,200
0,2.45,0
0.4,1.75,200|200
0,1.55,0
0,1.95,0
0,1.75,0|0
0.34,1.75,200|200
3.52;2.04;1.64;1.6;0.15,2.75,200
0.72;0.02;0.02,1.75,200|200
0,1.75,0|0
0.29;0.08,1.75,200|200
0,1.95,0|0
0,1.75,0|0
0.02;0.01,1.75,200|200
1.86;0.01,1.75,200
0.55;0.48;0.19;0.14;0.08,1.95,200
0.12;0.02,1.95,200|200
0,1.75,0|0
0,1.95,0|0
0,2.75,0
0,2.75,0
0,1.75,0|0
0,1.75,0|0
0,2.15,0|0
0.89;0.48;0.24;0.12;0.05,1.75,200|200
0,1.75,0|0
0,2.75,0
0,1.75,0|0
0,2.75,0
0,2.15,0|0
0,1.95,0
0,2.15,0|0
0,2.45,0
0,1.75,0|0
1.86;0.02,2.75,200
0,1.55,0
0,2.75,0
0,1.75,0|0
0,1.75,0|0
0,1.75,0|0
0.12;0.01,1.75,200|200
0,2.45,0
0,1.75,0|0
0,1.75,0|0
0,1.75,0|0
0,2.15,0|0
0,1.75,0|0
0.34;0.04,1.95,200
0.12,1.75,200|200
1.24;0.81;0.42;0.12;0.1,1.55,200
0,1.75,0|0
0.16;0.04;0.01,2.75,200
0,1.75,200|204
0,2.75,0
0,2.15,0|0
0,1.95,0|0
0.95;0.56;0.52;0.2;0.14,1.95,200
0,1.95,0|0
0,1.95,0
0,1.95,0|0
0,2.15,0|0
0,1.75,0|0
0,2.15,0|0
0,1.75,0|0
0,1.75,0|0
0,1.75,0|0
0,1.95,0
0,1.75,0|0
0,2.75,0
0.33;0.03,1.75,200|200
1.44;0.35;0.04;0.02,2.45,200
0,2.75,0
0,1.75,0|0
0.12,1.75,200|200
0,1.75,204|204
0,2.75,0
0,1.55,0
0,1.75,0|0
0,1.95,0
0,1.75,204|204
0,2.15,0|0
0,1.75,0|0
0,2.45,0
0,2.45,0
0.45;0.4;0.35;0.02;0.02,1.55,200
0.02,1.95,200
0.03,2.45,200
0,1.95,0
0,2.15,0|0
0,1.75,0|0
0.2;0.03,2.15,200|200
0,1.95,0|0
0,1.95,0
0.66;0.56;0.12;0.08,2.45,200
0,1.95,0|0
0,1.75,0|0
0.41;0.12;0.03,2.75,200
0,1.95,0|0
0,1.75,0|0
0,1.95,0|0
0,1.55,0
0,1.75,0|0
1.36;0.2;0.03,2.75,200
0.03,1.75,200|200
0,1.55,0
0,1.75,0|0
0,1.75,0|0
0,1.75,0|0
0.12;0.06;0.01,2.15,200|200
0,1.55,0
0.04,2.45,200
0,2.75,0
0,1.75,0|0
0,1.75,0|0
0,2.45,204
0.4;0.28;0.24;0.1;0.09,1.75,200|200
0,2.75,0
0,2.45,0
0,1.75,0|0
0,1.75,0|0
0,1.75,0|0
0,2.75,0
0,2.15,0|0
2.4;0.65;0.59;0.24;0.03,1.55,200
0.62;0.54;0.52;0.4;0.4,1.75,200|200
0,1.75,0|0
1.2;0.22;0.14;0.05;0.02,1.95,200
0,1.75,0|0
0.33;0.28;0.13,1.55,200
0,1.75,0|0
0,1.95,0|0
0.52;0.3;0.21,1.95,200|200
0,1.55,0
0.12;0.02,1.75,200|200
0,2.15,0|0
0,1.95,0|0
0,1.95,0
0,1.75,204|204
0,1.75,0|0
0,1.75,0|0
0,1.75,0|0
0,1.75,0|0
0,1.75,0|0
0,1.75,0|0
0,1.95,0|0
0,1.55,0
0,1.75,204|204
0.42;0.07;0.01,1.95,200|200
0,1.75,0|0
0.02,1.95,200|200
0,1.55,0
0,1.55,204
0,1.75,0|0
0,1.75,0|0
1.03;0.9;0.4;0.17;0.04,2.45,200
0,2.45,0
0.03,1.95,200
0,2.75,0
0.9;0.86;0.36;0.25;0.22,1.75,200|200
0.33;0.13;0.12;0.06,1.55,200
0,2.75,0
0,1.55,204
0,1.55,0
0,1.75,0|0
0,1.75,0|0
0,1.75,0|0
0,1.75,200|204
0,2.75,0
0,1.55,0
0,2.45,0
0,2.45,0
0,1.75,0|0
0,1.95,0|0
0,1.75,0|0
0,1.75,204|204
0,1.95,0
0,1.95,0|0
1.13;0.78;0.48;0.34;0.23,1.95,200
0,2.15,0|0
0,1.75,0|0
0,2.45,204
0,1.95,0|0
0,1.75,0|0
0,1.55,0
0,2.45,0
0,1.95,0
0,1.95,0
0,1.75,0|0
0,1.75,0|0
1.1;0.76;0.44;0.14;0.12,1.55,200
1.13;0.14;0.08;0.02,1.75,200|200
0,1.75,0|0
0,1.95,0
0,1.75,0|0
0,1.75,0|0
0.56;0.49;0.23;0.14;0.12,1.55,200
2.4;0.54;0.51;0.29;0.04,1.75,200|200
0,1.75,0|0
0,1.75,0|0
0.4;0.04,1.75,200|200
0.36;0.04,2.75,200
1.44;0.8;0.33;0.32;0.1,1.75,200|200
0.06,1.95,200
0,1.55,0
0,1.55,0
0,1.95,0|0
0.01,1.75,200|200
0,2.75,204
0,1.75,204|204
0,1.75,0|0
0,1.95,204
0,1.55,0
0,1.95,0
0,2.15,0|0
0,1.75,204|204
0,1.75,0|0
0,1.75,0|0
0,2.75,0
0,1.75,0|0
0,2.45,204
0,1.75,0|0
0,2.75,0
0,1.75,0|0
0,1.75,0|0
0.39,2.15,200|200
0.04;0.03,1.55,200
0,2.75,0
1.86;0.12,2.75,200
0,1.75,0|0
0,1.75,0|0
0,2.75,0
0.3;0.15;0.09;0.08;0.04,1.75,200|200
0.64;0.33;0.14;0.14;0.08,1.95,200|200
0,2.45,0
0,1.75,0|0
0,1.75,0|0
0,2.75,0
0,1.95,0
2.23;0.48;0.08,2.45,200
0,1.75,0|0
0,1.75,0|0
0.12;0.02,1.75,200|200
0.53;0.48;0.32;0.22,2.75,200
0,1.75,0|0
0,1.95,0|0
0,1.95,0|0
0,1.75,0|0
0,2.75,0
0,2.75,0
0.64;0.32;0.16;0.08;0.03,1.75,200|200
0,1.75,0|0
0,1.95,0
0.89;0.8;0.4;0.03,1.75,200|200
0,1.75,0|0
0.29;0.13;0.12;0.09,1.75,200|200
0.64;0.45;0.01;0.01,1.55,200
0,1.95,0
0.03,1.75,200|200
0,1.75,0|0
0.01,1.95,200
0,1.75,0|0
0,1.75,0|0
0.04,2.15,200|200
0,1.55,0
0,1.75,0|0
0.12;0.01,2.15,200|200
0,1.75,0|0
1.44;0.8;0.76;0.43;0.04,1.55,200
0.12,1.75,200|200
0,1.75,0|0
0,1.75,0|0
1.44;0.81;0.4;0.17;0.03,1.75,200|200
1.13;0.16;0.05;0.01,2.45,200
0,1.55,0
0,2.45,0
0,1.95,0|0
0,2.45,204
0,1.75,0|0
0,1.75,0|0
0,1.95,0|0
9.97;0.4;0.17;0.12;0.01,2.75,200
0,2.15,0|0
0,2.45,0
0,2.15,0|0
0,1.75,204|204
0,2.15,0|0
0.01,1.95,200|200
0,1.95,0|0
0,1.75,0|0
0,2.15,0|0
0,1.75,0|0
0,1.75,0|0
0.06;0.03,1.75,200|200
0,1.95,0|0
0,1.75,0|0
0,2.75,0
0,1.95,0|0
0.3;0.29;0.28;0.09;0.04,1.75,200|200
0,1.75,0|0
0,1.95,204
0,1.75,0|0
0,1.75,0|0
0,1.75,0|0
0,1.75,0|0
0.33;0.11;0.04,1.75,200|200
0,2.45,0
0,1.55,0
0.96;0.01,1.95,200
0,1.75,0|0
0,1.75,0|0
1.16;1;0.78;0.26;0.19,1.95,200|200
0.89;0.63;0.4;0.08;0.01,1.75,200|200
0,2.45,0
0,2.75,0
0,1.75,0|0
1.86;0.02;0.01,2.75,200
0.48;0.08;0.04,1.75,200|200
0,1.55,0
0,2.15,0|0
0,1.75,0|0
1.03;0.32;0.23;0.08;0.04,2.75,200
0,1.75,0|0
1.36;0.89;0.72;0.51;0.14,1.95,200|200
0,1.55,0
0,1.75,0|0
2.9;0.64;0.45;0.16;0.12,1.75,200
0,1.75,0|0
0,2.15,0|0
0,1.75,0|0
0,1.75,0|0
0,1.75,0|0
1.44;0.8;0.12;0.06;0.05,1.75,200|200
0,1.75,0|0
0,1.75,0|0
0.64;0.48;0.48;0.24;0.1,1.95,200|200
0,2.15,0|0
0,2.45,0
0,2.15,0|0
0,1.95,0
1.44;1.2;1.2;1.16;0.98,1.95,200
1.2;0.76;0.12;0.1;0.01,1.55,200
0,1.75,0|0
0,2.15,0|0
0,2.75,0
0,1.55,0
0,1.95,0|0
0,2.45,0
0,2.75,0
0,1.75,0|0
0.88;0.6;0.36;0.15;0.14,2.75,200
0,1.95,0
0,2.45,0
0,1.75,0|0
0.04,2.15,200|200
0,2.75,0
0,1.95,0|0
0,1.75,0|0
0.02,1.75,200|200
9.97;2.29;0.8;0.72;0.14,1.75,200
2.2;0.95;0.29;0.08;0.04,1.75,200
0,1.75,0|0
0,1.75,0|0
0,1.75,0|0
0.03,1.75,200|200
1.86;0.12;0.08,1.55,200
0,2.45,0
0,1.75,0|0
0,1.55,0
0,1.75,0|0
0,2.15,0|0
0,1.75,0|0
0,1.75,0|0
0,1.75,0|0
0.17;0.14;0.1;0.09,1.75,200|200
0,1.55,0
0.89;0.4;0.29;0.09;0.08,1.75,200|200
0,2.75,0
1.69;1.25;0.45;0.44;0.09,1.75,200|200
0,2.75,0
0.03,2.75,200
0,1.75,0|0
0,2.75,0
1.86;0.03,1.55,200
0,1.95,0|0
0,2.75,204
0,1.55,0
0,2.75,0
0,1.95,0
0,1.75,0|0
0.12;0.02;0.01,2.15,200|200
0,1.75,0|0
0,2.75,0
0,1.75,0|0
1.03;0.64;0.41;0.2;0.01,2.75,200
0,1.75,204|204
0,1.75,0|0
0,1.55,0
0.06,1.95,200|200
1.03;0.72;0.62;0.53;0.48,1.95,200
0,1.75,0|0
0,1.95,200|204
0,1.75,0|0
1.86;0.12,1.95,200|200
0.12,1.75,200|200
1.84,2.15,200|200
0,1.75,0|0
0,1.75,0|0
0,1.75,0|0
0,1.75,0|0
0,1.75,0|0
0,1.75,0|0
0,2.45,0
0,2.45,0
0,1.95,0
0,2.45,0
0,1.95,0|0
0,1.75,0|0
0.12;0.02,2.75,200
0,1.95,0|0
0,1.75,0|0
0,2.15,0|0
0,2.75,0
0,1.55,0
0,1.75,0|0
0,1.75,0|0
0,1.95,0
0,1.75,0|0
0,1.55,0
0,1.75,0|0
0,2.45,0
0,1.75,0|0
0,1.75,200|204
0.08,1.75,200|200
0,1.75,0|0
0,1.75,0|0
0,2.15,0|0
0,2.45,0
0,2.15,0|0
0.01,1.55,200
0,1.75,0|0
0,1.75,0|0
0,1.75,0|0
0.32;0.2;0.06,2.75,200
0,1.75,0|0
0,1.55,0
0.33;0.12;0.08;0.04,1.75,200|200
0,1.95,204|204
0,1.55,0
0,1.75,0|0
0,1.75,0|0
0,1.75,0|0
0,2.45,0
0,1.55,0
1.13;0.07;0.01,2.15,204|200
0,1.95,0|0
0.12;0.01,1.75,200|200
0,1.95,0
0,2.45,0
0,1.55,0
1.86,1.75,200
0.04;0.03,1.55,200
0,1.75,0|0
0,1.75,0|0
0.12;0.02,2.15,200|200
0.4;0.35;0.23;0.14,1.75,200|200
0,2.15,0|0
0,1.75,204|204
0.18;0.08,1.75,200|200
0.05,1.75,200|200
0,1.75,0|0
0,1.55,0
0.4;0.06;0.04;0.01,2.15,200|200
0,2.15,0|0
0,2.45,0
0,1.75,0|0
0,1.75,0|0
0,1.75,0|0
0,1.75,0|0
0.48;0.07;0.05,1.75,200|200
0,1.75,0|0
0,2.45,0
0,2.75,0
0,1.75,0|0
0.12,1.55,200
0,1.75,0|0
0,1.75,0|0
0,2.45,0
0,1.75,204|204
0,1.75,0|0
0,1.55,0
1.14;0.29;0.07;0.03;0.02,2.75,200
1.2;1.13;1.03;1.03;0.4,1.55,200
0,1.75,0|0
0,1.75,0|0
0,1.75,0|0
0,1.75,0|0
0,1.75,0|0
0,2.45,0
0,2.75,0
1.13;1.03;0.4;0.19;0.1,1.55,200
0,1.75,0|0
0,1.75,0|0
0.35;0.28;0.08;0.03,1.75,200|200
0,1.75,204|204
0,2.45,0
0.06,1.95,200
0,2.15,0|0
0.89;0.15,1.75,200|200
0,1.75,0|0
0,1.75,0|0
0.03,2.15,200|200
0.03,1.95,200
0,1.95,0|0
0.96;0.42;0.14;0.07;0.06,1.95,200|200
0,2.15,0|0
0,2.45,0
0,1.75,0|0
0.12;0.1;0.04,1.75,200|200
0.48;0.43;0.04,2.45,200
0,1.75,0|0
0,2.45,0
0,1.75,0|0
0,1.75,0|0
0,2.15,204|204
0.47;0.1;0.04;0.04,2.75,200
2.8;2;0.33;0.1;0.09,1.75,200
0,1.75,0|0
1.86;0.12;0.04,1.55,200
0,2.75,0
0,2.15,0|0
0,1.55,0
0.01,1.95,200
0.12;0.04;0.03,1.75,200|200
0,1.75,0|0
1.86,2.75,200
0.03,1.75,200|200
0,1.75,0|0
0,1.75,0|0
0,1.75,0|0
0,1.75,0|0
0,2.75,0
0.02,1.75,204|200
0,1.75,0|0
1.2;0.12;0.05;0.04;0.03,1.75,200|200
0,1.75,0|0
0,1.75,0|0
0,2.45,0
0,1.95,0
0,1.75,0|0
0,1.75,0|0
0,1.55,204
0,1.95,0
0,1.95,0
0.01,1.75,204|200
0.89;0.3;0.24;0.14;0.12,1.75,200|200
0,1.75,0|0
0,1.75,0|0
0,1.75,0|0
0,2.15,204|204
0,2.45,0
0,1.75,0|0
0,2.15,0|0
0,1.75,0|0
0,1.95,0|0
4;0.4;0.33;0.11,1.75,200
0.89;0.72;0.29;0.02,1.95,200|200
0,1.75,0|0
0.04,1.75,204|200
0.8;0.8;0.14;0.05,2.15,200|200
0,1.95,0
0,2.45,0
0,1.75,204|204
0,1.75,0|0
0,1.75,0|0
0,1.95,0|0
0,2.75,0
0,1.75,0|0
0,1.75,0|0
0.01,1.75,200|200
0,2.75,0
0,2.45,0
0,1.75,0|0
1.86;1.12;1.03;0.89;0.88,1.95,200|200
0,1.75,0|0
0.35;0.25;0.02,2.15,200|200
0,2.75,0
0,2.75,0
0,1.75,0|0
0,2.45,0
0,1.75,0|0
0,2.45,0
0,2.75,0
0,2.75,0
0,1.75,0|0
0,2.15,204|204
0,1.75,0|0
0,1.75,0|0
0,1.75,0|0
0,1.75,0|0
0.12;0.02,1.75,200|200
0,1.75,0|0
0,1.75,0|0
1.39;0.04,1.75,200|200
0,1.75,0|0
0,2.75,0
0,1.75,0|0
0,1.75,0|0
0,1.55,0
0,2.75,0
0,1.75,0|0
1.06;0.36;0.16;0.12;0.02,1.75,200|200
0,1.75,0|0
0.89;0.74;0.42;0.36;0.04,1.75,200|200
0,2.45,0
0,1.75,0|0
0,1.75,0|0
0,1.75,0|0
0,1.75,0|0
0,1.75,200|204
0.34,2.75,200
0,2.45,0
0,1.95,0|0
0,1.75,0|0
0,1.95,0|0
0,1.75,204|204
0,2.45,0
0,1.75,0|0
0,1.95,0|0
0,1.75,0|0
1.8;1.03;1.02;0.29;0.27,1.95,200
0,1.55,0
0,1.75,0|0
0,1.75,0|0
0,2.45,0
0,1.75,0|0
0,1.75,0|0
1.39;0.54;0.44;0.36;0.2,1.95,200|200
1.86;0.01,1.55,200
0,2.15,0|0
0,1.75,0|0
0,1.55,0
2;1.86;0.04,1.75,200
0,1.75,0|0
0,2.15,0|0
0,1.75,0|0
0,1.95,0
0,1.75,0|0
0,1.95,0
0,1.75,204|204
0,1.95,0|0
0,1.75,0|0
0,1.75,0|0
0.29,2.15,204|200
0.01,2.45,200
0,1.75,0|0
0,2.45,0
0,2.75,0
0,1.75,0|0
0,2.15,204|204
0,1.95,0
0,2.45,0
0,1.75,0|0
8;1.44;1.23;0.4;0.4,1.55,200
0.36;0.32;0.12;0.12;0.04,1.75,200|200
0,2.45,0
0,2.75,0
0,1.95,0|0
0,2.15,0|0
0.89;0.48;0.48;0.16;0.03,1.75,200|200
0,1.75,0|0
0,1.55,0
0,1.75,0|0
0,2.15,0|0
0,2.75,0
0,1.75,0|0
0,2.15,0|0
0,1.75,0|0
0,1.75,0|0
0,1.75,0|0
0,1.95,0
0,2.15,0|0
0,1.95,0|0
0,1.75,0|0
0,1.55,0
0,1.75,0|0
0,2.15,0|0
1.86;0.12;0.06,1.75,200
0.12;0.01,1.95,200
0,2.75,0
0,1.95,204
0,1.75,0|0
0,2.15,0|0
0,1.75,0|0
0,1.95,204|204
0,1.75,0|0
0,2.45,204
0,2.45,0
0,1.95,0|0
0.4;0.12;0.03,1.95,200
0,1.75,0|0
0,1.55,0
0,1.75,0|0
0,1.95,0|0
0,2.75,0
0,2.75,0
0,1.75,0|0
0,1.75,0|0
0,1.95,204|204
0,2.45,0
0,1.95,0
0,1.75,0|0
0,1.55,0
0,1.75,0|0
2.4;0.14,2.45,200
0,1.75,0|0
0,2.45,0
0,1.75,0|0
0.12,1.75,200|200
0,1.55,0
0.94;0.13;0.02,1.75,200|200
0,1.75,204|204
0,1.75,0|0
2.4,1.95,200
0,1.55,0
0,1.75,0|0
0,2.15,0|0
0,1.75,204|204
0,1.75,0|0
0,1.75,0|0
0,1.75,0|0
0.81;0.19;0.08;0.03;0.01,2.15,200|200
0.01,1.95,200|200
0,2.45,0
0,2.15,0|0
0,1.75,0|0
0,1.75,0|0
0.17,1.75,204|200
0,1.75,204|204
0.39;0.36;0.12;0.05;0.04,2.45,200
0,1.95,0
0,1.75,0|0
0,1.55,0
0,1.95,0|0
0,1.55,0
0,1.75,0|0
0,2.75,0
0,1.75,0|0
0.12,1.75,200|200
0,2.15,0|0
0,1.95,0
0.43;0.12;0.03,1.75,200|200
0,1.75,0|0
0,1.75,0|0
0.72;0.1;0.09;0.05,1.75,200|200
0,1.55,0
0,1.95,0
0,1.95,0|0
0.39;0.05;0.04,1.55,200
1.6;1.13;1.03;0.39;0.17,1.95,200|200
0,1.55,0
0,2.15,0|0
0,1.95,0|0
0,2.15,0|0
0,1.55,204
0,2.45,0
0,2.45,0
0,1.75,0|0
0,2.45,204
0,1.75,0|0
0,2.45,0
0,2.75,204
0,2.15,0|0
0,1.75,0|0
0,2.15,0|0
0,1.75,0|0
0,1.75,0|0
0,1.75,0|0
0,1.75,0|0
0,1.75,0|0
0.01,1.95,200|200
0,2.75,0
0,1.75,0|0
1.12;0.14;0.1;0.01,1.75,200|200
0,1.95,0
0,1.95,0|0
0.29;0.02,1.55,200
0,1.95,0|0
0,1.75,0|0
0,1.95,0|0
0,1.75,0|0
0,2.75,0
0,1.75,0|0
0,1.75,0|0
0,1.95,0|0
0,2.15,0|0
0,1.75,204|204
0,1.75,0|0
0,1.75,0|0
0.12,1.75,200|200
0.12,1.75,200|200
0.12;0.01,2.75,200
0,1.75,0|0
0,1.75,0|0
2.75,1.75,200
0,1.75,0|0
0,1.75,0|0
1.44;0.47;0.16;0.03,1.75,200|200
0,1.95,0|0
0,1.55,204
0.03,1.55,200
0.12;0.01,1.75,200|200
0.28;0.08;0.05,2.45,200
0,1.55,0
0,1.75,0|0
0,1.75,0|0
0.01,2.15,200|200
0,1.75,0|0
0,1.75,0|0
0.12;0.03,2.75,200
0,1.75,0|0
0.29,1.55,200
0.25;0.12;0.02,1.75,200|200
0,2.15,0|0
0,2.75,0
0,2.15,0|0
0,2.15,0|0
0,1.75,0|0
0.57;0.17;0.15,2.75,200
0,1.75,0|0
0,1.75,0|0
0,1.75,0|0
1.03;0.88;0.64;0.4,1.95,200
0,2.45,0
0,1.75,0|0
1.2;0.06;0.04,1.75,200|200
0,2.45,0
0,2.45,0
0,1.75,0|0
0,1.55,0
2.4,1.75,204|200
0,1.75,0|0
0,1.95,204
0,2.15,0|0
0,1.75,0|0
0,1.75,0|0
0,1.75,0|0
0,1.75,0|0
1.23;0.26;0.06,1.75,200|200
0.36;0.04;0.04;0.01,1.55,200
0.12;0.11;0.03,1.75,200|200
0.01,2.45,200
0,1.95,0|0
0,2.75,0
0,1.95,0
0,1.55,0
0,1.75,0|0
0.4;0.14;0.14;0.06,1.75,200|200
0,2.15,0|0
0,1.95,0
0,2.15,0|0
0,2.15,0|0
0,1.75,0|0
0,1.75,0|0
0,1.95,0|0
0,2.45,0
0,1.95,0|0
0,2.75,0
0.34,1.95,200|200
0,1.75,0|0
0.02,2.45,200
0,1.75,0|0
0,2.45,0
0,1.75,204|204
0,2.15,204|204
0,1.75,0|0
0,1.95,0|0
0,1.75,0|0
0,1.75,0|0
0.44;0.28;0.12,1.75,200|200
0,2.75,0
0,1.75,204|204
0,1.75,0|0
0,1.75,0|0
0,1.75,0|0
0,1.75,0|0
0,2.45,0
0,1.55,0
1.2;0.02;0.01,2.75,200
0,1.75,0|0
0,1.75,0|0
0.56,1.75,200|200
0,2.45,0
0,1.95,0
0,1.75,0|0
0,1.75,0|0
0,1.75,0|0
0,1.95,0|0
0,1.55,204
0,1.75,0|0
0,1.75,0|0
0.07,1.75,200|200
0,1.55,0
0,1.75,0|0
0,1.95,0|0
0,1.75,0|0
0,1.75,0|0
0.4,1.75,200|200
0,1.75,204|204
1.86,1.75,200
0.19;0.12;0.03,1.95,200|200
0,1.75,0|0
0,1.95,0|0
0.12;0.01,2.15,200|200
0,2.15,0|0
0,1.75,0|0
0,2.75,0
0,1.75,0|0
1.86,1.75,200
0.4,1.75,200|200
0,1.75,0|0
0.47,1.75,200|200
0,1.75,0|0
8.11;0.43;0.33;0.2;0.04,2.45,200
0,2.45,0
0,2.75,0
0,2.15,0|0
0.78;0.44;0.37;0.03,2.45,200
0,2.15,0|0
0,1.75,0|0
0,1.75,0|0
0,2.45,204
0,1.75,0|0
0.19;0.09;0.03,1.95,200
0,1.95,0
0.14;0.02,1.75,200|200
0,1.75,0|0
1.03;0.89;0.64;0.4;0.12,2.75,200
0,1.75,0|0
2.63;0.8;0.15;0.12;0.06,2.15,200|200
0,1.95,0
0,1.75,0|0
0,2.45,0
0,1.95,0
0,1.75,0|0
3.2;0.5;0.2;0.08;0.07,1.75,200|200
0,2.15,0|0
0,1.95,204|204
0,1.75,0|0
0,1.75,0|0
0,1.75,0|0
0,1.95,0
0.64,1.75,204|200
0.14;0.12;0.1;0.09;0.04,1.75,200|200
0,1.95,0|0
0.12;0.07;0.02,1.95,200|200
0,1.75,0|0
0,1.75,0|0
0,2.75,0
0,2.75,0
0,1.75,0|0
0,1.95,0|0
0.01,1.95,200
0.68;0.48;0.1;0.04,1.75,200|200
0.12;0.01,1.55,200
0,1.75,0|0
0,2.15,0|0
0.8;0.2;0.13;0.03,1.75,200|200
0,1.75,0|0
0,1.95,0|0
0,1.95,0|0
0,1.75,0|0
0,1.75,0|0
0,1.75,0|0
0,1.75,0|0
0,2.15,0|0
0,1.75,0|0
0.12,2.15,200|200
0,1.75,0|0
0.18;0.11;0.1;0.01,2.75,200
0,2.15,0|0
0,1.95,0
0.14;0.03,2.45,200
0.4;0.29;0.12;0.01,1.75,200|200
0.25;0.12,1.75,200|200
0.12;0.01,1.95,200
0,1.75,0|0
0,1.75,0|0
0.8;0.12;0.02,2.45,200
0,1.95,0|0
0,1.75,0|0
0,1.75,0|0
0,1.75,0|0
0.05,1.75,200|200
0,1.75,204|204
2.8;1.08;0.66;0.28;0.28,2.75,200
1.13;0.66;0.4;0.2;0.16,2.15,200|200
0,2.75,204
0,1.95,0
0,1.75,0|0
0,2.45,0
0,1.75,204|204
0,1.75,0|0
0,1.75,0|0
0,1.75,0|0
0,1.95,204|204
0,2.15,0|0
0,2.45,0
0,1.95,0|0
0,1.75,0|0
0,1.75,0|0
0,2.45,204
0,1.75,0|0
0,1.55,0
0,2.75,0
0,1.75,0|0
0,1.75,0|0
0.01,1.75,204|200
0,1.95,0|0
1.17;0.12;0.07,2.45,200
0,1.75,0|0
0.12,1.95,200|200
0.12;0.07;0.04,2.15,200|200
0,1.75,0|0
0,1.75,0|0
0,2.75,0
0,1.55,0
0.12,2.15,200|200
0,2.45,0
0,1.75,0|0
0,2.45,0
0,1.75,0|0
0,1.75,0|0
0,1.75,0|0
0,2.45,0
0,1.75,0|0
0,1.55,0
0,1.75,0|0
0.9;0.48;0.4;0.1;0.05,1.75,200|200
0,2.45,0
0,1.75,0|0
0,2.15,0|0
0,2.45,0
0,2.15,204|204
0.2;0.2,2.15,204|200
0,1.75,0|0
1.86,1.75,204|200
0.01,1.75,200|200
0,1.75,0|0
0,1.55,204
1.86;0.12;0.02,2.15,200|200
0,1.75,0|0
0,1.75,0|0
0,1.75,0|0
0,1.75,0|0
0,1.75,0|0
0,1.75,0|0
0,2.45,0
0,1.75,0|0
0,2.75,0
0.01,1.75,200|200
0,1.75,0|0
0.12,1.95,200|200
0,1.75,0|0
0,2.45,0
0,1.95,0|0
0,2.75,0
0,1.75,200|204
0,1.95,200|204
0,1.75,0|0
0,1.95,0
0,1.75,0|0
0,2.75,0
0,2.45,0
1.13;0.29;0.07;0.02,1.75,200|200
24;0.8;0.16;0.06,1.55,200
0.12;0.02,1.95,200|200
0,1.75,0|0
0.44;0.04;0.02,1.75,200|200
0,1.75,0|0
0,1.75,0|0
0,2.45,0
0,1.95,0
0,2.75,0
0,2.75,0
0,1.95,0
0,2.75,0
0.68;0.64;0.59;0.59;0.54,2.45,200
0,1.75,0|0
0.89;0.32,2.15,200|200
0,2.15,0|0
0,1.75,0|0
0,2.45,0
0,1.75,0|0
0.39;0.26,1.75,204|200
0,2.15,0|0
0,1.95,0
0.12,2.15,200|200
0,1.75,0|0
0,1.75,0|0
0.89;0.64;0.32;0.19;0.11,1.75,200|200
0,1.95,0
0,1.75,0|0
0,1.75,0|0
0,1.75,0|0
6.66;0.12;0.12;0.02,2.15,200
0,1.75,0|0
1.86;0.12;0.12;0.02,1.95,200
0,1.75,0|0
0,2.15,0|0
0,1.75,204|204
0,1.75,0|0
0,2.75,0
0,1.75,0|0
5;1.86;1.44;0.89;0.13,2.45,200
0,1.75,0|0
1;0.24;0.12;0.02,1.55,200
1.03;0.36;0.36;0.21;0.01,1.95,200
0,1.95,204|204
0,1.95,0
0,2.45,0
3.9;1.83;1.6;1.38;0.8,2.15,200|200
0,2.45,0
0,1.75,0|0
0,1.95,0|0
0.12,1.75,200|200
0.4;0.4;0.1;0.06;0.03,1.75,200|200
0,1.95,0
0,1.75,0|0
0,2.45,204
0.85;0.8;0.29;0.01,1.75,200|200
0,1.75,0|0
1.03;0.28;0.28;0.26;0.14,1.95,200
0,1.75,0|0
0.36;0.3;0.27;0.1;0.09,1.75,200|200
0,1.75,0|0
1.86;0.12;0.05;0.02,1.75,200
0,2.15,0|0
0,1.95,204|204
0,1.95,0|0
0,1.75,0|0
1.13;1;0.78;0.17;0.1,1.75,200|200
0,1.75,0|0
0,1.95,0
0.4;0.21,1.95,200
0,1.95,0
0,1.95,0
0,1.75,0|0
0,1.75,0|0
0.12;0.04,1.75,200|200
0,1.75,0|0
0,1.75,0|0
0,1.75,0|0
0,1.75,0|0
0,1.75,0|0
0,1.95,0|0
0.01,1.55,200
1.86,1.75,200
