2.95;1;0.88;0.25;0.22,1.6,200
0,1,204
0.11,1.3,200|200
0.12;0.05,1,200
0,1,0
0,0.7,0
3.2;0.6;0.05;0.04,1.9,200
0,1,0
0,1.3,0|0
0,1.9,204
0,1.6,0
0,1.9,0
0,1.1,0
0,1.9,204
0,1.3,0|0
0,1.1,0|0
0,1.3,0|0
0.05;0.01,1,200
0,1.1,0|0
0,1.6,0
0,1.6,0
0,1,204
0,1.6,0
0,1.3,0|0
0,1.3,0|0
0,1,0
0,1.1,204|204
0,0.7,0
0,1.3,200|204
0.01,1.3,200|200
0,1.6,0
0,1.6,0
0,0.7,204
0,1.3,204|204
0,1,0
0,1.9,0
0,1.3,0|0
0,1.1,0|0
0.05,1,200
3.04;1.6;0.3,1.3,200
0,1,0
0,1,204
0,0.7,0
0,0.7,0
0,1.6,0
0,1.1,0
4;1;0.35;0.24;0.18,1.9,200
0,1.3,0|0
0.12;0.12,1.9,200
0,1,0
0,1.3,0|0
0,1.1,0
0,1.6,0
0,1.3,0|0
0,1.1,204|204
0,1.6,0
0,1.1,0
0,1.9,0
0,1.1,0
0,1,204
0,1.6,0
0,1.9,0
0,1.1,0|0
0.27;0.27;0.11;0.02,0.7,200
0,1,0
0,1,0
0,1,0
0,1.9,0
1.43;0.25;0.07;0.05,1.1,200
0.64;0.52;0.38;0.28;0.07,1.6,200
0,1.9,0
0.2;0.08;0.08,1.9,200
0,1.6,0
0,1.1,0
0,1,0
0,1.1,0|0
0,1.9,0
0,1.6,0
0,1.9,204
2.47;1.61;1.6;0.12;0.12,1.6,200
0.81;0.14;0.08;0.06;0.04,1.9,200
0,1,0
0.88;0.41;0.05;0.04,1.3,200|200
0.36;0.2;0.08,1,200
0,1.1,0|0
0,0.7,0
1.03;0.84;0.79,1.9,200
0,1.1,0
0,1.3,0|0
1.73;1.43;0.02,0.7,200
0,1.9,0
0,1.1,0
0,1.1,0
0,1.1,204
0,1.9,0
0,1.1,0
0,1,0
0,1,0
0,1.6,0
0.16;0.13;0.05;0.02,1.1,200|200
0,1.6,0
0,1.3,0|0
0,1.1,0
0,1.9,0
0,1.6,0
0,1,0
0,1.1,0
0,1.6,0
0,1.9,0
0,1,204
0.06;0.04;0.01,0.7,200
1.13;1.03;0.57;0.16;0.16,1,200
0,1.9,0
0,1.3,0|0
0,0.7,0
0,0.7,0
0.04,1.1,200
0,1.9,0
3.2;1.88;0.14;0.02,1.9,200
1.36;1.03;0.17;0.07;0.01,1.1,200
0,1.3,0|0
0,1.9,0
0,1,0
0,1,0
0.08,1.1,200
0,1.1,0|0
0.31;0.27;0.08,1.3,200|200
0,1,0
0,1.1,0
0,1.1,0|0
0,1,0
0,0.7,0
0,1,0
0,1,0
0,1,0
0,1.1,204|204
1.13;1.03;0.35;0.08,0.7,200
0,1,0
0,1.6,0
0,1,0
0,0.7,0
0,1,0
0,1.1,0
0,1,0
0,1.1,0
0.04,1.1,200
0,1.3,0|0
0,0.7,0
2.8;1.65;1.36;1;0.8,1.1,200
0,1.1,0
0,1.6,0
1;0.16;0.1;0.09;0.06,1.9,200
0,1.1,0
0,1.9,0
0,1.6,0
0,1.9,0
0,1.1,0
3.2;1.67;1.23;0.2;0.07,1.6,200
0,0.7,0
0,1.1,0
0.05,1.1,200
0.02,1.6,200
0,1.3,0|0
0,1.1,0
0,1.1,0|0
0.56;0.23;0.12;0.01,1,200
0,1.1,0
0.36,1,200
0,1.9,0
0,1.6,0
0,1,0
0,1,0
0.07;0.04,1,200
0,1,204
1.4;1.16;0.12;0.11;0.08,1.3,200
0.02,1.3,200|200
0,1.1,0|0
0.29;0.03,0.7,200
0,1.1,0|0
0,0.7,0
1.58;0.56;0.07,1.1,200
0,1.6,0
0,1.6,0
1.23;0.3;0.22;0.06,1.6,200
0,0.7,0
0,1.6,0
0,0.7,0
0,1.1,0|0
0,1.3,0|0
1.49;1.03;0.04;0.02;0.02,1.1,200
0.81,1.3,204|200
0.21;0.08,1.1,200|200
0,1.3,0|0
0,1.9,0
0,0.7,0
0,0.7,0
0,1.1,0|0
0,1.1,0
0,1.6,0
0,0.7,0
0,1.3,0|0
0,1,0
0,1,0
0,1.9,0
1.23;0.31;0.12,1.9,200
0,1.9,0
0,1,204
0,1.1,0|0
0,1.3,0|0
0,0.7,0
0.22;0.15,1.3,200|200
0,1.6,0
0,1.1,204
0,1.9,0
0,1.9,204
0.84;0.37;0.08;0.08;0.04,1.1,200
0,1.1,0
0,1.1,0|0
0.11;0.03,1.1,200|200
0,0.7,0
0.23;0.08;0.07,1.3,200|200
0.89;0.24;0.03,1.3,200|200
0,1.3,0|0
0,1.6,0
0,0.7,0
0,1,0
0,1.3,0|0
0,1,0
0,1.3,0|0
0,0.7,0
0,1.3,0|0
4.4;3.2;0.32;0.26;0.21,1.9,200
0,1.3,0|0
0.01;0.01,1.9,200
0,1.1,0|0
0,1.1,0|0
0,1.6,0
0,1.1,0|0
0,1,0
0,1.1,0
0,1.1,0
0,1.9,0
0,0.7,0
0,1,0
0,1.6,0
0,1,0
0.03,1.9,200
0,1.1,0|0
0,1.9,0
0,1.6,0
0,1,0
0,1.1,204|204
0,1.9,204
0.02,0.7,200
0.61;0.51;0.08,0.7,200
0,1,0
0,1.1,0|0
0,1.6,0
0,1.9,0
0,1.9,204
0,1,0
0.21;0.04,1,200
0,1.3,0|0
0,0.7,0
0.84;0.04,1,200
0.29;0.24,1,200
0,1.1,0
0,1.3,204|204
0,1,0
0,1.1,0|0
0,1.1,0
0,0.7,0
0,1.6,0
0,1.1,0
0,1.1,0
0,1.3,0|0
0,1.9,0
0,1.1,0
0.14,1.3,200|200
0.09,1.6,200
0,1,0
0,1.6,0
0.09;0.05,1.6,200
0,1.9,0
0,1.9,0
0,1.9,0
0,1.1,0
0,1.1,0|0
0,0.7,0
0,1.9,0
0,1.3,200|204
0,1.1,0
0,1.9,204
0,1,0
0,1.6,0
0,1.3,204|204
0.01,1.1,200
0,1,0
0,1,0
0.33,1.3,200|200
0,1.9,0
0,1.1,0|0
0,1,0
0,1,204
0,1.6,0
0,1,0
0,1,0
0,1,0
0,1.6,0
0.32;0.21;0.12;0.04,1,200
0,1,0
0,1,0
0,1,0
0,0.7,0
0,1,0
0,1.1,0|0
1.76;0.16;0.02,1.9,200
0.85;0.39;0.29;0.23,1.1,200|200
0,1,0
0,0.7,0
0,1.1,0|0
0,1.3,204|204
0.04,0.7,200
0.07;0.04,1.6,200
0,1.9,204
0.88;0.04;0.01,0.7,200
0,1.3,0|0
0,1.1,0
0.07,1,200
0,1.1,0|0
0.24;0.16;0.02,1,200
0,1.1,204
0,1.9,0
0,1.9,0
0,1,0
0,1.9,0
0,1.9,0
0,1.1,0
0,1,0
0,1,0
0.84;0.01,1.1,200|200
0,1.1,0|0
0,0.7,0
0,1,0
0,0.7,0
0,1.3,204|204
0.03,1.1,400|200
0,1,0
0,1.6,0
0.34;0.23;0.06,1.1,200
0,0.7,0
0,1,0
0.04,1,200
0,0.7,0
0,1.1,0|0
2.52;0.3;0.23;0.21;0.1,1.9,200
0,1.1,0
0.32;0.08,1.1,200
0,1.9,0
0,1.6,0
0.31;0.06,1,200
0.03,1.1,200
0,1.6,0
0,0.7,0
0,1.6,204
0,1.9,0
0,1.3,0|0
0,1,0
0,1.9,0
0.21;0.08;0.06,1.3,200|200
0.2;0.06;0.02,1.1,200
0,1.9,0
0.02,1,200
0,1.1,0
0,1.6,0
0.79;0.16;0.04,1.1,200|200
0,1,0
0,1,0
0,1.1,0
0,0.7,0
0,1.1,0
0,1.1,0
0,1,0
0,1.1,0|0
0.21,1.1,200
0,1.3,0|0
0,1.1,0
0,1.3,0|0
0,1.9,204
0,1.9,0
0,1.1,0|0
0,0.7,0
0,1,0
0,1,0
0,1,0
0,1.6,0
0,1.3,0|0
0,1.6,0
0,1,0
0,1.3,0|0
0,1.3,0|0
0,1,0
0,1.9,0
0.05,1.9,200
0,1.9,0
0,1,204
0,0.7,0
0,1.6,0
0.02,1.1,200|200
0,0.7,0
0,1.3,0|0
0,1,0
0,1.3,0|0
0,1.3,204|204
0.2;0.16,1.6,200
0,1.1,0
0,1.1,0|0
0,1,0
0,1.1,0|0
2.22,1.1,200
0,1.6,0
0,1,204
0,1.6,0
0,1,0
0,0.7,0
0,1,0
0,1,204
0,1,0
0.34;0.08;0.04;0.02,1.6,200
0,0.7,204
0,1,0
0.46;0.14;0.12;0.04,1.9,200
0,1,0
0,1.1,0|0
0,1.3,0|0
0,1.1,204
0,1.1,0
0,1.9,0
0,1.9,0
0.12,1.6,200
0,1.1,0
0,1,0
0,1.1,0
0.02,1.1,200
0.84;0.04,0.7,200
0.06;0.01,0.7,200
0,1.1,0|0
0,1.1,0|0
0,1.6,204
0.8;0.54;0.15;0.12;0.08,1.1,200
0,0.7,0
0.01,1.9,200
0,0.7,204
0,1,0
0,1.3,0|0
0,1.3,0|0
0,1.6,0
0,1.9,204
0,1.1,0|0
0,1.3,0|0
0,1.6,0
0,1.9,0
0,1.1,0|0
0,1.6,0
0,1.9,0
0,1,0
0,0.7,0
0,1.1,0|0
0.2,1.1,200
0,0.7,0
0,1.1,0|0
0,1,0
0,1.9,0
0,1.1,0
2.4;0.21;0.06;0.05,1.1,200
0,1.3,0|0
0,1.3,0|0
0.21;0.08;0.06;0.04,1.1,200|200
0,1.1,0|0
0,0.7,0
0,1.6,0
0,1.1,0|0
0,1,204
0,0.7,0
0,0.7,0
0,1.1,0|0
0,1.1,0|0
0,1.3,200|204
0,1,0
0,1,0
0,1.3,0|0
0,1.6,0
0,1.1,0|0
0,1,0
1.48;1.14;1.03;0.05;0.04,1.3,200
0,1.9,0
0,1.9,0
1.23;0.39;0.09;0.01,1.6,200
0,1.1,0
0,0.7,0
0,1.1,0
0,1.1,0|0
0,1.3,0|0
0,1.1,0|0
0.73;0.64;0.16;0.08;0.03,1.3,200|200
0,1.1,0
0,1,0
0,1.3,0|0
0.05,1.6,200
1.2;0.62;0.35;0.19;0.04,0.7,200
0.24,1,200
0,1.1,204|204
0,0.7,0
0,1,0
0,1.1,204
0.02;0.01,1.1,200|200
0,1.6,0
0,1.9,0
0,1.3,0|0
0,1.9,0
0.29;0.14;0.07;0.04,1.6,200
3.2;1.2;0.75;0.4;0.28,1.1,200
0,1.3,200|204
0,1.9,0
0,1.9,0
0,1.6,204
0.04,1.1,200
0,1,0
0,1.1,0|0
0,1.9,0
0,1.1,0|0
0.4;0.03,1.1,200
0,1.1,0|0
0,1.6,204
0,1,0
0,0.7,0
0,1.6,0
0,1.9,0
0,1.1,0
0,1,0
0,1.1,0|0
0.23;0.12;0.05,1.1,200|200
0,1,0
0,1.1,0|0
0,1.1,0
1.82;0.84;0.12,1.6,200
0,0.7,0
0,1.9,0
0,1.1,0|0
2.4;1.55;1.23;0.84;0.28,0.7,200
1.76;1.23;1.23;0.22;0.12,1.3,200
0,0.7,0
0,1,0
0.02,1,200
0.96;0.09,0.7,200
0,1.9,0
1.23;0.84;0.36;0.24;0.22,1.6,200
0.01,1,200
0,0.7,0
0,1.1,0|0
0.01,0.7,200
0,1,0
0,0.7,0
0,1.9,0
0,1,0
0,1.9,0
0,1,0
0,1.9,0
0.6,1.6,200
0,1,0
0.04;0.03,1.1,200
0,1.9,0
0.04,1.6,200
0,1.6,0
0,1,0
0,1.1,0|0
3.2;1.14;0.01,1.1,200
0,0.7,0
0,1.3,0|0
0,1.9,0
0,1,0
1.23;0.36;0.32;0.23,1.9,200
0,1.1,0
0,1.1,0|0
0,1.6,0
0.22;0.13;0.07;0.01,1.1,200|200
0.37;0.05;0.04;0.04,1.6,200
0,1.1,0
0.19;0.06,1,200
5.75;0.14;0.03,1,200
0.21;0.07;0.05,1,200
0,1,0
2;1.23;0.83;0.23;0.22,1.3,200
0,1,0
0.58;0.15;0.04,1,200
0,1.3,0|0
0.02,1.1,200|200
0,1,204
0.8;0.33;0.19;0.16;0.09,1.9,200
0,1.9,0
0,1.3,0|0
0,0.7,0
0,0.7,0
0,1.9,0
1.23;1.2;0.31;0.08;0.07,1.9,200
0,1.3,0|0
0,1.1,0
0,1.3,0|0
0,1.1,0|0
3.86;2.47;1.03;0.8;0.28,1.3,200
0,1.6,0
0,1.3,0|0
0,1,0
0.03,1.3,200|200
0,1.1,0
0,0.7,0
0,1.9,204
0,1,0
0.17,1.1,200|200
0.35;0.16;0.07;0.06;0.05,1,200
0,0.7,0
0,1.1,0
0,1.1,0
0,1.6,204
0,0.7,0
0,1.6,204
0,1.1,0|0
0,1,0
1.2;0.26;0.23;0.21;0.11,1.1,200|200
0.09,1.1,200|200
0,1,0
0,1.3,0|0
0,1,0
0,1.1,204|204
4.17;0.76;0.32;0.09,1.1,200
0.14;0.04,1,200
0,1.1,0|0
0,1.1,204
0.08;0.04,1.6,200
0,0.7,0
0,1.3,0|0
0.6;0.16,1.3,200|200
0,1.3,0|0
0,0.7,204
0,1.6,0
0,1.9,0
0,1.3,0|0
2.4,1.3,200
0,1.3,0|0
0,1.3,204|204
0,1.1,0
0,1,0
0,1.3,0|0
0.33;0.09;0.04,1.9,200
0,1.9,0
0,1.9,204
0,1,204
0,1,0
0,1.1,0
0,1,0
0,1.1,0
0,1,0
0,1.1,0|0
0.09,1,200
0,1.9,0
0.67;0.62;0.43;0.24;0.05,0.7,200
0.16;0.09;0.01,0.7,200
0,0.7,0
0,1,0
0,1,0
0,0.7,204
0,1.6,0
0,1,0
0.17;0.08;0.08,1,200
0,1,0
0,1,0
0,1.1,0|0
0,1.6,0
0,0.7,204
0,1,204
0,1,0
0.08;0.07;0.03,1.1,200|200
0,1.3,0|0
0,1.1,0
0.84;0.44;0.36;0.12;0.11,1.6,200
0,1.9,0
0,1.1,204|204
0,1.3,0|0
0.6;0.08,0.7,200
0.88;0.52;0.21;0.16;0.13,1,200
0,1.9,0
0,1.6,0
0,1,0
0.01,0.7,200
0,1,204
0,1.6,0
0,1,0
0,1.9,0
0,1,0
0,1.1,0|0
0,1.6,0
0,1.6,0
0,0.7,0
0,1,0
0.04;0.01,1,200
0,1.1,0
0,1.1,204
0,1.1,0
0,1.6,0
0,1.6,0
0,1.6,0
0.52;0.32;0.28;0.21;0.1,1.1,200
0,1.1,0|0
0,1.3,0|0
2.4;1.63;0.11,1.6,200
0,1.1,0
0.07,1.6,200
0,1.6,0
0,1.1,0|0
0,1.6,0
0,0.7,0
0,1.1,0|0
0,1.6,0
0.22;0.05,1.1,200
0.66;0.64;0.39;0.36;0.12,1.6,200
0,1.3,0|0
0,1.9,0
0.21;0.11;0.09;0.08;0.01,1.3,200|200
1.04;0.8;0.21;0.08;0.07,0.7,200
0,1,0
0,1.6,0
0,1.9,0
0.32,1.6,200
0,1.1,0
6.8;1.39;0.86;0.01,1.3,200
0,1.3,0|0
0,1.6,204
0,1.1,0
0.09,1.1,204|200
0,1.1,0
0.25;0.12;0.08;0.04,1.1,200|200
0,1.9,0
0,1.6,0
0,1,0
0,0.7,0
0,0.7,204
0,1.9,0
0.08,1.9,200
0,1.9,0
0,1.1,0
2.8;0.61;0.35;0.05;0.04,1,200
0,1.3,0|0
0,1.9,0
0,1.9,0
0,1.1,0|0
0,1.9,0
0,1,0
0.04;0.02,1.9,200
0,1,0
0,1.3,0|0
0.6;0.02,1,200
0.53;0.04,1,200
0,1,0
0,1,0
0,1.1,0|0
0,1.6,0
0,1.6,0
0,1.1,0|0
0,1.6,0
0,1,0
0,1.1,0|0
0,0.7,0
0.02,1.6,200
0,1.3,0|0
0,1.3,0|0
4.54;1.53;0.84;0.05,1,200
0.68;0.35;0.11;0.03;0.01,1,200
0,1.6,0
0,1.1,204|204
0,1.6,0
0,1,0
0.05,1.1,200
0,1.6,0
0,1.3,204|204
0,1,0
0,1.1,0
0,1.1,204|204
0,1,0
0.32;0.27;0.24;0.04;0.03,0.7,200
0,0.7,0
0,1.3,0|0
1.23;0.99;0.38;0.35;0.1,0.7,200
2.43;0.36;0.04,1.3,200
1.23;0.84;0.22;0.06;0.02,1.1,200
0,1.3,0|0
0,1.6,0
0,1.6,0
0.2,1,200
0,1.1,0|0
0,1.6,0
0.04,1.1,200|200
0,1.6,0
0,0.7,0
0,1.9,0
0,1.3,0|0
9.97;0.8;0.32;0.18;0.02,1.9,200
0,1.1,0|0
0,1.1,0
0,1.1,0|0
0,1.1,0|0
0,1.1,0|0
1.6;0.21,1.3,200
6.4;0.35;0.13;0.1;0.09,1,200
0,1.1,0
0.08,1.6,200
0,1.9,0
0,1.1,0
0,1,0
0,0.7,0
0,1,0
0,1.3,0|0
0,1.6,0
0.01,1.1,200
0,0.7,0
0,1,0
0,0.7,0
0,1,0
0.25;0.05,1.1,200|200
0.01,0.7,200
0.84;0.39;0.15,1.3,200|200
0,1.9,0
0,1.6,0
0,1.1,0
0,1.1,0|0
0.03,0.7,200
0,1,0
0,1,204
0.04,1,200
0,1.6,0
0,1.6,204
0.07,1.9,200
0,1,0
0,1,0
3.2;0.21;0.21;0.05;0.05,1.9,200
0,1,0
0,0.7,0
0,1.1,0|0
0,1.3,0|0
0,1.6,204
0,1.1,0
0,0.7,0
3.2;0.23;0.04,1.9,200
0.38;0.06;0.02,1,200
0,1.6,204
0,1.6,0
0,0.7,0
0,1.1,0
0,1,0
0,1.1,0
0,1.9,0
0,1.1,0|0
0,1,0
3.2;2.4;1;0.36;0.28,1.1,200
0,1,0
0,1.6,0
0.21;0.07;0.05;0.04,1,200
0,1.3,0|0
0.97;0.32;0.08;0.01,1.6,200
0,1.9,0
0.28;0.21;0.2,1.6,200
0.02,1.3,200|200
0,1.6,0
0,1,0
0.05,1.1,200|200
0,1.6,0
0,1,0
0,1.6,0
0,1.6,0
0,1,0
0.25;0.08;0.03,1.1,200|200
0,1.1,0|0
1.38;1.23;0.11;0.08,1.9,200
0.01,1,200
0.07,1.3,200|200
0.04,1.3,200|200
0,1.6,0
0,1.3,0|0
0,1.6,0
3.51;0.24;0.2;0.02,1.9,200
0,1.1,204
0,1.3,0|0
0,1.3,0|0
0,1.9,0
0,1.1,204|204
0,1,0
0,1.1,0
0,1,0
1.03;1;0.27;0.12;0.06,1,200
0,1.1,0
1.01;0.3;0.12,1.1,200
0,1,0
0,1.6,0
0.04,1.1,200|200
0,1.6,0
0,0.7,0
0,1.6,0
0,0.7,0
0.06,1.1,200|200
0,1,0
0,1.3,0|0
0.1;0.05,1.6,200
0,1,0
0,1.6,0
0,1,0
0,1,0
0,1.1,204
0,1.1,0|0
0.48;0.19;0.16,0.7,200
2.04;0.08;0.08;0.02,1.3,200
0,1.1,0|0
0,1.1,0
0,1.9,0
0,1.3,0|0
0,1.6,0
0,1.3,0|0
0,0.7,0
0.11,0.7,200
0,0.7,0
0,1.1,0|0
0.93;0.8;0.2;0.09;0.02,1.6,200
0,1.6,0
0,1.1,204
0,1.1,204|204
0,1.9,204
0,1,204
0,1.1,0
0,1.6,0
0.01,1.9,200
0,0.7,0
0,1,0
0,1.6,0
0,1.1,0|0
0,1.9,0
0.2;0.19;0.07;0.02,1.3,200|200
2.88;2.8;0.75;0.36;0.15,1.3,200
0,1,0
0,1,0
0.04,1.1,200|200
0,1.1,0|0
0,1,204
0.89;0.73;0.17;0.14;0.05,1.1,200
0.84;0.4;0.13,1.6,200
0,1.9,0
0,1,0
0,1.1,0|0
0,1,204
0,1,0
0.88;0.5;0.32;0.07,1,200
0,1,0
0.07,1.6,200
0,1.9,204
0,1,0
0,1,0
0,1.6,0
0,1.3,0|0
0,1,0
0,1,0
0,1,0
0,1.6,204
0,1,0
0,1.9,0
0.01,1,200
0,0.7,0
0,1.6,0
0.07,1.1,200
0.6;0.31;0.28;0.07,0.7,200
0,1.1,204|204
0.27;0.03,1,200
0,0.7,0
0,1,0
0,1.1,0|0
0.8;0.03;0.01,1.6,200
0,1,0
0,0.7,0
0.3;0.21;0.13;0.03,1.3,200|200
0,1.6,0
0.81;0.6;0.34,1.6,200
0.21;0.08;0.01,1.6,200
0,1.1,0
0,1,0
0,1,0
0,1.6,0
0,1.1,0|0
0,0.7,0
0,1.3,0|0
0,1.3,0|0
0,1.6,0
0.09;0.05,1.3,200|200
0,0.7,0
0,1.1,0
0,1.1,0
0.04,1.1,200|200
0.05,1.6,200
0,1.3,0|0
0.54;0.27;0.27;0.15;0.01,1.1,200|200
0,1,0
0.03;0.01,1.1,200|200
0.04,1.3,200|200
1.89;0.24;0.18;0.11,1.6,200
0,1,0
0,1.9,0
1.23;0.04,1.1,200|200
0,1.9,0
0,0.7,0
0,1.9,0
4.59;1.71;1.23;0.3;0.21,1.3,200
0.23;0.12;0.06,0.7,200
0.25;0.07;0.02,1.1,200|200
0,1.3,0|0
0,1.1,0|0
0,1.3,0|0
0.8;0.01,1.1,200
0,1,0
0.54;0.32;0.08,0.7,200
1.49;0.28;0.02,1.1,200
0,1.1,0
0,1.6,0
1.96;1.16;0.13;0.01,1.3,200|200
0,0.7,0
0,1.1,0|0
0,1.9,0
0,1.1,0|0
0,1,0
0,1.9,0
0,1.6,0
0.26;0.15;0.03;0.03,1.1,200|200
0,1,0
0.09,1.1,204|200
0,1.9,204
0,1.6,0
0.59;0.41;0.27;0.21,1.1,200|200
0,1.6,204
0,1.3,0|0
0,1.6,0
0.13;0.01,1,200
0,1.1,0|0
0,1,204
0,1.1,0|0
0,0.7,0
0,1,0
2.28;1.56,1.3,200
0,1.1,0|0
0,1.3,0|0
0,0.7,0
0,1.9,0
0,1.1,0|0
0,1,0
0,1,0
0.35;0.11;0.05;0.04,1,200
0,1.6,0
0,0.7,0
0,1.1,0|0
0,0.7,0
0,1.3,0|0
0,1.3,0|0
0,1.6,0
0.08;0.04,1.1,200|200
0.8;0.06,1.1,200
0.39;0.08;0.07;0.04,1.1,200|200
0,1,0
0,1,0
0,0.7,0
0,1.6,204
0,1.3,0|0
0,0.7,0
0,1.1,0
0,0.7,0
0,1.3,0|0
0.04,0.7,200
0,1.1,0|0
0,0.7,0
0,1.1,0|0
0,1.6,0
0,1.1,0
0,1.6,0
0.24;0.01,0.7,200
0,1,204
0,1.1,0
0.46;0.21;0.07;0.02,1,200
0,1.6,0
0,0.7,0
0,1.1,0|0
0,1.9,0
0,1.1,0|0
0,1,0
0.01,1.1,200
0,1.1,0|0
0,0.7,204
0,1.1,0|0
0,1,0
3.2;0.38;0.06,1.3,200
0,1.6,0
0,1,0
0,1,0
0.76;0.21;0.18;0.13,1,200
0,1.1,0|0
0,1.6,0
3.2;1.32;0.35;0.29;0.12,1.1,200
0.27;0.08;0.04,1.3,200|200
0,1,0
0.38;0.32;0.14;0.08,1,200
0,1,0
0,1,0
0.09;0.08;0.01,1.9,200
0,1.3,0|0
0,1.6,0
0,1.6,0
1.13;0.19;0.08;0.03;0.01,1.1,200|200
0,1.9,0
0,1,0
0.01,1.6,200
0,1,0
0,0.7,0
0.04,1,200
0,1.9,0
0,1.9,204
0,1,0
0.12;0.01,1.9,200
0,1.1,0|0
0,1,0
0,1,0
0,1.6,0
0,1,204
0,1.3,204|204
0,1,0
0,0.7,0
3.2;1.23;0.38;0.23;0.21,0.7,200
0,1.3,0|0
6.8;1.47;0.84;0.36,1.1,200
0.06,1.6,200
0,1.3,0|0
0,1.1,0|0
0,1.1,0|0
0,1.6,0
0,1.1,0
0,1.1,0|0
0.07,1.6,200
0,1.6,0
0,1.1,0
0.07,1.9,200
0,1,0
0,1.1,204|204
2.28;1.03;0.29;0.09;0.07,1.1,200
0,1.1,0
0,1,0
0,1.1,204|204
0,1.3,0|0
0,1.1,204
0,1,0
0.25;0.2;0.08,1,200
0,1.1,0|0
0,1.3,0|0
0,1.1,0
0,1.6,0
0.36,1,200
0,0.7,0
0.05;0.03;0.03,0.7,200
0,1.9,0
0,1.6,0
0,1.9,0
0,1.6,0
0,1.6,0
0,0.7,0
0,0.7,0
0,1.9,0
0.06;0.01,1,200
0,1.9,0
0,1.3,0|0
0,1,0
0,1,204
0,1,0
0,1,204
2.55;1.44;1.38;0.56;0.12,1.6,200
0.04;0.03,1,200
0,1,0
0,1,0
0,1.3,0|0
0,1.3,0|0
0,1,0
0,1.1,204
0,1.3,0|0
0,1.9,0
0,1,0
0,1,0
0,1.1,0|0
0,1.1,0|0
0.54;0.32;0.22;0.07;0.05,1.3,200|200
0.13,1,200
0.07,1.3,200|200
0,1.6,0
0.16,1,200
3.2;0.84;0.24;0.22;0.2,1.3,200
1.23;0.17;0.11,1.9,200
0,1.1,0|0
0,1.9,0
0,1.1,0|0
0,1,0
2.9;0.15;0.06,0.7,200
0,1.6,0
0,1,0
0,1,0
0,0.7,0
0,1.9,0
0,1.3,204|204
0,1,0
0,1.9,0
0,1.3,0|0
0,0.7,0
0,1.6,0
0,1.1,0
0.36;0.28;0.24;0.23,1.1,200|200
0,1,0
0,0.7,0
0,1.1,0
0,1.9,0
0,1,0
0.84,1.1,204|200
0,1.6,0
0,1,0
0,1.1,0|0
0.84;0.5;0.35;0.24;0.16,1.3,200|200
1.23;0.06,1,200
0.12;0.07,1.3,200|200
0,1.3,0|0
0,1,0
0,1.3,0|0
0,0.7,0
0,1.1,0
3.2;1.92;1.88;0.27;0.17,1.6,200
0,1.3,0|0
0,1.9,0
0,1.1,0|0
0,1,0
0,1.9,0
0,1.3,204|204
0,1.6,0
0,1.9,0
0,1.6,0
0,1.1,0|0
0,1,0
0,1.1,0|0
0,1.6,204
2.8;2.44;0.76;0.04,0.7,200
0.4;0.39;0.07;0.05,1.3,200|200
0,1.1,0
0,1.3,204|204
0,1,0
0,1.3,0|0
0,1,0
0,1.1,0|0
0.34;0.07;0.04;0.04,1.3,200|200
5.56;2.1;0.61;0.3;0.12,1.1,200
0,0.7,0
0,1,204
0,1.3,0|0
0,1.1,0|0
0,1.1,0|0
0,1.1,0
1.16;0.8;0.07;0.04;0.04,1.6,200
0,0.7,0
0,0.7,204
0,1.1,0|0
0.26;0.21;0.12;0.11,1.9,200
1.23;0.84;0.54;0.37;0.21,1,200
0.03;0.01,1,200
0,1.1,0
0,1.6,204
0,1,0
0,0.7,0
0,1.1,0
0,1,0
0.26;0.06;0.04;0.04;0.03,1.6,200
0,1.1,0|0
0,1.9,0
0.84;0.05;0.05;0.04,1,200
0,1.1,0
0,1.6,0
0,1,0
0.37;0.26;0.08,1.6,200
0,1,0
0,1.1,0|0
0,1.9,0
0,1.6,204
0,1,0
0,1.1,0
0,1,0
0,1.1,0|0
0,1.1,0
0,1.3,0|0
0,1.3,0|0
0,1.3,0|0
0,1.1,0
0,1.1,0
0,1.1,0|0
0,1.6,0
0,1.3,0|0
0,1.9,0
0,1.9,0
0,1.1,0
0,0.7,0
0,0.7,0
0,1.3,0|0
0,1,0
0,1,0
0.05;0.02,1,200
0,1.6,0
0,1,0
0,1,0
0,1,0
0,1.1,0|0
0,1,0
0,1.6,0
0,1,0
3.2;1.27;0.64;0.29;0.2,1.6,200
0,1.3,204|204
0,1.1,0|0
0,1.1,0|0
0.9;0.81;0.34;0.14,0.7,200
0.76;0.35;0.06;0.03,1,200
0,0.7,0
0.05;0.04,1.6,200
0,1.1,0|0
0,1.3,0|0
0,0.7,0
0,1.1,0|0
0,0.7,0
0,1.1,0|0
0,1.1,0
0,1,0
0,0.7,0
0,1.1,0
1.23;0.39;0.06;0.03,0.7,200
0,1.9,0
0,1,0
0,1.6,0
0.02,1.6,200
0,1.3,0|0
0.84,1.1,200
0.04,1.9,200
0,0.7,0
0,1,204
3.2;3.2;2.6;1.62;1.23,1.3,200|200
0,1,0
0,1.9,0
0.02,1,200
0.03,0.7,200
0,1.1,0
0.86;0.21;0.21;0.07,1.9,200
0.28;0.04,1.1,200
0.81;0.15;0.08;0.08,1.6,200
0,1.3,0|0
0,1.3,0|0
0,1.1,0|0
0,1,0
0.47;0.21;0.09;0.03,1.1,200
0,1.3,0|0
0.04,1.9,200
0.07;0.04,0.7,200
0,1.3,0|0
0,1,204
0,1.1,0
0,1.1,0|0
0.22;0.12;0.11;0.08;0.07,1,200
0.12,1.1,200|200
0,1,0
1.03;0.53;0.2;0.03,1.9,200
0,1.3,0|0
0,0.7,204
0,1,0
0,1.1,0|0
0,1.6,0
2.2;1.72;1.23;0.39;0.2,1.3,200
0.02,1.9,200
0,1,0
0,1.9,0
0,1.9,0
0,1.9,0
0.27;0.25,1.3,200|200
0,1.3,0|0
0,1.1,0
0,1.1,0|0
0,0.7,0
0,1,0
0.32,1.6,200
0,1.1,0|0
0,1.9,0
0.28,1.3,204|200
0.04,1.9,200
0,1.9,0
0,0.7,0
0,1.1,0|0
0,1,0
1.76;0.04;0.01,0.7,200
0,1,0
0,1.9,0
0,1,0
0.02,1.9,200
1.49;0.36;0.2;0.04;0.04,1.3,200
0,1,0
0,0.7,0
0,1.3,0|0
0.04,0.7,200
0,0.7,0
0,1.6,0
0,1.1,0|0
0,1,0
0,1.1,0|0
0,1.6,0
1.14;0.81;0.24;0.08;0.06,1.6,200
0,1.9,0
1.43;1;0.36;0.2;0.07,1.1,200
0,1.1,0
0,1.1,0|0
0,1.1,0|0
0,1,0
0,0.7,0
3.2;0.8;0.13;0.12;0.12,1.6,200
0,0.7,0
0,1.1,204|204
0,1.1,204
0.01,1.1,204|200
0,0.7,0
0,0.7,0
0,1.9,0
0,1.9,0
0,1.1,0
0,1,0
0.05;0.01,1.1,200|200
1.8;0.57;0.23;0.18,1.1,200
0,0.7,0
3.2;0.2;0.19;0.04;0.02,1.3,200
0.92;0.76;0.76;0.33;0.12,0.7,200
0,1,0
0,1,0
0,1,204
0,1.9,0
1.9;0.08;0.02,1,200
0.03;0.01,1.9,200
0,1,0
0,1.3,0|0
0,1.9,204
0,1.1,0|0
0,1.3,0|0
0,1.6,0
0.17;0.04,1.6,200
0,1,0
0.08;0.02,1.9,200
0,1,0
0,1.9,0
0,1.9,0
3.2;0.84;0.23;0.12;0.04,1.6,200
0,1.9,0
0.31;0.07;0.04,1.6,200
0,1.1,0|0
0,1,204
0.24;0.1;0.05;0.02,1.6,200
0,1.9,0
0.06;0.01,1.9,200
0,1.3,0|0
0,0.7,0
0,1.1,0|0
0,1,0
0,1.6,0
1.23;0.29;0.17;0.16;0.04,1.1,200
0.84;0.07;0.01,1.1,200
0,1.1,0|0
0,0.7,0
0,1,0
0,1.1,0
0.65;0.48;0.31;0.24;0.2,1,200
0,1.1,204
0.84;0.23;0.07,1,200
0,0.7,0
3.2;0.22,1.3,200|200
1.23;1.23;0.91;0.28;0.21,1.1,200
0,1.1,0|0
0,1.1,0
0,1.1,0|0
0.01,1.1,200|200
0.89;0.21;0.02;0.01,1.9,200
1.76;0.43;0.36;0.16;0.04,1.9,200
0,1.1,0
0,0.7,204
0,1.3,0|0
1.23;0.24;0.21;0.11,1.9,200
0,1,0
0,1,204
0,1.9,204
0.96;0.76;0.36;0.17;0.12,1.1,200
0,1.1,0
0.01,1,200
0,1,0
0,1,0
0,1.1,0|0
0,0.7,0
0,1.1,0
0,1,0
0,1,0
1.73;0.32;0.14;0.06,1.6,200
0.04;0.04,1.9,200
0,1.3,0|0
3.2;1.12;1.05;0.54;0.28,1.1,200
0,1.9,0
0,1.6,0
0,1,0
0,1.1,204
0,1,0
0,1.1,0|0
0.2,1,200
0,1.1,0|0
0.33;0.16;0.12;0.04;0.01,1.3,200|200
0,1.6,0
0,1,0
0,1.1,0|0
0,1,0
0,1,0
0,1,0
0,0.7,0
1.46;0.67;0.64;0.16,0.7,200
0,1.3,0|0
0,1,0
0.04,1.9,200
0,1.6,0
0,1.9,0
0,1,204
0.03,1.6,200
3.2;0.43;0.33,1,200
0,1,0
0,1.9,0
0,1.3,0|0
0,1.6,0
0,1.9,204
0,0.7,0
0,1.9,0
0,1.3,0|0
0,1.6,204
0,1.3,0|0
0,1,0
0,0.7,0
0,0.7,0
0,1.6,0
0,1.3,0|0
0,1,0
0,1,204
0,0.7,0
0,1.1,0|0
0,1.1,0|0
0,1.1,0
0.08,1.6,200
0,1.3,0|0
0,1.1,0|0
0.84;0.04;0.01,1.1,200|200
0,0.7,0
0,1.3,0|0
0,1,0
0,1,0
0,1.6,0
0.04;0.01,1.3,200|200
0,0.7,0
0,1.3,0|0
0,1.3,0|0
2.66;0.24;0.17;0.13;0.06,1.6,200
0.27;0.19;0.05,1.3,200|200
0,0.7,0
0,1.1,0|0
0.1;0.02,0.7,200
0,1.3,0|0
0.04,1.1,200
0,1.6,0
0,1.9,0
0,0.7,204
0,1.9,0
0,1.1,0|0
0,1,0
0,1,0
0.33;0.04,1.1,200|200
0,1.1,0
0,1.1,0
0,0.7,0
3.2;0.04,1.9,200
0,1.6,0
0,1,0
0,1,0
0,1.1,0
0.05,1.3,200|200
0,0.7,0
0,1.6,0
0,0.7,0
0,1.6,0
0,1.1,0|0
1.43;0.24;0.08;0.08;0.08,1.6,200
0,1.9,0
0,1.9,0
0,1.1,0
0,1,0
0,1,0
0,1,204
0,1.9,0
0,1.1,0
2.43,0.7,200
0,1,0
0,0.7,0
0,1.1,0|0
0,1,204
0.16;0.03,1.1,200|200
0,1.6,0
0,1,0
0,1,0
0,1.9,0
0,1.1,0
0.92,1.3,200|200
0,1.6,0
0,0.7,204
0,0.7,0
0,1.9,0
0,1.9,0
0.06,1.3,200|200
0,0.7,0
0,1.6,0
0,1.1,0
0.01,1.9,200
0,1.9,0
0,1,0
0,1.3,204|204
0,0.7,0
0,1.1,204
0,1.6,0
0,0.7,0
0,1.3,0|0
0,0.7,0
0,1.3,0|0
0,1.6,0
0,1.1,0|0
1.23;0.1,1,200
0,1.1,0|0
0.01,0.7,200
0,1.1,0
0,1.6,0
0,1.1,0
0,1.9,0
0.23;0.09;0.07,1.3,200|200
1.62;0.6;0.37;0.1;0.04,1.1,200
0,1.9,0
0,1.9,0
0,1,0
3.2;0.2;0.16;0.04;0.03,1.3,200|200
0,0.7,0
0,1.1,0|0
0,1,0
0.04,1.1,200
0,1,0
0,0.7,0
0,0.7,0
0,0.7,0
0,1.9,0
0.93;0.21,1.1,200|200
0,1.3,0|0
0,1.3,0|0
0.72;0.01,0.7,200
0,0.7,0
0.6;0.18;0.14;0.13;0.09,1.1,200|200
0,0.7,0
0,0.7,0
0,1.9,0
0,0.7,0
0,1.1,0
0,0.7,204
0,1.9,0
0,1.3,0|0
0,0.7,0
0,1.1,0
0.05,1.9,200
0.05,0.7,200
0,1.1,0|0
0,1,204
0.8;0.22;0.22;0.06;0.04,1.6,200
0.33;0.23;0.07;0.06,1,200
0.12,1.1,200
0,1,0
0,0.7,0
0,1.6,204
0,1.1,0
0,1,0
0,1.1,204
0.39;0.12,0.7,200
0,1.1,0|0
0,1.1,0
0,1.3,0|0
0.29;0.01,0.7,200
0,1,0
0,1.6,0
0,1.1,0
0,1,0
0.05,0.7,200
0,1.1,0|0
0.08;0.04;0.03,1.6,200
0.03,1.3,200|200
0.03,1,200
0.08;0.04,1.1,200|200
0,1.1,0
0.03,1.3,200|200
0.21;0.15;0.09;0.08,1.6,200
0,1.1,0
0,1.6,0
0,1,0
0,0.7,0
0,1,0
0,1.9,204
9.44;1.16;1.11;0.24;0.15,1.9,200
0,1,0
0,1.1,0|0
0.62;0.16;0.02,1.1,200
0,1.3,0|0
0.76;0.04,1.9,200
1.58;0.96;0.84;0.21;0.07,0.7,200
0,0.7,0
0,1.3,0|0
0,1.1,0
0,0.7,0
0,1.1,0|0
8;3.44;1.36;1.23;0.78,1.3,200
0,1.1,0
0,1.1,0|0
1.04;0.8,1.1,204|200
0,1.1,0|0
0,1.6,0
0,1.9,0
0.02,1.6,200
0.04,1.1,200
0,1.6,0
0,1.6,0
1.83,1.6,200
0,1.6,0
0,1.3,0|0
0,0.7,204
1.2;1;0.65;0.2;0.06,1.1,200
0,1.3,0|0
0,1.3,0|0
0,1.3,0|0
0,1.3,204|204
0.64;0.4;0.24;0.17;0.13,1.1,200
0,1.3,0|0
1.03;0.26;0.12;0.12,1.6,200
0,1,0
0,1.9,0
0,1.9,0
0,1,0
3.2;0.24;0.21;0.1;0.08,1.3,200
0,1.9,0
1.43;0.84;0.36;0.24;0.05,1.3,200
0,1.3,0|0
0,0.7,0
1.23;0.32;0.04,0.7,200
0,1.3,0|0
0,1,0
0,1.9,204
0,1.9,0
0,1,0
0,1.6,0
0,1.3,0|0
0,1.1,0
0,1,0
0,0.7,0
0.2,1.1,204|200
0,1.1,0
0.21;0.08;0.01,0.7,200
0,1.9,0
0,1.3,0|0
4.67;2.47;0.4;0.33;0.31,1.3,200
0,1.9,0
0,1.9,204
0,1,0
0,1.1,0
0,1,0
0,0.7,0
0,1,0
0,1,0
0.01,1.9,200
0,1.1,0
0,1.1,0|0
0.84;0.78;0.21;0.07;0.04,1.1,200
0,1.9,0
0,1,0
2.28;0.91;0.56;0.36;0.08,1.6,200
0,1.6,0
0,1.9,0
0,1.9,0
0,1.1,0
0,1.1,0
0,1.9,0
0,1.9,204
0,1.3,0|0
0.72;0.08;0.07,1,200
0,1.1,0
0,1.1,0|0
0,1,0
6.8;1.54;0.21;0.19;0.07,1.1,200
0,1.1,0|0
0,1.1,0
0,1.6,0
0,1.6,0
0,1,0
0,1,0
0,0.7,0
4.54;0.36;0.05;0.04,1.9,200
0,1.1,0
0,1.1,0|0
0,1.9,0
0,1,0
0,1.3,0|0
0,1.9,0
0,1.1,0
0,1.1,0|0
0,1.6,0
0,1.1,0
0,0.7,0
0,1.6,204
0,1.1,0|0
0,0.7,0
1.4;0.21;0.12,1.3,200
0,1.3,0|0
0,1,0
0,0.7,204
0,1.9,0
0,1.3,204|204
0,1.1,0|0
0,0.7,204
0,1,0
0,1.6,0
0,1.9,0
0.04,1.6,200
0,1,0
0,1.3,0|0
0,1.9,0
0,1.3,0|0
0,1.3,0|0
8.26;0.81;0.48;0.07;0.04,1.1,200
11.51;1.23;0.84;0.62;0.17,0.7,200
0,1.6,0
0,0.7,0
5.39;0.05;0.03,0.7,200
0,1.6,0
0,1.6,204
0,1.1,0|0
1.31;0.04;0.03,0.7,200
0.02,1.1,200|200
0,1.1,0|0
0,1,0
0,1.1,0
0.04,0.7,200
0,1.3,204|204
0,1,0
0,1,0
0,1.1,0|0
0,1.9,0
0,1.6,204
0,1.3,204|204
0,1.6,0
0,1.9,204
0,1,0
0,1,0
0,1,204
0,1.1,0
3.2;3.03;2.4;1.23;0.2,1.3,200
0,1.9,204
3.2;0.21;0.07,1.3,200
0,1,0
0,1.1,0|0
0.01,1.1,200
0,1.1,0
0,1.9,0
0,1.1,0|0
0,1,0
0,1,0
0.08,1,200
0,1.9,0
0,1.1,0
0,0.7,0
0,0.7,204
3.2;1.23;0.84;0.23;0.04,0.7,200
1.2;0.84;0.37;0.05;0.03,0.7,200
0,0.7,0
0,0.7,0
0,1.9,0
0,0.7,0
0,1,0
0.23;0.08;0.01,1.6,200
1.44;0.63;0.12;0.04,0.7,200
0.02,1.1,200
2.9;1.55;0.62;0.48;0.17,0.7,200
0,1,204
0.84;0.56;0.46;0.16,1.1,200
0,1,0
0.07;0.01,0.7,200
0.29;0.2;0.1;0.08,0.7,200
0,1.6,0
2.03;2;1.23;0.27;0.21,1.9,200
0,1,0
0,1,0
0,1,0
0,1.1,204
0,1.3,0|0
0,1.1,0|0
0,1.3,0|0
0,0.7,0
0,1.1,0|0
0,1.1,0
0,1.1,0
0,1.9,0
0,1.1,0
0.01,1.1,200|200
0,1.1,0|0
0,1.1,0
0,1,0
0,1,0
0,1.1,0|0
0,1.3,0|0
0,0.7,0
0,1.1,0|0
0,0.7,0
2.4;0.84;0.29;0.13;0.04,1.3,200
0,1,0
0.01,0.7,200
0,1.9,0
0.23;0.19;0.05,1.1,200
0.69;0.21,1.1,200|200
0,1.3,0|0
0,1.1,0
0.03,1.1,200
0,1.3,0|0
0,0.7,0
0.78;0.46;0.31;0.1,1.3,200|200
0,1.6,0
0,1.9,0
0.05,0.7,200
0,1.6,0
0.03,1.1,200|200
0,1.6,0
0,1.1,0
0,1.9,204
0,0.7,204
0,1.9,0
0,1.1,0|0
0,1,0
0,1,0
0,1,0
0.72;0.3;0.24;0.15;0.06,1.1,200|200
0,1,0
0,1,204
0,1.3,0|0
0,1,0
0,1,0
0,1.1,0
0,1.6,0
0,0.7,0
0.06,1.6,200
0,1.9,0
0,0.7,204
0.04,1,200
1.76;1.53;0.89;0.84;0.17,0.7,200
0,1,0
0.6;0.55;0.28;0.21;0.18,1.3,200|200
0,1.6,0
0,1.6,0
0,0.7,0
0,1.1,0|0
0,1.9,0
0,0.7,0
0.55;0.19;0.07;0.04,0.7,200
0,1.3,0|0
0,0.7,0
0,1,0
0,1.1,204|204
0,1.9,0
0,1.6,0
1.23;0.71;0.24;0.1;0.09,1.6,200
0,1.3,204|204
1.2;0.38;0.24;0.12;0.07,1.3,200|200
0,1.3,204|204
1;0.19;0.05;0.02,0.7,200
0,0.7,0
1.16;1.03;0.06,1,200
0,0.7,0
0,1.1,0|0
0,1.1,204|204
0,1.3,0|0
0,1.1,0|0
0,1.1,0|0
0,0.7,0
0,1,0
0,1.1,204|204
0,1.9,0
0,1.1,0|0
0,1.3,0|0
0.03,1.9,200
0,1,0
0,0.7,0
1.23;0.05,1,200
0.03,1.1,200|200
0.01,1.1,200
1.23;0.25;0.24;0.17,1.1,200
0,1.1,0
0,1,0
0,1.1,0|0
0,1.6,0
0,1,204
0,1.6,0
0,1.1,0|0
0,1.1,0
0,1.3,0|0
0.23;0.19;0.07,1.1,200
0,0.7,0
0.84;0.05,1.1,200|200
0,1.3,204|204
0,1.3,0|0
0,1.9,0
0,1.6,0
0.03,0.7,200
0,1,0
0,0.7,0
6.8;2.21;0.76;0.29,0.7,200
0,1.1,0
0,1,0
0,1.9,0
0,1.3,0|0
0,1.1,0
0,1.6,0
0,1.1,0
0,1.9,0
0,1,0
0,1.1,0
0,1.6,204
0,1,204
0,1,0
1.93;0.08;0.07,1.1,200
0.12,0.7,200
0,1,0
0,0.7,0
0,1.3,0|0
0,1.9,0
0.84;0.48;0.07;0.04;0.01,1.1,200
0,1.3,0|0
0,1,0
0,1.1,0
0.07;0.01,1.1,200
0,0.7,0
1.31;0.35;0.23;0.14;0.13,1.3,200
0,1.6,0
2.83;0.36;0.31;0.28;0.22,1.6,200
0,0.7,0
0,0.7,0
0,0.7,0
0,1.1,0|0
0,1.9,0
0,0.7,0
0,1.3,0|0
0,1.1,0
0,1,0
0,1.3,0|0
0.02,1.6,200
0.23;0.04,1.1,200
1.53;0.89;0.54;0.17;0.16,0.7,200
0.84;0.08,1.1,200
0.05,1.6,200
0,1,204
0,1.1,0|0
0,1.6,0
0,1.3,0|0
1.43;0.6;0.52;0.34;0.08,1.1,200
0,1.1,0
0,1.6,0
0,1.6,0
0,1,0
0,1.3,0|0
0,1.3,0|0
0.6;0.35;0.09;0.07,1.1,200
0,0.7,204
0,1.3,0|0
2.39;0.84;0.21;0.08,1,200
0,1,0
0.84;0.04,1.9,200
0,1.1,0
0,1.1,0|0
0,0.7,0
0,1.9,0
0,0.7,0
0.52;0.39;0.32;0.08;0.05,1.6,200
0,1.1,0
0.84;0.76;0.56;0.21,1.6,200
0,1.6,0
0,1.1,0|0
0,1,0
2.4;0.89;0.23;0.05;0.03,1.6,200
0,1.9,0
0,0.7,0
0,1.3,0|0
0.29;0.08;0.05;0.05;0.04,1.6,200
1.7;0.65;0.07;0.04;0.03,1.3,200
0,1.6,0
0,1,204
0,0.7,0
0.31;0.12;0.08,0.7,200
2.52;0.13,1.6,200
0,1.3,0|0
0,0.7,0
0.15;0.05,1.1,200|200
0,1.1,0
0.09,1.1,200|200
3.2;0.84;0.44;0.21;0.07,1.9,200
0.84;0.12;0.02,1.1,200
0.03,0.7,200
0,0.7,0
0,1.9,0
0.04,1.9,200
1.23;0.84;0.68;0.58;0.32,0.7,200
0,1,204
0.18,1.1,200|200
0,1,0
0.6;0.04,1.6,200
0,1.3,0|0
0,1.1,0
0,1,0
0.02,1.1,200
0,1.9,0
0,1.1,0
0,1.6,0
0,1.1,0|0
0,0.7,0
0,1.6,204
0.2;0.16;0.08;0.08,1.1,200
0.01,1.1,200
0,1,0
0,1.3,204|204
1.23;0.37;0.17;0.04,1,200
0.04;0.01,1.6,200
0,1.6,0
0,1.6,0
0,1,0
0,1.1,0|0
0,1,0
0,1.1,0
0,1.1,0
0,1.1,0
0,1,204
0,1.3,0|0
0,1.6,204
0,1.6,0
4.81,1.6,200
0.22;0.21;0.02,1,200
0,1.1,0|0
0,1,0
0,1,0
0,1.1,0|0
0,1.3,0|0
0,1.9,0
0,1.6,0
0,1.6,204
0,1,0
0.01,1.3,200|200
0,1.1,0
0,1.1,0
0,0.7,0
0,1.9,0
0.41;0.32;0.28;0.16,1.1,200|200
0,1.1,0|0
0,1.1,0|0
0,0.7,0
0,1,0
0,1,204
0,1.6,0
0,1.1,0
0,1.3,0|0
0,1,0
0,1.1,0|0
0,1.1,0
0,1.3,0|0
0,1,204
0.04,1.3,200|200
0,1.6,0
0,1.6,0
0,1.9,0
0.04,1.1,200
0,1,0
0,1.1,0|0
0,1,204
0,1.1,0|0
0,1,0
0,1,0
0,1,0
1.48;1.23;0.19;0.12;0.03,1.3,200
0.66;0.03,1.9,200
0.8;0.12;0.02;0.01,0.7,200
0.01,1.3,200|200
0,1,0
0,0.7,0
0,1.1,0|0
0,1,0
0,1,0
0,1.6,0
0,1.6,0
0,1.6,0
0,1,0
0,1.3,204|204
0,1.9,204
0,1,0
0.16;0.16;0.12;0.05;0.03,1.1,200|200
2.36;0.31;0.08,1.6,200
0.31;0.15,1.6,200
0.84,1.1,200
0,1,0
3.04;0.15;0.13;0.08,1.6,200
0.02,1.1,200|200
1.03;0.36;0.34;0.22;0.07,1,200
0,0.7,204
0.66;0.21;0.03,1.9,200
0,1.9,0
0,1.1,0|0
0,1.6,0
0,1,0
0,1,0
0,0.7,0
0.16;0.13;0.05;0.01;0.01,1.1,200|200
0,1.1,204
0,1.1,0
2.8;0.21,1.3,200
0,1.1,0|0
0,1,0
0.84;0.04;0.01,1.6,200
0,1.1,0|0
0,1.3,0|0
0.32;0.05,1.6,200
0.09,1,200
0,1.9,204
0,1.3,0|0
0,0.7,204
0,1.9,0
0.11;0.08,1.1,200|200
0,1.1,0|0
0,1,0
0,1.6,0
0,1.1,0
0,1.6,0
0,1.3,204|204
2.4;1.88;1.23;0.48;0.23,1.6,200
0,1.1,0|0
0,0.7,0
0,1,0
0,1.9,0
0.21;0.04,0.7,200
0,1.6,0
1.23;0.76;0.22;0.14;0.02,1.9,200
0,0.7,0
0,1.1,0
0,1.1,0
0,1.9,0
0.05,1.9,200
0,1.1,204
0,0.7,0
0,1.6,0
0.35;0.26;0.08;0.04,1.9,200
0,1.1,0
0,1.1,0
0,1.1,0|0
0,1.9,0
0,1,0
0,1.6,0
3.2;2.9;1.23;0.65;0.48,1.9,200
0,1,204
0,1.9,0
1.41;0.82;0.28;0.22;0.14,0.7,200
1.37;0.72;0.32;0.12;0.11,1.6,200
0,1.3,0|0
0,1.1,0
0.02;0.01,1.1,200
0,1.6,0
0,1.1,0|0
0,1,204
0,1,0
0,0.7,0
0,1.6,0
0,1.6,0
0,1.1,0
0,0.7,0
0.05,1.6,200
0,1,204
0,1,0
0,0.7,0
1.84;1.23;0.84;0.64;0.05,1.9,200
0,0.7,0
0,1,0
0,0.7,0
0,1.1,204
0,1.1,0|0
0,0.7,0
4.02;0.73;0.26;0.21;0.03,1.6,200
0,1.6,0
0,1.9,0
0,1.6,204
0,1.3,0|0
0,1.9,0
0,1.1,0|0
0,1.1,0
0.24;0.18;0.08,1,200
0.15;0.01,1,200
0,1.3,0|0
0,1.3,0|0
0,1.1,0|0
0.03,1.1,200|200
0,1,0
0,1,0
0,1.1,0
0.46;0.28;0.21;0.18;0.16,1,200
0.48,1.3,200|200
0,1,0
0,1,0
1.76;0.36;0.21;0.04,0.7,200
0,1.1,0|0
0,0.7,0
0,1.1,0
0,1,0
0,1,0
0,1,0
0.16;0.13;0.08;0.04;0.03,1.1,200|200
0,1.6,0
0,0.7,0
0.13;0.03,1.1,200|200
0.89;0.09;0.01,0.7,200
4.54;1.2;0.21;0.05,1.9,200
0,1.9,0
0,1.6,0
0,1.3,0|0
0,1.9,0
0,1,0
0,1.9,0
0,1.3,0|0
0,1,0
0,1.3,0|0
0.04;0.03,1,200
0,1.6,0
0,1.6,0
0.04,1.1,200
1.2;1.03;0.33;0.19;0.14,0.7,200
0,1,0
0,1.1,0
0,1.1,0|0
0,1.9,0
0,0.7,0
0,1.9,0
0,1.9,204
0,0.7,0
0,1,0
0,1.1,0
5.2;0.33;0.28;0.04,1.6,200
0,1.3,0|0
0,1,0
0,1.1,0
0.01,1.1,200|200
0,1.1,0|0
0,1,0
0,1.1,0
0,1.9,204
0,1.9,204
0,1.6,0
0,1.3,0|0
0,1.3,0|0
0,0.7,204
0,1,0
0,1.6,0
0,1,0
0,1,0
0,1.1,0|0
0,1.9,0
0,1.9,0
0,1.1,204
0,1.6,0
0,1.9,0
0.01,1.1,200|200
0,1.3,204|204
0,1.3,0|0
0,1.1,0
0.21;0.04,1,200
0.2;0.01,1.6,200
0,1.6,0
0,1.3,0|0
0,1.1,0
0.59;0.01,1.1,200|200
0,1.9,0
0.26;0.21;0.08,0.7,200
0,1,0
0.42;0.09;0.06,1,200
1.64;0.43,1,200
2.8;2.28;1.23;1.12;0.84,1.3,200
0,1.3,0|0
0,1.3,0|0
0,1.3,0|0
0,1.9,0
0,1,0
0.67;0.2;0.13;0.04;0.01,1,200
0,1.3,204|204
0.28;0.23;0.03,1.1,200
0,1.9,0
0,1,0
0.12;0.01,1.6,200
0.05,0.7,200
0,1.3,204|204
0.96;0.84;0.25;0.15;0.08,1,200
0,1.6,0
0,1.1,0
0,1,0
0,0.7,0
0,1,0
0,1.9,0
0.84;0.49;0.31;0.07;0.01,1.3,200|200
0,1.6,0
0,1.9,0
6.8;0.23;0.04;0.03;0.01,1.3,200
0,1.9,0
0.05,1,200
0,0.7,0
0,1.9,204
2.24;1.91;0.07,1.3,200
9.21;1.56;0.12;0.03,0.7,200
0,1.3,0|0
0,1.1,204
0,1.1,204|204
0,1.1,0
0.01,1.6,200
0,0.7,0
0,1,0
0,1.3,0|0
0,1.1,204
2.31;1.03;0.4;0.19;0.04,1.3,200
0,0.7,0
0,1,0
0,1.3,0|0
0,0.7,0
0,1.6,0
0,1,0
0,1.1,204
0,0.7,0
1.68;0.8;0.09;0.04,1.3,200
0.02,1.1,200
0,1,0
0,0.7,0
0,0.7,0
0.24;0.24;0.07,1.3,200|200
0.84,1.3,204|200
0,1,204
0,1.9,0
0,1.6,0
0,0.7,0
0,0.7,0
0,1,0
0.4;0.02,1.9,200
0,1.3,0|0
0,1.9,204
0,1.6,0
2.66,1.9,200
0,1.1,0
0,1.6,0
0,1.1,0
0.04;0.01,1.1,200
0.06,1.6,200
0,1.1,0|0
0,1.1,0
0.04,1.1,200|200
0,1.6,0
0,0.7,0
0,1.1,0|0
0.89;0.31;0.27;0.02,1.1,200|200
1.23;1.2;0.84;0.22;0.22,1.1,200
0,1,0
3.2;1.23;1.06;0.27;0.12,0.7,200
0,0.7,204
1.29;0.21;0.08;0.05;0.05,1.3,200|200
0,1.1,0
0,1.3,0|0
0.08,0.7,200
0,1.1,0|0
0,1.9,0
0,1.1,0
0,1.1,0|0
1.6;0.38;0.35;0.1;0.08,1.3,200
0,1.6,0
0,1.1,0
0,1.1,0
0,1.9,0
0,1,0
0,1,204
0,0.7,0
0,1.9,0
0,1,0
0,1,0
0,1,0
0,1,0
0,0.7,0
0,1.1,0|0
0,0.7,0
0,0.7,0
0,0.7,0
0,1.6,0
0,1,0
0,1.1,0
0.06;0.02,1.3,200|200
1.23;0.84;0.38;0.04,1,200
0,1,0
0,1.1,0
0,1.1,0|0
0,1.6,0
1.2;0.8;0.1;0.03,1.1,200|200
0,0.7,0
5.6;1.03;0.64;0.02,1.1,200
0,1.6,0
1.17;0.02,1.6,200
0,1.1,0
0,1,0
0,1.3,0|0
0,1.3,0|0
0,1.1,0|0
0,0.7,0
0,0.7,0
0,1.1,0
0.01,1.3,200|200
0,1.1,0|0
0,1,0
0,1.6,0
0,1.6,0
0.38;0.19;0.09,1.9,200
0,1.9,0
0,1.6,204
0,1.3,0|0
0,1,0
0.4,1.9,200
0,1,0
0,1,0
2.43;1.43;0.28;0.07;0.01,1.1,200
0,1.1,204|204
0,1,0
0,1.1,0|0
0,1,0
0,1.3,0|0
0,1,0
1.23;0.21;0.11;0.01,1.1,200
0,1,0
0,1.1,204
0.08;0.06,0.7,200
0,1.6,0
0.76;0.39;0.12;0.08;0.03,1,200
0.04,1.1,200|200
1.23;0.6;0.05;0.05,1.9,200
0,1.9,0
0,1,0
0,1.3,0|0
0,1.1,0|0
0,1,0
0,1.1,0|0
0,1.1,0
0,0.7,0
0.92;0.14;0.12,1,200
0,1.1,0|0
0,1.9,0
0,1.6,0
0,1.9,0
1.67;1.37;1;0.89;0.32,1.3,200
0,1.1,0|0
0,1,0
0,1.1,204|204
0,1.3,0|0
0,1.9,0
0.04;0.04,1.1,200|200
0,1.1,0
0,1.6,0
0,1.6,0
0,1.3,0|0
0,1.1,0
0,1.6,0
0.01,0.7,200
0,1.6,0
0,1.1,204|204
0.23;0.16;0.12,1.9,200
0,1.1,0
0,1.3,0|0
0,1.1,0
0,0.7,0
0.04,1.1,200|200
3.2;1.04;0.6;0.01,1.1,200|200
0,0.7,0
0,1.9,0
0,1.6,0
0.06,1.1,200
0.01,1.3,200|200
0.01,1.1,200|200
0,1.1,0
0,1.9,0
0,1.9,0
0,1.3,0|0
0,1.3,204|204
0.22;0.16;0.05;0.01;0.01,1.1,200|200
0,1.1,0|0
0,1.3,204|204
0,1.9,0
0,1.1,0
0,1.6,0
0,1.1,0
0,1,0
1.36;1.23;0.68;0.56;0.38,1.9,200
0,1.1,0
0,1,0
0,1,0
0,1,0
0,1,0
0,1.3,0|0
0,1.1,0|0
0,1.1,0|0
0,1.9,0
0,1,0
0,1.1,0|0
0,0.7,0
0,1.1,0|0
0,1.1,0|0
0,1.9,204
0,1,204
1.7;1.23;0.04;0.03,1.3,200
0,1.3,0|0
0,1.9,0
0,1.1,0
0,1.1,0|0
0.34;0.07;0.01,1.3,200|200
0.59;0.01;0.01,1.6,200
2.17;0.35;0.11;0.08;0.08,1.3,200|200
0,1.1,0
0,1.3,0|0
0,1.3,204|204
0.03,1.3,200|200
0,1.1,0|0
0,1,0
1.09;0.52;0.48;0.41;0.19,1.1,200
0,1.1,0|0
0,1.3,0|0
0.04,1.9,200
0,1,0
0.76;0.39;0.05;0.04,1.9,200
0,1.1,0|0
0,1,0
0,1.3,0|0
0,1.1,0
0,1.3,0|0
0,1.9,0
0,1.9,0
0.01,1,200
0,1.6,0
1;0.38;0.08;0.07;0.04,1.1,200|200
0,1,0
0,1.1,0
0.04,1.1,200|200
0,1,0
1.32;1.14;0.8;0.34;0.2,1,200
0,1.1,204
0,1.9,0
0,1.1,0|0
0,1.3,0|0
0.02,1.9,200
0,1.1,0|0
0,1.6,0
0.06;0.01,1.1,200
0,1.3,0|0
0,1.3,0|0
0,1.1,0
0,1.9,0
0,0.7,0
0,1.3,0|0
0,1,0
0,1.9,0
0.93;0.18;0.18;0.08;0.05,1.1,200
0,1.9,0
0.84;0.04;0.01,1.9,200
0,1.6,0
0,1.1,0|0
0,1,0
0.27;0.04;0.02,1.1,200|200
0,0.7,0
3.2;2.28;1.2;0.29;0.23,1.9,200
0,1.3,0|0
0.11,1.6,200
0,1,0
0,1.1,0|0
0,1.9,0
0,1.3,0|0
0.01;0.01,1.1,200|200
0,0.7,0
0,1.6,0
0,0.7,0
0,1.6,0
3.2;0.36;0.25;0.13;0.08,1.6,200
0,1.6,0
0.24;0.23;0.12,1.1,200
0,0.7,0
0,1,0
0,0.7,0
0,1.1,0|0
0,1.1,0|0
0,1,0
0,1.6,0
0,1.9,0
0,0.7,204
3.2;2.4;1.23;0.84;0.55,0.7,200
0,1.1,204
0,1,0
0.06,1.3,200|200
1.23;0.39;0.09;0.02,1.6,200
0.04,1.1,200
2.53;0.84;0.8;0.35;0.22,1.3,200
0,1.1,204|204
0,1.1,0
1.89;0.44;0.12;0.07;0.06,1.6,200
0,1,0
0,1.6,204
0,1.6,0
0,1.6,0
0,1.1,0|0
0.01,1,200
0,1.3,0|0
0.04,0.7,200
0,1.1,0
0,1.1,0
0,1.6,0
0,1,0
0,1.1,0
0.03;0.01,1.9,200
0,1.3,0|0
0,0.7,0
0,1.1,0|0
0,0.7,0
0,1.1,0
0,1,0
0,1,0
0,1,0
0.03,0.7,200
0,1.3,204|204
0,1.1,0|0
0,1,0
0,1,0
0,1.6,0
0,1.1,204
0,1.9,0
0,1.1,204
0.46,0.7,200
0,0.7,0
0.02,1.3,200|200
0.02,1,200
0,1.3,204|204
0.04,1,200
0,1,0
0,1,0
0,1.1,0|0
0,1,204
0,0.7,0
0,1.3,204|204
0,1.9,0
0.08,1.9,200
0,1.9,0
0.12,1.9,200
0.28;0.23;0.22,1.3,200|200
0,0.7,0
0,0.7,0
0,1.1,0|0
0,1.9,0
0,1.1,0
0,1.1,0
0,1.3,0|0
0,1.9,0
0,1.6,0
0,1.1,0
0,1.1,0
0,1.1,0
0,1.1,0|0
0,1,0
3.2;1.03;0.43;0.28;0.21,0.7,200
0,1.9,0
0,1.3,0|0
3.2;2.8;0.37;0.3;0.05,1.1,200
1.43;0.44;0.21;0.04,1.1,200
0,1.6,0
0,1.1,0|0
0,1.6,0
0,1,0
0,1.3,0|0
2.65;1.6;1.52;0.17;0.06,1.3,200
0,1.1,0
0.84;0.04,1.9,200
0.91;0.38;0.13,0.7,200
0,1,0
0,0.7,0
0,1.9,0
0,1.1,0|0
0,1,0
0,1.6,0
0,1.9,0
0.03,1.1,200
0.22;0.14;0.12;0.04;0.03,1.3,200|200
0,1,204
0,1.6,0
0,1.9,0
1.4;0.76;0.11;0.08,1.6,200
0,1,0
0.44;0.25;0.07,1.9,200
0,0.7,204
0,1.9,0
0,1.1,0
0,1,0
0,1.9,0
0,1.6,0
0,1.1,0
0.09;0.01,1.1,200
0,1.9,204
0,1,0
0.03,1.3,204|200
0,1,0
0,0.7,0
6.66;6.26;1.03;0.4;0.33,1.1,200
0.07;0.04,0.7,200
1.16;1.03;0.64;0.32;0.08,1.9,200
0.34;0.09;0.08;0.06,1.1,200|200
0,1,0
0,1.9,0
0,1,0
0,1,0
0,1.1,0
0,1,0
0,1,0
0.04,1.1,200
0,1.9,0
1.14;0.8;0.76;0.56;0.2,0.7,200
0,1.9,0
0.01,1,200
0,1.1,0|0
0.2;0.06,1.6,200
0.24;0.11,1.1,200|200
0,1.1,0
0,0.7,0
0,1.6,0
0,1.1,0|0
0.07,1,200
0,1.6,0
0,0.7,0
0.02,1.6,200
0,1.3,0|0
0,1.1,0|0
0,1,0
0.04;0.01,0.7,200
0,0.7,0
0,0.7,0
0,1.9,0
0.07;0.01,0.7,200
0,1,0
0,1.1,0
0,1.1,0
0,1.1,0
0,1.1,0
0.08,1,200
0,1.9,0
0.97;0.89;0.18;0.02;0.02,0.7,200
1.23;0.39;0.06;0.01,1,200
0,1.6,0
0,1.3,0|0
0,1.1,0
0,1.3,0|0
0,1,0
0.84;0.04,1.1,200|200
0,1.9,0
0,1.1,0
0,1.1,0|0
0,1,0
0,1,204
0,1.6,0
14;3.2;2;1.44;1.2,0.7,200
0,1.6,0
0,1.1,0|0
0,1.6,0
0.01,1.1,200|200
0.1,1.9,200
0.03,1,200
0,1.1,0
0,0.7,0
0.05,1.1,200|200
0,1.3,0|0
0,1.6,0
0,1.1,0|0
0,1.1,0|0
0,1.3,204|204
0,0.7,0
1.6;1.16;0.8;0.36;0.36,1.3,200|200
0,1,0
2.03;0.21;0.09;0.07;0.04,0.7,200
0,1.9,0
0,1.1,0
0,1,0
0,0.7,0
0,1.9,0
0,1,0
0,1.6,0
0,0.7,0
0,0.7,0
1.03;0.21;0.16;0.12;0.04,1,200
0,1.1,0|0
0,1.1,0
0,1.6,0
0,1.3,0|0
0,1.1,0
0,1,204
0,0.7,0
0,1.1,0|0
0,1.3,0|0
0,1,0
0,0.7,0
0,1.1,0|0
0.91;0.84;0.04,1.6,200
0,1.1,204
0,1.1,0|0
0,1.9,0
0,1.6,0
0,0.7,0
0,1.6,0
0,1.1,0|0
0,1.1,0|0
0,1.1,0|0
2.82;0.76;0.1;0.08;0.07,1.3,200
0.46;0.3;0.12,1.6,200
0,1.9,204
0,1.6,0
0,1.1,0
0.33;0.09,1.3,200|200
0,1.1,0
2.47;1.6;1.4;0.33;0.25,1.3,200
0,1.9,0
0,1.1,0|0
0,1.1,0|0
0,0.7,0
0,1.9,0
0.03,1,200
0,1.6,0
0,1,0
0.76;0.05;0.04,0.7,200
0,1.3,200|204
0.04,1.6,200
0,1.6,0
0,1.9,204
1.14;0.47;0.2;0.09;0.08,1.6,200
0,0.7,0
0,1.9,0
0,1.1,0
0,0.7,0
0,0.7,0
0.81;0.07,1.1,200
0,1.6,0
0,1.6,0
0,1.9,0
0,1.1,0|0
0,1.9,0
0,1,0
0,1.1,0
0,1.9,204
0,0.7,204
0,1.3,0|0
0,0.7,0
0,1.1,0|0
0.35;0.16;0.08,1.3,200|200
0,1.3,0|0
0,1.3,0|0
0,1,0
0,1.1,0|0
0.04,1.3,200|200
0,0.7,0
0,1.1,0|0
0,1,0
0,1.1,204
0,1,0
0,1.1,0
0,1.1,0
0,1.1,0|0
0,1.1,0|0
0,1.6,0
0,0.7,0
0.28;0.2;0.2;0.09;0.09,1,200
0,1.3,0|0
0,1.1,204
0,1.6,0
0,1,0
0.01,0.7,200
0,1,0
0,1.3,0|0
0,1.1,0
0,1.9,204
1.03;0.22;0.09;0.04,1,200
0,1.1,0
0.03;0.01,1,200
0,1.6,0
1.13;0.22;0.11;0.08;0.03,1.1,200
0,1,0
0.03,1.9,200
0,1.3,0|0
0,1.1,0
0,1,0
0.06;0.04,1.9,200
0,1.6,0
0,1,0
1.2;0.62;0.4;0.15;0.12,1,200
0,1,0
0,1.9,0
0,1.1,0
0,1.1,0|0
0.04;0.01,1,200
0,1.1,0|0
0,1,0
0,1.6,0
0.01,1,200
0,1.1,0
0,1.6,0
0,1.3,0|0
0,1.1,0
0.21;0.07,1.1,200
0,1,0
0,1.1,0
0,1.1,0
0,1,0
0,1.1,0|0
0,1.1,0|0
0,1.3,0|0
0,1,0
0,1,0
3.2;0.8;0.28;0.2;0.08,1.6,200
0,1.3,0|0
0,1,0
0,1.6,0
1.23;1.03;0.48;0.44;0.21,1,200
0,1.9,0
1.43;0.24;0.2,0.7,200
0,1,0
0,1.1,204
0,1.9,0
0,1.3,0|0
0.01,1.6,200
0,1,0
0,1.3,0|0
0,1,204
0,1,0
1.66;0.11;0.1;0.05;0.03,1.3,200
0,1,0
0,1.1,0|0
0,1.1,0|0
0,0.7,0
0.01,1.1,200|200
0.04,1,200
0,1.1,0|0
0,1.1,0|0
0,0.7,0
0,1,0
0,1.6,0
0,1.9,0
0.01,1.1,200|200
0,1,0
0,1.1,0
0.84;0.14;0.07;0.04,0.7,200
0,1,0
0,0.7,0
0,1.3,0|0
0,1.3,0|0
0,1.1,0|0
0.21;0.17;0.03,1.6,200
0,1.3,0|0
0,1.1,0|0
0,0.7,0
0,1.9,0
0,1.6,0
0,1.3,0|0
0,1.1,0|0
0,1.1,0
0,1.1,0
0,1,0
0,1.1,0
0,1.1,0
0,1.1,0|0
0.12;0.12;0.05;0.05;0.04,1.1,200
0,1,0
0,1,0
0,1,0
0,1.1,204|204
0,1.1,0
0.17;0.14;0.08;0.01,1.3,200|200
0,1,0
0,1.9,0
0,1.1,0
1.23;0.39;0.36;0.12;0.11,1,200
0,1.3,0|0
0,1.3,0|0
3.2;1.2;0.84;0.8;0.33,1.9,200
0,1.6,0
0.22;0.02,1.1,200|200
0,1,0
0,1.1,0
0.06,1.6,200
0.01,0.7,200
0,1.6,0
0,1,0
0.05,1,200
0,1.9,204
0.04,1.1,200
2.28;1.23;1.2;0.1;0.03,1.9,200
0,1.1,0
0,1.1,0
0.07,1.1,204|200
0,1.6,0
0.17,1.3,200|200
0,1.3,0|0
0,1.9,0
0,1.6,0
0.12,1,200
0,1.1,0|0
0,1,0
0,1.1,0|0
0,1.9,0
0,1.6,204
0,0.7,0
0,1,0
1.03;0.43;0.34;0.28;0.12,1,200
0.32,1.1,200|200
0,1.1,0
0,1.1,0|0
0,0.7,0
0,1.1,0|0
0,1.1,200|204
0,1,0
0,1,0
0,1.1,0
0.9;0.04,1.9,200
0.8;0.05,1.1,200|200
0,1.6,0
0.02,1.9,200
0,1,0
0,1.1,0
0,1.6,0
0,1.6,0
0,1,204
0.03,0.7,200
0,1.1,0|0
0.25;0.16;0.02,1.1,200
0,1,204
0,1.1,0|0
0.06;0.04,0.7,200
0,1.9,204
4.19;1.2;0.14;0.08;0.07,1.6,200
0.84;0.14;0.04,1.3,200|200
0.04;0.01,1.6,200
5.6;0.64;0.21;0.12;0.06,1.9,200
0,1,0
0,1.6,0
0,1.6,0
0,1.9,0
3.65;0.44;0.22;0.19,0.7,200
0,1,0
2.62;0.76;0.17;0.12;0.08,1.6,200
0.21;0.17;0.06;0.05,1.6,200
0,1.3,204|204
0,1.6,0
0,1.9,0
0,1,204
0,1.1,0
1.61;1.23;0.47;0.25;0.19,0.7,200
0,1.1,204
1.78;1.2;0.38;0.07;0.03,1.3,200
0,1,0
0,1.9,0
0,1.6,0
0,1,0
0,1.6,0
0,1.9,204
0,1.3,0|0
0.2;0.11;0.04,1.1,200
0,1,204
0,1.3,204|204
0.23;0.04;0.04;0.03,0.7,200
2.02;1.23;0.84;0.22;0.08,1.1,200
0,0.7,0
0,1.1,0
0,1.1,0
0,1.6,0
0,1.6,204
0,1,204
0,1,204
0,1.1,0|0
0,1.3,0|0
0,1.3,0|0
0,1.3,0|0
0,1.9,0
0,1,0
0.05,1.1,200|200
0,1.1,0
0,1.1,0|0
0,1,0
0,1.1,0
0,0.7,0
0,0.7,0
6.4;4.16;0.24;0.23;0.06,1.3,200
0.03;0.01,0.7,200
2.47;1.6;0.47;0.23;0.2,1.1,200
0.21;0.08,1.1,200|200
0.24;0.03;0.01,0.7,200
0,1,0
0,1.3,0|0
6.48;1.64;0.84;0.2;0.04,1.3,200
0,1.6,0
0,0.7,0
5.8;1.38;1.02;0.21;0.01,1.3,200
0,1.3,0|0
0,1.1,0
0,1.1,0
0,1.1,204
0,1.6,0
0,1.1,0
0,1.1,0|0
0,1.1,0
0.1,1.6,200
0,1.3,0|0
0,1,0
0,1.6,0
0,1.1,0
0,1.6,0
0,1.1,0
0,1,0
0,1.1,0
0,1.6,0
0,1.1,0|0
0,0.7,0
0,0.7,0
0.03,1.6,200
0,0.7,204
0.01,0.7,200
0.01,1.6,200
0,1.6,0
0,1.9,0
0,1.9,0
0,1.6,0
0.02,1.1,200|200
0,1.6,0
0,1.3,204|204
0,1.6,0
0,1.9,0
0,1.1,0
0,1,0
0.02,1,200
0,1.9,0
0,1.9,0
0,0.7,0
1.03;0.21;0.12;0.06,1.9,200
0,1.3,200|204
0,1.6,0
0.84;0.03,1.1,200|200
0,1.9,0
0,1.9,0
0,0.7,0
0,1.6,0
0,1.3,0|0
0.09,1,200
0.04,1.3,200|200
0,1,0
0.39;0.37,0.7,200
0,1,204
0,1.1,0|0
0,1.9,0
0,1,0
0.89;0.16,1,200
0.31;0.08;0.07,0.7,200
0,1,0
0,0.7,0
0,0.7,204
0,1,0
0,0.7,0
0.9;0.8;0.33;0.28;0.12,1,200
0,1,0
0.15;0.14,1.1,200
0,0.7,204
0,1.1,204
0,0.7,0
0,1.6,0
0,1,0
0.2;0.11;0.08;0.05,1.1,200
0.21;0.11;0.04,1,200
0,1.6,0
0.04,1.9,200
0,1.3,0|0
0,1.9,0
0,0.7,0
0,1.3,0|0
0,1.6,0
0,1.3,0|0
0,1.1,0
0.28;0.21;0.11,1,200
0.21;0.12,1.1,200|200
0,1.1,0
0,0.7,0
0,1.1,0|0
0,1.6,0
0,1.1,204
0,1,0
0.2;0.05;0.03,1.9,200
0,1.6,0
0,1.3,0|0
0,1.3,0|0
0,1.9,0
0,1.1,0|0
0,1.9,0
0,1.9,0
0,1.1,0|0
0,1,0
0,1.3,0|0
0,1.1,0|0
0,1.3,0|0
0,0.7,0
0,1.6,0
0.02,1.1,200|200
1.2;0.35;0.32;0.15;0.14,0.7,200
0.06,1.9,200
0,1,204
0.48;0.2;0.13;0.08;0.04,1,200
0,0.7,0
0.22;0.05;0.02,1.6,200
0.11;0.04,0.7,200
0.6;0.21;0.01,1.6,200
0.84;0.21;0.06;0.01,1.9,200
0,1.1,0
0,1.6,0
0,1.9,204
0,1,0
0,1.3,0|0
0,0.7,0
0,1.1,0
0.88;0.21;0.13;0.06;0.06,1.1,200|200
1.84;1.03;0.36;0.34;0.09,1.3,200
0.1;0.03,1.3,200|200
0,1,0
0,1.1,0
8;0.32;0.32;0.24;0.22,0.7,200
0,0.7,0
0,1.3,0|0
1.23;0.13;0.09;0.08;0.04,0.7,200
0,1.1,0
0.25;0.18,0.7,200
0,1.1,0|0
0,1.3,0|0
0,1.6,0
0,1,0
0,1,0
0,1.1,0
0,1,0
0,1.1,0|0
0,1,0
0,1.1,0|0
0,1.1,0|0
0,0.7,0
0,1.1,0
0,1.3,204|204
0,1.9,0
0,0.7,0
0,1.1,0|0
2.24;1.14;0.35;0.34;0.12,1.1,200
0,1.9,0
0,1.1,0|0
0,1.1,0
0,1.1,0
0,0.7,0
0,1.1,0|0
0,1,0
0,1.6,204
0,1.3,0|0
1.43;0.27;0.06;0.04;0.04,1,200
0,1,0
0,1,0
0.04,0.7,200
0,1.1,204
0,1.1,0
0,1,0
0,1.1,0
0,1.6,0
0,1.6,0
0.04,0.7,200
0,1.6,0
0.08;0.01,1,200
0,0.7,0
0,1.9,0
0.46;0.03,1,200
0,1,0
0,0.7,0
0,1.9,0
0.01,1,200
0.04,0.7,200
2.8;1.48;1.03;0.03,1.3,200
0,0.7,0
0,0.7,204
0,1.9,0
0.72;0.27;0.08;0.08,0.7,200
0,1.6,0
0,1.1,0|0
0,1,0
0,1.1,0|0
0,1.1,0
0.04,1.3,200|200
0,1.6,0
3.18;1.03;0.35;0.14;0.07,1.3,200
0,1.1,0
0,1.1,0|0
0,1.6,0
0,1.1,0
0,1,0
0,1.6,0
0,1,0
0.02,1.6,200
0,1.3,0|0
0,1.1,0|0
0,1.6,0
0,1,0
0.02,0.7,200
0,1.1,0
0.01,1.6,200
0,1.1,0
0,1.3,0|0
0,1.9,0
0.03,1.1,200|200
0,1.9,204
0,1.1,0
0,0.7,0
0,1.9,0
0,1.1,0
0,0.7,0
0,1.1,0
0,1.1,0
2.4;0.66;0.23;0.06,1.1,200
0,1.6,0
0.01,1.1,200|200
0,0.7,0
3.2;0.84;0.23;0.1;0.05,0.7,200
0,1,0
0,1.1,204
0,1.1,204|204
0.01,1,200
0,1.3,0|0
0,1.1,204|204
0,1,204
0.4;0.22;0.17;0.03,1,200
0,1.6,0
0,1,0
0,1.1,0
0,1.9,0
0,1.1,0|0
0,1.6,0
0.02,1.6,200
0,1.1,0|0
0,0.7,0
0,1.6,0
0,0.7,0
0,1.3,0|0
2.11;1.03;1;0.23;0.12,1.9,200
0,1,0
0,1.1,0|0
0,1.3,0|0
0.06,1.3,200|200
0,0.7,0
0,1.1,0
0,0.7,0
1.04;0.02,1,200
0,0.7,0
0,1,0
0,1.9,0
0,1.3,0|0
1.23;0.04,1.6,200
0,1,204
0,0.7,0
0,1.3,0|0
0.01,1.6,200
0,1.1,0
0,1.3,0|0
0,0.7,0
0,1,0
0,1.3,0|0
0,1.1,0|0
0,1.1,0
0.51;0.24,0.7,200
0.07,1,200
0,1.1,0|0
0.22;0.01;0.01,1.1,200
0,1,0
0,1,0
0,1.1,0|0
0,1.6,0
0,1.1,0|0
1.64;1.2;0.48;0.05;0.01,1.3,200
0,1.1,204|204
0.32;0.09,1.1,200|200
0,1,0
0,1,0
0,1.6,0
0,1.1,0
0,1.6,0
0,1.6,0
0,1.3,0|0
0,1.1,0|0
0,1.9,0
0,1.1,0|0
0,1.1,0|0
0,1.1,0
0,1.1,0|0
0,1.3,0|0
0,1.9,204
0,1,0
0,1,0
0.38;0.04,0.7,200
0,1.6,0
0,1.9,0
0,1.1,0
1.6;0.14,0.7,200
0,1.1,0
0,1,0
0,1.3,0|0
0,1.9,0
0,1.6,0
0,1,0
3.03;1.23;0.45;0.37;0.36,0.7,200
0,1.3,0|0
0,1.1,0|0
0,0.7,204
0,1,0
0,0.7,0
0,1,0
0,1.1,0|0
0,1.3,204|204
0,1.3,0|0
0.3;0.01,1.1,200|200
0.24;0.09;0.08,1.1,200|200
0.04,0.7,200
0,1.9,0
0,0.7,0
0,1.9,0
0,1.1,0
0,1,0
0,1.6,0
0,1,0
0.02,1,200
0.08;0.04,1.1,200
0,1.1,0|0
0,1.1,0|0
0,1.3,0|0
0,1.6,0
0,1.1,0|0
0,1.3,0|0
0,1.1,0
0,1.6,0
0.16;0.03,0.7,200
0,0.7,0
0,1.1,200|204
0,0.7,204
0.05;0.04,1.6,200
0.32;0.21,1.1,200|200
0,1.3,0|0
0.61;0.35;0.15;0.06;0.01,0.7,200
0,1.3,0|0
0,1.6,204
0,1.3,204|204
0,1,0
0,1,0
1.14;0.89;0.15;0.04,0.7,200
0,1.3,0|0
0,1,0
0,1.3,0|0
0,1,0
0,1,0
0,1.1,0
0,1.1,0
0,1.1,0|0
0,1.3,0|0
0,1.6,0
0,1.1,0|0
0,1.3,204|204
0,1.3,0|0
0,1,0
3.18;2.47;1.52;0.08;0.03,1.3,200
0.21;0.12;0.08;0.03;0.01,1.3,200|200
0,1.1,0|0
0,1.1,0|0
0,1,0
0,1.3,0|0
0,1.1,0
0,0.7,0
0,1.1,0|0
0.01;0.01,1.1,200
0,1,0
0,0.7,0
0,1,0
0,1.6,0
0,1.9,0
0,1.9,204
0.01,1.1,200
0,1.3,0|0
0,1,0
0.22;0.11;0.04,1.1,200|200
0.07,1,200
0.03,1.6,200
0,1.6,0
0,0.7,204
0,1.3,0|0
0,1,0
0,1.6,0
0,1,0
1.56;0.02,1.9,200
0,1.1,204
0,1.6,0
0.81;0.03,0.7,200
0,1.9,204
0,1,0
0.23;0.08;0.08;0.06;0.04,1.3,200|200
0,1.1,0
0,0.7,0
0,0.7,0
0.02,1,200
0,1,0
0.04,1,200
0,0.7,0
0,1.1,0|0
0,1,0
0,1.1,204
0,1.9,204
0,1.6,0
0,1.6,0
0,1.1,0
0,1.1,0|0
0.08;0.05;0.04,0.7,200
0,1.9,0
0,1.3,0|0
0,1.3,0|0
0,1.3,200|204
0.17;0.08;0.04;0.04,1.3,200|200
0,1.6,0
0,1.3,0|0
0,1.6,0
0,1.6,0
0,1.3,0|0
0,1.3,0|0
0,1.6,0
0,1.1,0|0
0.03,1.6,200
7.61;0.4;0.34;0.23;0.1,0.7,200
0,1.1,0
0,1.1,204
0,1.1,204
0,1.3,0|0
0,1.1,0|0
0,1.3,0|0
0,1.6,0
0,1.1,0
0,1,0
0,0.7,0
0.04,1.1,200|200
0,1.6,204
0,1,204
1.92;0.91;0.84;0.25;0.04,1.3,200
0,0.7,0
0,1.3,0|0
0,1.1,0|0
1.49;0.9;0.8;0.8;0.76,1.6,200
0,1.6,0
0,0.7,0
0,1.3,0|0
0,1.9,0
0.08,1.1,200
0,1,0
0,1.1,0
0,1.1,0|0
1.23;0.88;0.29;0.07,1.6,200
0.51;0.48,1.9,200
3;1.03;1.01;0.96;0.8,1.1,200|200
0,1,204
0,1.1,0|0
0,1,0
0,1.1,0|0
1.6;0.71;0.07;0.02,1.1,200
0,1,204
0,1,0
0,1.3,204|204
0,1.1,0|0
0,0.7,0
0,1.9,0
0,1.1,0
0,1,0
1.03;0.4;0.35;0.12;0.03,1.6,200
0,1.3,0|0
0.34;0.04,1.9,200
0,1.6,0
0,1.6,0
0.08,1.9,200
0,1.1,0|0
0,1,204
0,1.6,0
0,1.6,0
0,1,0
0,1.1,0|0
0,1.3,0|0
0,1.9,204
0,1,0
0,0.7,0
0,1,0
0,0.7,0
0,1.1,0|0
0.01,0.7,200
0,1.1,0|0
0,1.6,0
0,1.9,0
0.04;0.01,0.7,200
0,1.9,0
0.21;0.12;0.08;0.05,1.1,200
0,0.7,0
0,1,0
0,1.1,204
0,1.9,204
0,1,0
0,1.9,0
0,1.3,0|0
0,1,0
0,0.7,0
0,1,0
0.24;0.22;0.13;0.08,0.7,200
0.06,1.3,200|200
0.2;0.08,1.9,200
2.4;0.01,1.6,200
0,1.1,0
0,0.7,0
0,1.1,204|204
0,1.1,0|0
0,0.7,0
0.37;0.26;0.25;0.09,1.1,200
0,1.3,0|0
0,1.1,0
0,1.6,0
0.02,1.1,200
0,1,0
0,1.9,0
0,1.1,0|0
0,1,0
0,1.6,204
0.8;0.03,0.7,200
0.8;0.24;0.21;0.1;0.09,1,200
0,0.7,204
0,1,204
0,1.6,0
0,0.7,0
0,1.3,204|204
0,1.6,0
2.4;1.48;1.23;0.44;0.12,0.7,200
0,1.3,0|0
0,1.1,0|0
0,0.7,0
0,1.6,0
0,1,0
0,0.7,0
0.02,1.1,200
0,1.1,204
0,1.9,0
0,1.1,0|0
0,1.3,0|0
1.2;0.81;0.2;0.08;0.06,1.9,200
0,1.6,0
0,0.7,0
0,1.1,0
0,1.3,0|0
0,1.9,0
0,1.3,0|0
0.08;0.01,1.1,200
0,1,0
0,1.9,0
0,1,0
0,1.1,204|204
0,1.1,0|0
0,1.3,204|204
0,1.1,0|0
0,1.1,0
0,0.7,0
3.2;0.6;0.17;0.08;0.06,1.3,200
0,1.6,0
0,1.9,0
1.03;0.6;0.21;0.02,1,200
0.11;0.04;0.04;0.03,1.3,200|200
0,1,0
0,1.6,0
0,1.9,0
0.1,0.7,200
0,1.6,0
0,1.9,0
0,1.6,0
0,1.3,0|0
0,1.1,0
0,1.3,0|0
0,1.1,0
0,1.9,0
0,1.1,0
0,1.6,0
0,1.1,0
0,1.6,0
0,1.9,0
0,1,0
0,0.7,0
0,1,0
0,1.1,0|0
0.75;0.33;0.07;0.06;0.01,1.3,200|200
0,1,204
0,1.1,0
0,1.9,0
0,1.6,204
0.01,1,200
0,1,0
0,1,0
0.04;0.02,1.1,200|200
0,1.9,0
0,0.7,0
1.04;0.36;0.12;0.1,1.9,200
0,1.1,0
0.84;0.08;0.01,1.3,200|200
0,1.6,0
1.54;1.48;0.18;0.06,1.1,200
2;0.76;0.32;0.16;0.05,0.7,200
0,0.7,0
1.43;1.19;1.16;1.05;0.5,1.3,200
0.48,1.9,200
0,1.3,0|0
0,1,0
0,1,0
0,1,0
0,1.3,0|0
0,1.9,0
0,1,0
0,0.7,0
0,1,0
0,1.9,0
0,1,204
0,1,0
0,1,0
0,1,0
0,1.1,0|0
0.6,1,200
0,1.3,0|0
0,1.3,0|0
0,1.9,0
0,1.6,0
0,1.9,0
0,1.1,0|0
6.96;0.8;0.21;0.12;0.12,1.3,200
0.03,1.9,200
0,1.6,0
0,1.9,204
0,1.1,0|0
0,1.6,0
0,1,0
0,1.1,0
0,0.7,0
0,1.3,0|0
0,0.7,0
3.83;0.21,1.1,200
0.07,1.1,200
1.3;1.03;0.3;0.18;0.06,1.9,200
0.2,1,200
1.03;0.8;0.79;0.21;0.03,1.9,200
0,1.1,0|0
0,1.3,0|0
0,1.3,0|0
0,1.1,0
0,0.7,0
0,1,0
0.06,1.1,200|200
1.23;0.39;0.09;0.04,1.9,200
0,1,204
0,1.6,0
0,1.6,0
0.01,1.3,200|200
0,1,0
0,1.9,0
1.03;0.29;0.08;0.04,1,200
0,1.3,0|0
0,0.7,0
0,0.7,0
0,0.7,0
0.23;0.02;0.01,1.3,200|200
0,0.7,204
0,1.1,0|0
0,1.1,0
0,1,0
0,1,0
0,0.7,0
0,1,0
0,1.1,0
0,1.6,0
0,1,0
0,1.1,204
0,1,0
0,1.6,0
0.01,0.7,200
0,1.6,204
0,0.7,0
1.88;1.23;0.07;0.04;0.01,1.3,200
0.04,1.3,200|200
0,1,0
0,0.7,0
0,1,0
0,1,0
1.23;0.19;0.11;0.09,0.7,200
1.48;1.28;0.43;0.26,1.3,200
0,1,0
0,1,0
0,1,0
0,1.3,0|0
0.04,1.1,200|200
0.02,1.1,200|200
0,1,0
0,1.1,0
0,0.7,0
0,1,0
0,1.1,0
0,1.1,0|0
0,0.7,0
0,1.3,0|0
1.36;0.16;0.02,1.3,200
0,1.1,0
0,0.7,0
0,1,0
0.09;0.02,1.3,200|200
0,1.6,0
0,1.1,0
0,1.3,0|0
0.04,1.9,200
0,1.9,0
0,1.1,0|0
0,1.3,0|0
0.03,1.3,200|200
0,1,0
0,1.3,0|0
0,1.1,204
0.08,1.9,200
0.04,0.7,200
0,1.9,0
0,1.6,0
0,1.6,0
0,1.1,0|0
0,0.7,204
0,1.6,0
0,0.7,0
0,1.1,0
0,1.1,0
0,1.1,0
0,1,204
0.6;0.34;0.11;0.1;0.09,1.9,200
1.13;1.03;0.24;0.07;0.04,0.7,200
0,1.6,0
0,1,0
0.8;0.4;0.33;0.18;0.08,1.9,200
0,1.1,0|0
0,1,0
0,1.1,0
0,1.9,0
0,1.3,0|0
0,1.1,0|0
0,1.6,0
0,1,0
0,1.1,0
0,1.1,0
0,1,0
0.03;0.02;0.01,0.7,200
6.8;1.76;0.31;0.28;0.08,1.3,200
0,0.7,0
0,1,0
0,1.1,0
0.09,1.9,200
0,1.3,0|0
0,1.3,0|0
0,0.7,0
0,1.3,0|0
0,0.7,204
0,1.3,0|0
0.4;0.02;0.02,1.3,200|200
0,1.1,0
0,0.7,0
0,1.1,0
0.64;0.21;0.06;0.04,1.6,200
0.01,1.9,200
0,1.3,0|0
0,1.3,204|204
0.84;0.21;0.04,1.6,200
0.01,1.1,200
0,1,0
0,1,0
0,1.6,0
0,1.1,0
1.33;0.24;0.08,1.9,200
0.02,0.7,200
0,1.1,0
0,0.7,0
0,1,0
0,1.1,0
0,1.6,0
0,1.1,0
0,1.1,0
0,0.7,0
0,1,204
0.2;0.08,1.9,200
0,1.9,0
0,1.3,0|0
0,1,204
0,1.1,0
0.36;0.03,1.6,200
0,1.1,0
0.2,1.6,200
0,1.9,0
0.01,1,200
0,1.6,0
0,1.3,0|0
3.2;3;0.53;0.2;0.07,1.3,200
0,1.6,204
0,1.9,204
0,1,0
0,1.6,0
0,1.9,0
0,1.6,0
1.03;0.16;0.07;0.01,1.1,200
0,1.1,0|0
0,1.3,0|0
6.42;0.67;0.3;0.03,1.9,200
0.03,0.7,200
0.05,1.1,200|200
1.08;0.54;0.4;0.32;0.07,0.7,200
0.09;0.04;0.02,1.1,200|200
0,1,0
0,0.7,0
0,1.3,0|0
0,1.3,0|0
0,1.9,0
0,1.9,0
0,1.3,0|0
0,1.9,0
0.06;0.02,1,200
1.56;0.44;0.23,1.1,200
1.23;0.21,0.7,200
0,1,0
0,1.3,0|0
0,1.1,0|0
0,1.9,0
0,1,0
0,1,0
0.29;0.16,0.7,200
0,1.9,0
0,1.1,0
1.6;1.23;0.3;0.11;0.08,1.3,200
0,1,0
0.02,1.3,200|200
0.34;0.07,1,200
0,0.7,0
1.74;0.81;0.64;0.14;0.12,1.1,200
0,1.6,0
0,1.6,0
0,1.1,0|0
0,1.1,204
0,1.1,0
0,1.1,0
0.78;0.2;0.07;0.05;0.04,1.1,200
0,1.6,0
1.16;0.2;0.08;0.04,1.6,200
0,1.1,0
1.13;0.4;0.16;0.07;0.06,1.1,200
2.92;1.03;0.89;0.48,1.9,200
0,0.7,0
0,1,0
0,1.3,0|0
0,1.3,0|0
0,1.1,0
0,1.1,0
0.04;0.03,1.9,200
0.04,1.6,200
0.21;0.04,1,200
0,1,0
0,0.7,0
0,0.7,204
0,1.9,204
0,1.6,0
0,1.6,0
0,1.1,0|0
0,0.7,0
0,1.1,204
0.2;0.1;0.09;0.04,1.9,200
0,1.1,204
0,1,0
0,1,0
0,1.3,0|0
0,1.6,0
0,1.1,0
0.03,0.7,200
0,1,204
0,1.1,0|0
0,1.1,0|0
0,1,204
0.37;0.25;0.13,1,200
0,1.1,0
0,1.9,0
3.2;0.8;0.2,1.3,200
0,1,0
0,1.3,0|0
0.05,0.7,200
0.28;0.04,1,200
0,1.1,0
0,1.1,204|204
1.61;1.14;0.23;0.17;0.12,1.3,200
0,1.6,0
0,1.9,0
0.02,1.1,204|200
0.84;0.36;0.21;0.14;0.05,1.1,200
0,1.6,0
0.12;0.07;0.04,1.1,200
0,1.9,0
1.23;0.69;0.4;0.22;0.14,1.9,200
0,1,0
0,1.9,204
0,1.3,0|0
0,1.9,0
0.07,1,200
0,1.3,0|0
0,1.9,0
0,1,0
0,1.9,0
0,1.6,0
2.09;0.13,1.3,200
0,0.7,0
0,1.1,204
1.58;0.84;0.34;0.26;0.24,1.3,200
0,1.1,0|0
0.8;0.05,1.3,200|200
0,1.6,0
0,1.6,0
0,1.6,0
0,1.6,0
0.36;0.1;0.05,1.1,200|200
0,1.6,0
0.02,1,200
0,0.7,0
1.6;0.04,1.3,200
0,1.6,0
0,1,0
0,1.6,0
0.3;0.1;0.09;0.08;0.04,1.1,200
0,1,0
0,1,0
0,1.1,204|204
0,0.7,0
0,1.6,0
1.4;1.23;0.86;0.8;0.08,1.1,200
0,1.3,0|0
0,1.1,0
0.35;0.14;0.08;0.01,0.7,200
0,1,0
1.03;0.19;0.08;0.01,1,200
0,1.3,0|0
0,1.1,0|0
0,1.1,0
0,1,0
0.01,1.9,200
0.05,1.9,200
0,0.7,0
0,1.1,0
0,1,0
0,1.3,0|0
0.18,0.7,200
0.03,1,200
0,1,0
0.8;0.18;0.13;0.12;0.1,1.6,200
0.48;0.22,1.1,200|200
0,1.1,0
0.79;0.35;0.32;0.2;0.04,0.7,200
0.2,1.1,200|200
0.03;0.01,1,200
6.8;3.2;1.23,1.1,200
0.84;0.07,1.1,200
0.1,1.1,200|200
0,1,0
0,1,0
0,1,0
0,1.9,0
0,1.9,204
0,1.9,0
0,1,0
0,1.9,0
0,1.1,0
0,1,0
0,1.6,0
0,1.1,204|204
0,0.7,0
0,1.1,0
0,1.1,0|0
0,1.9,0
0.05,1,200
0,1,0
0,1.9,0
2;0.32;0.09;0.08;0.08,1.3,200
0,1.1,0|0
0,1.1,0
0,1.1,0
0,1.3,0|0
1.32;0.74;0.31;0.02,0.7,200
0,1,0
0,1,0
0,1.9,0
0,1,204
0,1,0
0,1,0
0,1,0
0,1,0
0,1.6,0
0.27;0.26;0.12;0.03,1.1,200
0.04,1,200
0.84;0.24;0.13;0.07,1.6,200
0,1,0
0.32;0.07;0.06;0.04,1.1,200|200
0,0.7,0
0.09;0.02;0.01,1.9,200
9.21;0.39;0.07;0.04,1,200
0.3;0.19;0.02,1.6,200
0,1,0
0,1.6,0
0.04,1.1,200
0,1,0
0,1,0
0,1.1,0|0
0,1.9,0
0,1,0
6.48;0.25;0.04,1.6,200
0,1.6,0
0,1.1,0|0
0,1.1,0
0,1,0
0,1.1,0
0.05,1.1,200|200
0,0.7,0
0.08,1.9,200
0.04,1,200
0,1.1,0|0
0.04,1.3,200|200
0.3;0.06;0.05;0.04;0.04,1.1,200|200
0,1.3,0|0
0,1.3,0|0
0,1,0
2.28;1.16;0.12;0.09;0.02,1.3,200
0,1.6,0
0,1,0
0,1.6,0
0.08,1.6,200
0.2;0.16;0.04;0.04,1.3,200|200
0,1.9,0
0,1.6,0
0,1,0
0,0.7,204
0,1.3,0|0
0,1.9,0
21.31;3.2;0.27;0.13;0.04,1.1,200
0,0.7,0
0,1.9,0
0,1.3,0|0
0.38;0.21;0.02,0.7,200
0,1,0
0,1.1,0|0
0,1.9,204
0.12;0.09;0.05;0.05;0.01,1.1,200
1.26,1.3,200|200
0,1.1,0
6.96;1.16;0.88;0.8;0.28,1.1,200
0.33;0.09;0.07;0.04,1,200
0,0.7,0
0.4;0.01,1.3,200|200
0,1,0
0,0.7,0
0,1.1,204
0.21;0.07;0.04,1.9,200
0,1.6,0
0,1,0
0,0.7,0
0,1.9,0
2.52;2.11;0.14;0.11;0.04,1.3,200
0,1,0
0,1.6,0
0,1.1,0|0
0,0.7,0
0,1.1,0
0,1.6,0
0,1.1,0|0
1.16;0.28;0.05;0.04,1.1,200
0,1.1,0
0.28;0.16;0.03,1.9,200
0,1,0
0.41;0.21;0.18;0.12;0.04,1.6,200
2.88;1.03;0.94;0.08;0.08,1.9,200
0,1.3,0|0
0,1.1,0|0
0,0.7,0
1.2;0.48;0.36;0.21;0.08,1.6,200
0.06,1.1,200
0,1.3,0|0
1.62;0.13;0.05;0.02,1,200
0.03,1.9,200
0,1.9,0
0,1.3,0|0
0.03,1.3,204|200
1.23;0.32;0.16,0.7,200
0,1,0
0,1.1,0|0
0,1.6,0
0,1.3,0|0
0,1,0
0,1.1,0
0.07,1.1,200
0,0.7,0
0,0.7,0
0,1,0
0,1.6,0
0,0.7,0
0.06,1,200
1.72;0.9;0.81;0.14;0.12,0.7,200
0,1.3,0|0
0,1.3,0|0
0,1.1,0|0
0,1.6,0
0,1.3,0|0
0,1.1,0
2.8;1.23;0.37;0.21,0.7,200
0,1,0
0,1.9,0
0.16;0.09;0.06;0.03;0.01,1.6,200
0,1.1,0
0,1.3,0|0
0,1.6,0
0,1.3,0|0
0,1.1,0|0
0,1.1,0|0
0.8;0.03,1.1,200
0,1.1,204|204
0.09;0.03;0.02;0.01,1,200
0,1.9,0
0,1,0
0,0.7,0
0,1,0
0,1.9,0
0,1.3,0|0
0,1.1,0
0,1,0
0,1.3,0|0
0.31;0.05;0.04,1,200
0.22;0.12;0.08;0.04,1.1,200
0,1.1,0
0,1.1,0|0
0,0.7,0
0,1,0
0,1.6,0
0,1.3,0|0
0,1,0
1.76;1.23;0.08,1.9,200
0,1.6,0
0,1.3,0|0
0,1.1,0|0
0,1,0
0,1.9,0
0,1.6,0
0,1.3,204|204
0.22;0.16;0.14;0.07,1.1,200|200
0,1.3,0|0
0,1.3,0|0
0,1.1,0
0,1,0
0,1.1,0
0,1.6,0
0,1.9,0
0,1,0
0,1.6,0
0,1,0
0,1.9,0
1.57;1.03;0.28,1.3,200
0,0.7,0
0,1.1,204
0,0.7,0
0,1.1,0|0
0.07;0.03,1.9,200
0,1.1,0
0,1,0
0.18;0.01,1.6,200
0.01,1.1,200|200
0,1.1,0|0
0,1.1,0
0,1.3,0|0
0,1.6,0
0,1.1,0
0,1,0
0,1.6,0
0,0.7,0
0,1,0
0.01,1.6,200
0,1.1,0|0
0,0.7,0
0.07;0.05;0.03,0.7,200
0.02,1.6,200
0.02,1.1,200|200
0,1,0
0,1.9,0
0,1.9,0
0,0.7,0
0,1,0
0,1.9,0
0,1.1,0
0,1,0
0.21;0.01,1.1,200
0,1.1,0
0,1.3,204|204
0,1.3,0|0
0,1.9,0
0,1.1,0|0
0,1,0
0,0.7,0
0.04,1.1,200
0,1.1,0
0,1,0
0,1.3,0|0
0,1,0
0,1.3,0|0
0,1.1,0|0
0,1.1,204
0.06,1.9,200
0,1.1,0
0.39;0.16;0.06;0.05;0.01,0.7,200
0,1.9,204
0,0.7,0
0,1.6,0
0,1.9,0
0,1,204
0,0.7,204
0,1.6,0
0.07,1.1,200
0,1.1,0
0,0.7,0
0,1.1,0
0,1.1,0|0
0,1,0
0.21;0.06,1.3,200|200
0,1.6,0
0,1.3,0|0
0,1.9,0
0,1.6,0
0,1.3,0|0
0,1.3,0|0
0,1,0
0,1.6,0
0,0.7,0
0,1,0
0,1,204
0,1.6,0
0.25;0.07,1.9,200
0.08,1.6,200
0,1.1,0
0,0.7,0
0,1.6,0
0,1,0
0,1,0
1.23;0.31;0.08,0.7,200
0.02,1.6,200
0.27;0.22;0.09;0.02,1.1,200|200
0,1.3,0|0
0,1,0
0.84,0.7,200
0,1.3,0|0
0.04,1.9,200
0,1.6,0
0,1.1,0
0,1.9,0
0,1,0
0,0.7,0
0,1.3,0|0
0.03,1.6,200
0,1,0
2.41;0.39;0.24;0.04;0.04,1.3,200
0,0.7,0
0,1.1,0|0
0,1,0
0,1.1,0
0,1.6,0
0,1,0
0,0.7,204
0,1.9,0
0.02;0.01,1.1,200
0,1,0
0,1.3,0|0
0,1,0
0,0.7,0
0,1.9,204
0,1.3,0|0
1.03;0.23;0.07;0.03,1.9,200
0,1.1,0|0
0,1,204
0,1,0
0,1.9,0
0,1,0
0.06;0.04;0.01,1.1,200|200
0,1.1,0|0
0,1.1,0
0.52;0.4;0.12;0.1,1.1,200|200
0,1.1,0|0
0.61;0.51,1.1,200
0.07;0.01,1.6,200
0,1.1,0|0
0,0.7,0
0,1.9,0
0,1.1,0|0
1.18;1.03;0.89;0.27;0.03,1.1,200
0,1,0
0.02,1.6,200
0,1.1,0|0
0,1.1,0
0,1,0
0,1,0
0,1.1,0
0,1.1,0
0.08;0.08;0.08,1,200
0,1.6,0
0,1.3,0|0
0,1.3,0|0
0,1,0
0,1,0
0,1.1,204
0,1.1,0
0,0.7,0
0,1.1,0
0,1,0
0,1.9,0
0,1.1,0
0,1.6,0
0,1,0
0.23;0.14;0.05,1.1,200|200
0,1.1,0
0,1,0
0,1,0
0,1.3,0|0
0,1.3,0|0
0,1,0
0.04,1.1,200
0,0.7,0
1.16;0.13;0.08,1,200
0,1.1,0|0
0,1,0
0,1,0
0.8;0.76;0.33;0.04,0.7,200
0,1.9,0
0.81;0.35;0.08;0.01,1.6,200
0,1.3,204|204
0,1.1,0|0
0.01,1.1,200|200
0,1.6,0
0.03,1,200
0.01,1.9,200
0,1.3,0|0
0,1.3,0|0
0,1.1,0|0
0,1.1,0|0
0.04,1.9,200
0,1.1,204|204
0.26;0.21,1.1,200
0,0.7,0
0,0.7,204
0,1,0
0,1,0
0,1.3,0|0
0,1.9,0
0,1.9,0
0,1.1,0
0,1.3,0|0
0.02,1.1,200
0,1.3,0|0
0,1.1,0
0,1,0
0,1.1,0
0,1.1,0|0
0,1.6,0
0,1.1,0|0
0,1.1,0
1.21;0.89;0.6;0.48;0.04,0.7,200
0.46;0.31,1.6,200
0,1,0
0,1,0
0,1,0
0,1.6,204
0,1.3,200|204
0,1.9,0
0,1.1,0|0
0,1.1,0|0
0,1.3,0|0
0.04,1,200
0,0.7,204
0,1.1,0|0
0,1.1,0
0.26;0.06,1,200
0,1.1,0
0,0.7,204
0,1.6,0
0,1.9,0
0,1,0
0,1,0
0,1.1,0
0,1.6,0
0,1,0
0,0.7,0
0.04;0.01,1.1,200|200
0,1.9,0
0.76;0.18;0.11,1,200
2;0.44;0.12;0.12;0.11,1.6,200
0,1.6,0
0,1.1,0
0,1.6,0
7.65;1.24;0.04;0.02,1.1,200
0,1.1,0
1.23;0.84;0.47;0.36;0.02,1.1,200
0,1.1,0|0
0,1.1,0
0.39;0.08;0.01,1,200
0,1.3,0|0
0,1.6,0
0,1.1,0|0
0,1.3,0|0
0,1.3,0|0
0.15;0.01,1,200
0,1.6,0
0,1.3,0|0
0,1.6,0
0,1.3,0|0
0,1,0
0,1.1,200|204
0,1,0
0,1.6,0
0,1.3,0|0
0,1,0
0,1.6,204
0,1,0
0,1.9,0
0,1.6,0
0.48;0.12;0.06,1.9,200
0,1.3,0|0
0,1.1,0|0
0.02;0.01,1.1,200|200
0,1,0
0,1.1,0|0
0,1.1,204
0,1.9,204
0,1,0
0,1.9,0
0.09;0.01,1.3,200|200
0,1.3,0|0
0,1.9,0
0.24;0.22;0.08,1,200
0,1.1,0|0
0,1.3,0|0
0,1.9,204
0,1,0
0,1.6,0
0,1.6,0
0,1,0
0,1,0
0,1.1,0
0.84,1.3,204|200
0,1.1,0
0,1.3,0|0
0,1.1,0
0,1.1,0|0
0,1.3,0|0
0,1.9,0
0,1,0
0,1.6,0
0,0.7,0
0.84;0.19;0.11;0.08,1,200
0.22;0.07;0.04,1.3,200|200
0,0.7,0
0,0.7,0
3.04;1.03;0.89;0.35;0.3,0.7,200
0,1.3,0|0
0,1,0
0,1.1,0|0
0.01,1.6,200
0,1.3,0|0
0,1.3,0|0
0.8;0.33;0.24;0.08;0.07,1.6,200
0,1.6,0
0.11;0.08;0.04,0.7,200
0,1.1,0|0
0,1.1,0
0,1.1,0
0,1.6,204
0.81;0.72;0.48;0.22;0.07,1,200
0,1.6,0
0,1.6,0
0.25;0.04;0.03,1.1,200
0,1.1,0|0
0,1.6,0
0,1.1,0|0
0,1.1,0
0,1.1,0|0
0,1.6,0
0,1.1,0|0
0,1.6,0
0,1.1,200|204
1.42;0.21;0.09;0.07;0.04,0.7,200
0,1.3,0|0
0.02,1.3,200|200
0,1.9,0
0,1,204
0,1.9,0
0,1,204
0.34;0.1;0.1;0.09,1,200
0,1.6,0
0,1.1,0
0,1.1,0|0
0,1,0
0,1,0
0,1.9,0
3.2;0.16;0.13;0.11;0.02,0.7,200
0,0.7,0
0,1.3,0|0
0,1.1,204|204
0,1.6,204
0,0.7,0
0,1.1,0|0
0,1,0
0,1.9,0
0,1,0
0,0.7,0
0,0.7,0
3.2;3.03;0.1;0.09;0.08,1.9,200
0,0.7,0
0,1.1,204
0,1.1,0
0,1.6,0
0,1.1,0
0.68,1.1,200|200
0.56,1,200
0,1.6,0
0,1.1,204
0,1.9,0
0,1.1,0
0,1.3,0|0
0,1.1,0
0,1.6,204
0,1.1,0|0
0,1.6,0
0,1.6,0
0,1.1,0|0
0,1,0
0,1,0
0,1,0
0,0.7,0
0,1.9,0
0,1,0
0,1.1,0
0,1.9,0
0.09;0.01,1.3,200|200
0,1,0
0,1.6,0
0.01,0.7,200
0,1,204
0,1,204
2.4;1.69;1.23;1.2;0.44,1.6,200
0,1.1,0
0,1.1,0|0
0.21;0.05;0.04,1.1,200|200
0.25;0.21;0.14;0.12,0.7,200
0,1.9,0
0,1.3,0|0
0,1.6,0
0,1.1,0
0.17;0.03;0.02,1.1,200
0.03,1.1,200|200
2.39;0.66;0.6,1.6,200
0,1.3,0|0
0,1.9,0
0,1.6,0
0,0.7,0
0,1.3,0|0
0.03,1,200
0,1.1,0|0
0,1,0
0,0.7,0
0,1.1,0
0,0.7,0
0,1.3,0|0
0,1,0
0.09,1.1,200
0,1.6,0
0,1.9,0
0.08,1.1,200
0,0.7,0
0,1,0
0.78;0.76;0.22;0.03,1,200
0,1.6,0
0,1.6,0
0,1.1,0
0,1.1,204
0,1,0
0,1.1,0
0.48;0.21;0.12;0.07,1.6,200
0,1.3,0|0
0.4;0.06,0.7,200
0,1.1,204
0,0.7,0
0,1,0
0.44;0.43;0.36;0.3;0.21,1.9,200
8.26;0.24;0.24;0.08,0.7,200
0.02,1.1,200
0.34;0.2;0.08;0.07,1.6,200
0.21;0.07,1.6,200
0,1.1,0|0
0,1.1,0
0.01,1,200
0,1.3,0|0
0,1.1,200|204
0,1.1,0
0,1.3,0|0
2.52;0.66;0.3;0.14,0.7,200
0,1.6,0
0.28;0.02,1.1,200
0,1.1,0|0
0,1.3,0|0
0,1,0
0,1.1,0
0,1.1,0|0
0.01,0.7,200
0,1.9,204
0,1.6,0
0.05,1,200
0,1.1,0
0.36;0.32;0.06,1.6,200
0,1.9,0
0,1.3,0|0
0,1,0
0.05,1.1,200
0,1,204
0,1.9,204
1.43;0.6,1,200
1.02;0.88;0.32;0.03,1.3,200|200
0,0.7,0
0,1.1,0
0,1,0
1.03;0.17;0.08,1.3,200|200
0.4;0.14,1.1,200
0,1.3,0|0
0,0.7,0
0,1.3,0|0
0,1,0
0,1,0
0,1,0
0,1.9,0
0,1.1,0|0
0.05,1,200
0.21;0.21;0.2;0.01,1.6,200
0,1.3,0|0
0,1.1,0|0
0,1.3,0|0
0,1.6,0
0,1.1,0
0.05,1.3,200|200
0,1.9,0
0,1,0
0,1.6,0
0,1.1,0
0.04,1.9,200
0,1.6,0
0,1.6,0
0,1.1,204|204
0,1,0
1.13;0.77;0.28;0.05;0.05,1.3,200|200
0.03,1.6,200
0,1.6,0
0,0.7,0
0,1.9,0
0,1,0
0,1.6,0
0,1.9,0
0,1.9,0
0,1.9,204
0,1.1,0|0
0,1.6,0
0,1.1,0
0,1,0
0,1.6,0
0,1.1,0|0
0,1,0
0,1.3,0|0
0,0.7,0
0,1.1,0
0.21;0.13;0.05;0.04,1.3,200|200
0,1.9,0
0.28;0.22;0.19;0.09;0.07,0.7,200
0,1.1,0|0
0,0.7,204
0,1,0
1.16;1.03;0.34;0.34;0.21,0.7,200
0,1.1,0
0,1,0
0,1.6,0
0,1.3,0|0
0.8;0.8;0.52;0.27;0.1,1.9,200
0.03,1,200
0,1,0
0.04;0.01,1.6,200
0,1.9,0
0,0.7,0
0.01,1.9,200
0,1.9,0
0,1,0
0,0.7,0
0,1.9,0
0.84,1.1,200
0,1.6,204
0,1,0
0,1.1,0|0
0,1.1,204|204
11.51;2.4;1.78;0.71;0.28,1.9,200
0,1.6,0
0.06,1.9,200
0.86;0.35;0.08;0.05;0.02,1,200
1.03;0.23;0.08;0.04,1.9,200
0,1.1,0
0,1.1,0
0,1.9,0
0,1.3,200|204
0,1.6,0
0.83;0.21;0.2;0.16;0.08,0.7,200
0.32;0.2;0.03,0.7,200
0,1,0
0,1.1,0
2.52;0.57;0.44;0.44;0.28,1.3,200
0,1.1,0|0
0.03,1.9,200
0,0.7,204
8;0.29;0.04,0.7,200
0.84;0.07,1.9,200
0,1.3,0|0
0,1,0
0,1.3,0|0
0,1.3,0|0
0,0.7,204
0.03,0.7,200
0,1,0
0,1,0
0,1.1,0
0,1,0
0,1.6,0
0,1.3,0|0
0,1.9,0
0.21;0.08;0.05;0.04,1,200
0,1,0
0,1.1,0|0
0,0.7,0
0.01,1.6,200
0,1.9,0
0.34;0.09,1.9,200
0,1,0
0,1.3,0|0
0,1.6,204
0,1.6,0
0,1,0
0,1.1,0
0.02,1,200
0,1.9,204
0,1.1,0
2.23;1.03;1;0.27;0.19,1.9,200
0,1,0
0,1.3,204|204
0,1.1,0|0
0,1.9,0
0,1.1,0
0.03,1.6,200
1.23;0.22;0.21;0.06;0.02,1.6,200
0,0.7,0
0.04;0.01,1.6,200
0,1.6,204
0,1.6,0
0.05,1.3,200|200
0,1.9,204
2.8;1.52;0.32;0.22;0.15,1.6,200
0,1.1,0
0,1.3,0|0
0,1,0
0,1,204
0,1.1,0|0
0.17;0.01,1.1,200
0.03,0.7,200
0,1.6,0
0,1.1,0
0,1,0
0,0.7,0
0.02,1.1,200
0,1.9,0
0,0.7,0
0.85;0.51,1.1,200
0,0.7,0
0,1.1,0|0
0,1.1,0|0
0,0.7,0
0,1,0
0.21;0.05,1.1,200
0,1,0
0,1,0
0,1.1,0
0,1.1,0
0,1.3,204|204
0.3;0.06;0.04,1,200
0,1,204
0,0.7,204
0,1.6,0
0,1.3,0|0
0,1.1,0|0
0,1.1,0|0
0.01,1.1,200|200
0.31;0.25;0.03,1.1,200
0,1.6,0
0,0.7,0
0.03,0.7,200
0,1,0
0,1.1,0
0,1.3,0|0
0.19;0.16;0.06,1.6,200
0,1,0
0,0.7,0
0,1.1,0
0,1,0
0,1.3,0|0
0.04,1.3,200|200
0,1,0
0,1,0
0,1.6,0
0,1.1,0
0,1.3,0|0
0,0.7,0
0,0.7,0
0,1.1,204
1.14;0.81;0.35;0.12;0.12,1.1,200|200
0,1.3,0|0
0,1.9,0
0,1,0
0,1,0
0,1.1,0|0
1.82;0.25;0.22;0.06,1.1,200|200
0.03,1,200
0,0.7,204
0,0.7,0
0.03,0.7,200
0,1,0
0,1.6,0
0,1.9,204
0.02,1,200
0,1.1,0|0
0,1,0
0,1.6,0
0,0.7,0
0,1.9,0
0,0.7,0
0.24;0.08;0.07,1,200
0,1,0
0,1.3,0|0
0,1.1,0|0
0,1.1,0|0
0,1.1,0
0,1,0
0.21;0.07;0.03,1.6,200
0,1.1,0|0
0,1.1,0
0.24;0.12,1.9,200
0.03,1.6,200
0,1.6,0
0.32;0.08,1,200
0,1,0
0.17;0.12;0.09,1.9,200
0,1,0
0,1,0
0,1.6,0
0.04,1.1,200
0,1.3,0|0
0.01,1.1,200
0,1.1,0|0
0,1.6,0
0,1.9,0
0,1,0
0,1.6,0
0,1.1,0|0
0,1.9,0
0,1,0
0,1.1,0
0,1.3,0|0
0,1.1,0
0.01;0.01,0.7,200
0,1.9,0
0,1.9,0
0,1.9,0
0,0.7,0
0,1.3,0|0
0,1,0
0,1.3,0|0
0,1.6,0
0,1.3,204|204
0.02,0.7,200
0,0.7,0
0,1.9,0
0,1.1,0
0,1.1,0|0
0,1.1,0
0,1.1,0
0.04;0.01,1,200
0,1.1,0|0
0,1.3,0|0
0,0.7,0
0,1.1,204
0,1.9,0
0.01,0.7,200
0,0.7,0
0,1,0
0,1.9,0
1.03;0.8;0.49;0.44;0.14,1.6,200
0,1.1,0
0.09;0.01,1,200
0,1.1,0
0.76;0.25;0.07;0.03,1.6,200
0,1.3,0|0
0,1.1,0
0,0.7,0
0,1.1,0
0,1.3,0|0
0,0.7,204
0,1.9,0
0.54;0.2;0.03,1,200
0,1,0
0.29;0.04,1.3,200|200
0.76;0.05,1.9,200
0,1.1,0|0
0,1,204
0,1.1,0|0
0,1.1,0
0,1.6,0
0.46;0.21;0.14;0.13;0.08,1.6,200
2.51;1.92;1.43;0.84;0.34,1.9,200
0,1,0
0,1,0
0,1.1,0|0
0,1,0
0,1.1,0
0,1.3,204|204
0,1.9,0
0.01,1.1,200|200
0,1,0
0,1.6,0
0,1.6,0
0.23;0.12;0.08;0.04,0.7,200
0,0.7,0
0,1.1,0|0
0,1,0
0,1.9,0
0,1.6,0
0.18,1,200
0,1.1,0
0,1.1,0|0
0,1.6,0
0,1,0
0,1.1,0
0,0.7,0
0,1.1,0
0,0.7,0
0,0.7,0
1.23;1.03;0.7;0.19;0.06,1.6,200
0,1.1,0|0
0,1.6,0
0,1,0
0,1.3,0|0
0,1,0
1.03;0.21;0.11;0.09;0.04,1.6,200
0.04,1.1,200
0,1.1,0
0,0.7,0
0,1.9,0
0,1.9,0
0,1.6,0
0,0.7,0
0,1,0
0,1.1,0
1.03;0.26,1,200
0,1.3,0|0
0.07,1.6,200
0.04,0.7,200
0,0.7,204
0,0.7,0
0,1.6,0
0,0.7,0
0,1.1,0|0
0.27;0.06;0.02,1.1,200
0.84;0.04,0.7,200
0.03,1.3,200|200
1.8;0.81;0.35;0.14;0.12,1.6,200
0,1,0
0,1,0
0.04,1.1,200|200
0,1.1,0|0
0,1,0
0,1.1,0|0
0,1.6,0
0,1.6,204
0,1.3,0|0
0.84;0.76;0.28;0.22;0.04,1.9,200
0,0.7,0
0.8;0.07,1.1,200
0,0.7,0
0,1.9,0
0,1,0
0,1.1,204
1.3;0.08;0.07;0.01,0.7,200
0,1.1,0
0,1.1,0|0
0,1.1,0|0
0,0.7,0
0,0.7,0
0,1.6,0
0,1.9,0
0,1.9,0
0,1.1,0
0,1.3,0|0
1.68;0.23;0.01,1.9,200
0,1.1,0|0
0.04,1.1,200|200
0,1,0
0,1.1,0
0,1.9,0
0,0.7,0
0,1.9,0
0,0.7,0
0,1.6,0
0,1.6,0
0.8;0.05,1.3,200|200
0,1,0
0,1,204
0,1.3,0|0
0.01,0.7,200
0.23;0.18;0.04,1.3,200|200
0,1,204
1.6;0.21;0.08;0.06;0.04,1.3,200
0,1.3,0|0
0,1,0
0,1,0
0.24;0.01,1.1,200
0,1.9,0
0.04,1.1,200|200
0,1.1,0|0
0,1.1,0
0,1,0
0.21;0.02,1.3,200|200
0,1.9,0
1.17;1.03;0.04,1.9,200
0,1,0
3.2;0.33;0.08;0.07;0.03,1.1,200|200
1.84;1.03;0.27;0.05;0.02,1.3,200
0,1.9,0
0.12;0.01,1,200
0.4;0.34;0.11;0.08,1.1,200
0,1.6,0
0,0.7,0
5.6;0.84;0.18;0.08;0.05,1.6,200
0,1.9,0
0,1,204
0,1.1,0|0
0.76;0.44;0.36;0.21,1.6,200
0,1.9,0
0,1,0
0,1.9,0
0,1.3,0|0
0.54;0.21;0.04;0.04,1.1,200|200
0,1.3,0|0
0,1,0
0,1.3,204|204
0.3;0.08;0.04,1,200
0,0.7,0
0,1,0
0,1.3,0|0
0,0.7,0
0.23;0.11;0.04,1.6,200
0,1.1,0
0.02,0.7,200
0,1.6,0
0,1.9,0
0,1.3,0|0
0,1,0
0,1.9,0
2.4;0.64;0.53;0.12;0.12,0.7,200
0,1.1,0
0,0.7,0
0,1.6,0
0,1.6,0
0,1.9,0
0,1.1,0
0.38;0.3;0.22;0.03,1.9,200
0,0.7,0
0,1,0
0,0.7,0
4.21;0.8;0.67;0.12;0.08,1,200
0,1,0
0.32,1.3,200|200
0,1.9,0
0,1.3,0|0
0.02,0.7,200
0,1.1,0|0
0.01,1.6,200
0.32;0.13;0.05,0.7,200
0,1.9,0
0,0.7,0
0,1,0
0,1.1,0
0,1,0
0,1,0
0,1.6,0
0,1,0
0,1.3,200|204
0,1,0
0,1.9,0
0,1.3,0|0
0,1.9,0
0.12,1.9,200
0,1.6,0
0,1,0
0,1.9,0
0,1.9,0
0,1.3,0|0
0,0.7,0
0,0.7,0
0,0.7,0
0,1.1,0
0,1,0
0,1.6,204
0,1.3,204|204
0,1,204
0,1,0
1.04;0.96;0.36;0.29,1.1,200
0,1,0
0,1,0
0.03,1.3,204|200
0,1.3,204|204
0,1.6,0
0,1.1,0|0
0.05,1.1,200
0,1,0
0,1.1,0|0
0,1.1,204
0,1,0
0,1,0
0,1,0
0.04,1.1,200|200
0,1.6,0
0,0.7,0
1.16;0.22;0.2;0.04;0.03,1.1,200|200
0,1.3,0|0
0,1.1,0
0.41;0.23;0.08,1.9,200
0,1.9,0
0.02,1.1,200
0,1,0
0.03,1.1,200
0,1,0
0,1.9,0
0.02,1,200
0,1.6,0
0.02,1.9,200
0.21;0.03,1.1,200|200
0.03,1.9,200
0,1.9,0
1.93,1.9,200
0,0.7,0
0,1.1,0|0
0,1,0
0,1.3,0|0
0,1.9,0
0.2;0.08;0.04,1.1,200|200
0,1,0
0,1.6,0
0,1.1,0|0
1.6;0.28;0.25;0.11;0.07,1.3,200
0,1.6,0
0,1.1,0
0,1.9,0
0,1,0
0,1.6,0
0.8;0.03,1,200
0.07,1.6,200
0,1.9,0
0,1.6,0
0,1.9,0
1.49;1.03;0.9;0.32;0.21,1.3,200
0,1,0
0.76;0.3;0.21;0.04;0.01,1.6,200
0,1.3,0|0
0,1.3,0|0
0.46;0.3;0.24;0.23,0.7,200
0,1.6,0
0,1.1,0
0.28;0.04,1.1,200
1.48;0.8;0.35;0.08,0.7,200
0,1.6,0
0.01,1.9,200
0.04,1.1,200
0,1.1,0|0
0.46;0.4;0.39;0.06,0.7,200
0,1,0
0,1.1,0|0
7.76;0.21;0.13;0.09;0.03,1.3,200
0.01,1,200
0,1.3,0|0
0,1,0
2.28;0.2;0.12;0.12;0.1,1.9,200
2.52;0.19;0.1,1.3,200
0,1.1,0|0
0.02,1.1,200|200
0,1.1,0
0,1,0
0,1.3,0|0
0,1.1,0|0
0,1.9,0
0.02,1.6,200
0,1.1,0
0,1.6,0
0,1.1,0
0,1.1,0|0
0,0.7,0
0,1,0
0.02,1.6,200
0,0.7,0
1.73;1.23;0.08;0.03;0.01,1.9,200
0,1.6,0
0,1,0
0,1.3,0|0
0,1,0
0,1,0
0,1.1,0|0
0,0.7,0
0,1.9,0
0,1,0
0.09;0.03;0.01,1,200
0.39;0.36;0.06,1,200
0.33;0.21;0.04,1.1,200|200
0,1,0
0,1.9,0
0,1.3,0|0
0,1.1,0
0.22;0.2;0.09;0.08,1.1,200
0,1.3,0|0
0.08,1,200
0,0.7,0
0,1,0
0,1.6,0
0,1.1,0
0.32;0.02,1.1,200|200
0,1,0
0,1,0
0,1.6,0
0,1.3,0|0
0,1.1,0|0
0,1,0
0,1,0
0,1.1,0
0,1.3,204|204
0,1,0
0.84;0.04;0.04;0.01,1.9,200
0,1.1,0|0
1.23;1.2;0.25;0.24;0.08,1,200
0.76;0.3;0.08;0.02,1,200
0.21;0.19;0.05;0.04,1.9,200
0,1,0
0,0.7,0
0,1,0
0,1.1,0
0,1.1,0|0
1.03;0.52;0.33;0.25;0.12,1.9,200
0,1,0
0,1.3,0|0
0.04;0.01,1.1,200
0,1,204
0.33;0.19;0.05;0.04;0.03,1.6,200
1.03;0.8;0.17;0.12;0.04,1.9,200
0,1,0
0,1,0
0,1,0
0,1.1,0
0.21;0.05,0.7,200
0,1.3,0|0
0,0.7,0
0,1.1,0
0.02,0.7,200
0.06;0.01,1,200
0.04,1.9,200
0,1.6,0
0,1,0
2.66;1.72;1.14;0.81;0.12,0.7,200
0.07,1,200
0.04,0.7,200
1;0.22;0.16;0.04,1.1,200|200
0,1.9,0
0,0.7,0
0,1.3,204|204
0.84;0.23;0.01,1.1,200
0,1.9,0
0,1,0
0,1.6,0
1.16;0.34;0.2;0.08;0.06,1.6,200
0,1,0
0,1.3,0|0
0,1.1,0
0,1,0
0,1.6,0
0,1.1,0
0,1.6,0
0,0.7,0
0.03;0.01,1.1,200
0,1.3,0|0
0,1.9,0
0,0.7,0
0,1.1,0
0,1,0
0.07,1.1,200|200
0,1,0
0,1.3,0|0
0,1.6,0
0,1.3,204|204
0,1,0
0,1.6,0
0,1.1,0
0,1.6,0
0,1.6,204
0,1,0
0,1.9,0
2.01;1.42;0.06,1.3,200
0,1.9,0
0,1.1,0
0.01;0.01,1.9,200
0,1,0
0,1.3,0|0
0,1,0
0.03,0.7,200
0,1,0
0,1.6,0
0,1,0
0.8;0.56;0.15;0.12;0.06,1.1,200|200
2.2;0.49;0.33;0.24;0.17,1,200
0,1.1,0|0
0,1.1,0|0
0,1,0
0.01,1,200
0.33;0.2,1.6,200
0,1.1,0|0
0,1.1,0|0
0,0.7,0
1.1;0.81;0.24;0.22,1.3,200|200
0,1,0
0,1,0
0,1.6,0
0,0.7,204
0,1.1,0
0,1.1,0|0
5.2;1.66;1.03;0.14;0.12,0.7,200
0,0.7,0
0,1.1,0
0,0.7,0
0,1.6,204
0,1.3,0|0
0,1.6,0
0,1.1,0|0
0.76;0.21,1.1,200|200
0,1.1,0|0
0,1,0
0,1,0
0,0.7,0
0,1.1,0|0
0.8;0.02,1.1,200
0,1.3,0|0
0,1,0
0.84;0.16;0.04,1.3,200|200
0,1.1,204
0,0.7,0
0,1.6,0
0,0.7,0
1.68;0.66;0.08;0.02,1.1,200
3.2;2.28;0.1;0.08;0.07,1.3,200|200
0.21,1.6,200
0,1,0
0.02,1.3,204|200
0.05,1.3,204|200
0,1,0
0,1.3,0|0
0,1,0
0.84;0.05;0.01,1.9,200
0,1.1,0|0
0.47;0.31;0.18,1,200
0,1.1,0
0,1.6,0
0.21;0.17;0.07;0.05,1.3,200|200
0,1,0
0.06,1.6,200
0,1,0
0,1.1,0|0
0,1.3,0|0
1.03;0.76;0.17;0.06,1.6,200
0,1.9,0
0,1,0
0,1,0
0,0.7,0
0,1.1,0|0
0,1,0
0.8;0.65;0.34;0.32;0.08,1.1,200
0,1,0
0,1,0
0.21;0.2;0.02,1.1,200
0.19;0.01,1.3,200|200
1.16;1.03;0.33;0.14;0.14,1,200
0,0.7,0
0,1,0
0,1.1,0|0
0,1,0
0,1.1,0
0.44;0.17;0.06;0.04;0.01,1.1,200|200
0,1.1,0|0
0,1,0
0.02,1.9,200
0.81;0.01,1.9,200
0,1.9,0
0,1.3,0|0
0,1.1,0|0
0.27;0.06,1.3,200|200
0.04,0.7,200
0.29;0.08;0.07,1.3,200|200
0,1.1,0|0
0,1.6,0
0,0.7,0
0,1.1,0
0,0.7,0
0,1.1,0|0
0,1.1,0
0,1.1,0
0,1,204
0,0.7,0
0.04,1.1,200|200
0,1.6,0
3.2;2.4;1.43;0.22;0.14,1.1,200
0.03,1.9,200
0,1.1,0|0
0,1,204
0,1.3,204|204
0,1.1,0
0,1,0
0,1.9,0
0,1.1,0|0
0,1.6,0
0,1.9,0
0.01,1.6,200
0,1.3,0|0
0,1.3,0|0
0,0.7,0
0,1.6,0
0,1.6,0
0,1,0
0,1,0
0,0.7,0
0.08,1,200
0,1.3,0|0
0.35;0.06;0.05,1.1,200|200
0,1.9,0
0,1.1,0|0
0,0.7,0
0,1.1,0
0,1.9,0
0,0.7,0
0,1,0
0,0.7,204
0,1.9,0
0,0.7,0
0,1,0
1.44;0.01,1.3,200|200
0,0.7,0
0,1.9,0
0.04,1.1,204|200
0,1.3,0|0
0,1.1,204|204
0.32;0.03,1.3,200|200
0,0.7,204
0.2,1.9,200
0,1,0
0,1.1,0
0,1.6,0
0,1,0
0,1.6,0
0.15;0.01,1.3,200|200
0,0.7,0
0,1.3,0|0
0.24,0.7,200
0.27;0.17;0.06;0.01,1.1,200|200
0.19;0.01,1,200
0,0.7,0
0,1.9,0
0,1.9,0
0,1.1,204|204
0,1.1,204
0,1.1,0
0,0.7,0
0,1.6,204
0,1.6,0
0,1,0
0,0.7,0
0,1.1,0|0
0.04,1,200
0,1,0
0,1.9,0
0,1.9,0
0,1.3,0|0
0,1.3,0|0
1.23;0.8;0.21;0.12;0.04,1.6,200
0,1,0
0,0.7,0
0,1,0
0.08;0.03,1,200
0,1,0
0,1.6,0
0,1.6,0
0,1.3,0|0
0,1.6,0
0,1.6,0
1.03;0.18;0.04,1.9,200
0,1.9,0
0,1.6,0
0.27;0.26;0.18;0.08,1.1,200|200
0,1.3,0|0
9.97;1.68;0.92;0.83;0.8,1.6,200
0,0.7,0
0,0.7,0
0,1.1,0
0.11,1.1,200|200
0,1.3,0|0
0,1,0
0.8;0.04,1,200
0,1.1,0|0
0,1.1,0|0
0,1.6,0
0,0.7,0
0,1.6,0
0,0.7,204
0,1.1,0
0,1.9,0
0,1.1,0
0.81;0.04;0.04,1.1,200
0,1,0
0,1.1,0|0
0,0.7,204
0,1.3,0|0
1;0.33;0.1;0.09;0.08,0.7,200
0.57;0.34;0.08;0.04;0.01,1.1,200|200
1.03;0.35;0.04,1,200
0,1.1,0|0
0.02,1.6,200
0,0.7,0
3.38;0.84;0.23;0.07;0.05,1.9,200
0,1.6,0
1.03;0.28;0.11,1,200
0,1.1,0|0
0,1.1,0
0,1,0
0,1.1,0
0.25;0.1;0.03,1.6,200
0.04,1,200
0,1.1,0
0,1,0
0,1,0
0,1,0
0,1,0
0.2;0.12,1.6,200
0.16;0.03,0.7,200
0,1.6,0
0,1.9,0
3;0.21;0.04,1.3,200
0.21;0.02;0.01,1,200
0,1.1,0
0,1,0
0,1,0
0.01,1,200
0,1.3,200|204
0,1,0
0,1.1,0|0
0,1.6,204
0,1.1,0|0
0,1.1,0|0
0,1.9,204
0.04,1.1,200|200
1.2;0.34;0.08,1,200
0.02,1,200
0,1.6,204
0,1.6,0
0,1,0
0.12;0.09,1.9,200
0.01;0.01,1.6,200
0,0.7,0
0,1.3,0|0
0,1,0
0.24;0.04;0.02,1,200
0,0.7,0
0,1,0
0,1,0
0,1,0
0,1.1,0|0
0,1.9,0
0,1.6,0
0,1.9,0
0,1.9,0
0,1.6,0
1.3;0.48;0.12;0.06;0.04,1.9,200
0,0.7,0
0,1.9,0
0,1.1,0
0.76;0.08;0.08;0.02,1,200
0,1.6,204
0,1.6,0
0,1.1,0|0
0,0.7,0
1.26;1.2;0.64;0.21;0.05,1,200
0,1.1,0|0
0,0.7,0
0,1,0
0,1.1,0|0
0,1.1,0
0,1,0
0,1,0
0.92;0.21;0.16;0.1,1.3,200|200
0,1.1,0
0,1.6,204
0,1,0
0,0.7,0
0,1.9,0
0,1.9,0
0,1,0
0,1.1,0|0
0.01,0.7,200
0,1.6,0
0,1.1,0|0
0,1.1,204
0,1,0
0,1.1,0|0
0.21;0.08;0.07;0.03,1,200
0.32;0.22;0.08;0.06,1.1,200|200
0.36;0.22;0.21;0.04,1.6,200
0,1.6,0
0,1.6,0
0,1,0
0,1.1,0|0
0,1.1,0|0
0,1.3,0|0
0,1.1,0|0
0,1.1,0|0
0,1.9,204
0,0.7,0
0,1,0
0.01,1.9,200
0,1.6,0
0,1,204
1.2;1.03;0.53;0.38;0.33,1.9,200
0,1.1,0|0
0.15;0.07,1,200
0,1,0
0,1.9,0
0,1.6,0
0,1.9,0
0,1.6,0
0,1.3,0|0
0,1.1,0
0.13;0.02,1.9,200
2.2;0.81;0.44;0.21;0.07,1.9,200
0,1.1,0|0
0,1.6,0
1.23;0.51;0.39;0.07;0.04,0.7,200
0,1,0
0,1.1,0
0,1.1,204|204
0,1,0
0,1,0
0,1,0
0,1.1,0|0
0,1.6,0
0,0.7,204
0,1.1,0|0
0,1.3,0|0
0,1,0
0,1.3,0|0
0,0.7,0
0,1.3,0|0
0,1.1,0
0.02,1,200
0,1.1,0
0,1,0
0,0.7,204
0,0.7,0
0.02,1.1,200|200
0,1,0
0,1,204
2.4;1.69;1.43;0.04,1.6,200
0.04;0.01,1.3,200|200
0,1.6,0
0.4;0.35;0.16;0.04,1.1,200
0,1,204
0.05,1.6,200
0,1.1,0
0,1,0
0.21;0.08,1.3,200|200
0,1.6,0
1.87;0.67;0.21;0.05,1.3,200|200
3.2;1.46;0.8;0.67;0.16,1,200
0,1.1,0
0,1.9,0
0,1.6,0
0,1.3,0|0
0,1,0
0,1.3,0|0
0,1.3,0|0
0,1,0
0,1.1,0|0
0,1.9,204
0,1.1,0
0,1.6,0
0,1.6,0
0,1.9,204
0,1.3,204|204
0,1.6,204
0.02,1.1,200
0,1.3,0|0
0,1.9,204
0,1.9,0
0,1,0
0.8;0.04,1.3,200|200
0,1.1,0|0
0,1.1,0
0,1.9,0
0.19,1,200
0,1.1,0|0
0,0.7,0
0,1,0
0,1,204
0,1.6,0
0,1,204
0,0.7,0
0,0.7,0
0,1.9,0
0,1,0
0,1.9,204
0,1.3,0|0
0,1.9,0
0.84;0.21;0.12;0.04,1,200
0,1,0
0,1.9,0
0,1.3,0|0
0,1.6,0
0,1.9,0
0,1,0
0,1.9,0
1.6;1.23;0.3;0.1;0.04,1.1,200
0,1,0
0.8;0.02,1.9,200
0,1.1,0
0,1.9,0
0,1.1,0
0,1.9,0
0.84;0.34;0.19;0.05;0.04,1.9,200
0,1.1,0
0,1,0
0,1.6,0
0,1.1,200|204
0.03,0.7,200
2.51;0.96;0.8;0.24;0.08,0.7,200
0.22;0.12;0.12;0.11;0.04,0.7,200
0,1,0
0,1,0
0,1.1,0
0.36;0.26,1.1,200
0,1,204
0,1.1,0
0.4;0.36;0.07;0.01,1.3,200|200
0,1.1,0
0,0.7,0
0,1,0
0.26;0.17;0.16;0.14;0.04,1.3,200|200
0,1.9,0
0,1,0
0,1.1,0
0,0.7,0
0,1.6,0
0,1.3,204|204
0,1.3,0|0
1.48;1.16;1.03;0.15;0.07,0.7,200
0,1.6,0
0.01,1,200
0,1.3,0|0
0,1.1,0|0
1.17;0.22;0.07,0.7,200
0,1.1,0
0,1.9,0
0.2;0.04;0.04;0.01,1.9,200
0,1.3,204|204
0,1.6,0
0,1.6,0
0,1.1,0
0,1.1,0
0,1.9,0
0,1,0
0,1.9,0
0.01,1.3,200|200
0,1.3,0|0
3.53;2.92;1.23;0.23,1,200
0,1,204
0,0.7,0
0.04,1,200
0,1.3,0|0
0,1.6,0
0,1.1,0|0
2.28;1.03;0.08;0.04,1.3,200
0,1.1,0|0
0,1,0
0.34;0.16;0.09;0.02;0.02,1,200
0,1.9,0
0,1,0
0,1,204
0.34;0.23;0.17;0.15;0.06,1.1,200
0.16;0.08;0.04;0.04,1.3,200|200
0,1,0
0,1.1,0
0,0.7,0
0,1.1,0|0
0,1.3,0|0
0,1.1,0|0
0,1.1,0|0
0,0.7,0
0.8;0.64;0.2;0.17;0.11,1.1,200|200
0,1.1,0
0.21;0.14;0.08,1.9,200
0,1.3,0|0
1.23;0.22;0.05;0.01,0.7,200
0,1.1,0
0,1.6,0
0,0.7,0
0,1.9,204
0,1.1,0
0,1,204
0,1.3,0|0
0.27;0.04,1.3,200|200
0,1,0
0.07,1.3,200|200
0,1.3,0|0
0.71,1.3,200|200
0.23;0.05;0.05,1,200
0,1,0
0,1.1,204|204
0,1.3,0|0
0,1.1,204|204
0,1.1,0|0
0,1.1,0|0
0,0.7,0
0,1.1,0|0
0,1.6,0
0,1,0
0,1,0
0,0.7,0
0,0.7,0
0,1.1,0|0
0,0.7,0
0,0.7,0
0,1,0
0,1.1,0
0,0.7,0
0,1.9,0
0,1.1,0
0,1,204
0,1.9,0
0,1.3,0|0
0,0.7,0
0,1,0
3.98;0.28;0.25;0.21;0.15,1,200
0,1.9,0
0.05;0.01,1.6,200
0,1,0
0.23;0.12;0.04,1,200
0,1.9,0
0,1.6,0
0,1.6,0
0,1.1,0|0
0,1,204
1.23;1.03;0.79;0.46;0.45,1.6,200
0,1.1,0|0
0,1.1,0|0
0,1.6,0
0.64;0.51;0.21;0.15;0.08,1.1,200|200
0,1.9,0
0,1.1,0|0
0,1,0
0.03,1.6,200
0,1.1,0|0
0,0.7,0
0,1.9,0
0,1.1,0|0
0.12;0.04,1.1,200
0,1.3,0|0
0,1,0
0,1.3,0|0
0,1,0
0,1.1,0|0
0,1.1,0
0,1.9,0
0,1.6,0
0,1.3,0|0
1.4;0.26;0.08,1.3,200
1.17;1.13;0.36;0.02;0.01,1,200
0,1,0
0,1.9,0
0,1.1,0
0,1.1,0
0,1.1,0
0,1.3,0|0
0,1.6,0
0,1,0
0,1.3,0|0
0,1.3,0|0
0,1.6,0
0,1.1,0
0,1.1,0|0
0,1.6,0
0,0.7,0
0,1.3,0|0
0.63;0.3;0.05;0.03,1.9,200
0,1,0
0,1.1,0
0,1.3,0|0
0,1,0
0.81;0.21;0.03,1.6,200
0.23;0.06;0.06,1.3,200|200
0,1.6,0
0.01,1.3,200|200
2.4;1.42;0.09;0.03,1.9,200
3.2;0.44;0.23;0.03;0.02,0.7,200
0.26;0.19;0.11;0.09;0.02,1.1,200
0,1.6,0
0,1.1,204
0,1.9,0
0,1.9,0
0,1,0
0,1.3,0|0
0,1,0
1.52;1.23;0.08;0.04,0.7,200
0,1.6,204
0.17;0.04,0.7,200
0,1,0
0,1.9,0
0,1.3,0|0
0.22;0.21;0.21;0.2,1.1,200
0,1,0
0,1,0
0,1,0
0,1,0
0.07,1.9,200
0,1.3,0|0
0,1.3,0|0
0,1.1,0
1.03;0.21;0.09;0.09,0.7,200
0,1.9,204
0.03,0.7,200
0,0.7,0
0,1.9,0
0,1.9,0
0,1.1,0
0,1.6,0
0,1.6,0
0,1.1,0
0.01,1.1,200
0,1,0
0,0.7,204
0,1.1,0
0,1,0
0.8;0.04,1.1,200
0,1.9,0
0.19,1,200
0,1,0
0.06;0.01,0.7,200
0,1.1,0|0
1.22;1.15;0.19;0.08;0.07,0.7,200
0.17;0.11;0.08,1.6,200
0,1.3,0|0
0,1.1,0
0,1.3,0|0
1.66;1.2;0.12;0.12,1.9,200
0,1.9,0
0,1,0
0,1.6,0
0,1,0
0,1.9,0
0,0.7,0
1.33;1.14;1.03;0.44;0.34,1.1,200
0,1.1,0|0
0,1.1,0
2.03;0.44;0.27,1.3,200
2.28;1.05;0.81;0.1;0.09,1.9,200
0,1.6,0
0.88;0.6;0.29;0.09;0.03,1,200
0.89;0.12,1.3,200|200
0,1.9,0
0,1.1,0|0
0,1.9,0
0,1.3,0|0
0,1.1,0|0
0,1.1,0
0.21;0.05;0.03;0.01;0.01,1.6,200
0,1.1,204
0.05,0.7,200
0.06,1.1,200
0,1,0
0,1.9,0
0.62;0.6;0.13,1.3,200|200
0,1,0
0,0.7,0
0,1.3,0|0
0,1.6,0
0,1.3,0|0
0,1.1,0
0.21;0.02,1.6,200
0,1,0
0,0.7,0
0,1,0
0,1,0
0,1.9,0
0,1.1,0|0
0,1.1,0|0
0,1.6,0
0,1,0
0.02,1.6,200
0,1.3,0|0
0.89;0.25;0.22,1.1,200
0,1.6,204
0.63;0.02,1.3,200|200
0.36;0.27;0.09,1.9,200
0,0.7,0
0,1.1,0|0
0,1.6,0
0,1.6,0
0,1.6,0
0,1.3,0|0
0.08,1.1,200
0.03,1,200
0,1.9,0
0,1.1,0
0,0.7,0
0,1.3,0|0
0,0.7,0
0,1.1,0
0,1.1,0
0,0.7,204
0,1.6,0
0,0.7,0
0,1.3,0|0
0,1.3,0|0
0.24;0.21;0.09,1.3,200|200
0,1.1,0|0
0,1.1,0
0,1,0
0,1,0
0,1.1,0
1.32;1.03;0.06,1.6,200
0.32;0.06;0.01,1,200
0,1.1,0
0,1.3,0|0
0,1.6,0
0,1.3,0|0
0,1.3,0|0
0.3;0.01,1.6,200
0.05;0.04,1.6,200
0.64;0.6;0.29;0.27;0.08,0.7,200
0,1.1,0|0
0.21;0.04;0.02,1.1,200|200
0,1,0
0.03,1.9,200
0.16;0.02,1.1,200|200
0,1.3,0|0
0,1.6,204
0,1,0
0.21;0.04,1.1,200
0,1.1,0
0,1.3,204|204
0.08,1,200
1.03;0.92;0.12;0.12;0.12,1.6,200
0,1,204
0,0.7,0
0,1.9,0
0,1.9,0
0.02,1.1,200|200
0,1.1,0
0.21;0.1;0.08;0.06,0.7,200
0,1.9,0
0,1.1,0|0
0,1.1,204|204
0,1.9,0
2.8;0.26;0.01,1.6,200
0,1,0
0.84;0.39;0.24;0.21;0.07,1.3,200|200
0,0.7,0
0.16;0.12;0.05,1.9,200
0.32;0.01,1.1,200
1.16;0.32;0.07;0.03;0.02,1.9,200
0,1.1,0|0
0.51;0.16;0.07;0.05;0.04,1,200
0,1.3,0|0
0,1.1,0
0,1,0
0,1,0
0.07,1.6,200
0,1.6,0
0,1.9,0
0,1,0
0.22;0.22;0.09;0.06,1.1,200|200
0.02;0.01,1.1,200|200
0,1.1,0|0
0,1.3,0|0
3.2;1.03;0.21;0.17;0.02,1.3,200
0,1,0
0.35;0.17;0.1;0.08,1,200
0,1.6,0
0,1.1,0|0
0,1.9,204
0,1.9,0
0,1,0
0,1,0
0,1.1,0|0
0,1,0
0,1,0
0,1,0
0,1.1,0
0,0.7,0
0,1.1,0|0
0,1.1,0
0,1.3,0|0
0,1.1,0
0,1.1,0
0,1.6,0
0.35;0.1,1.3,200|200
0,1.3,0|0
0,1.1,0
0,1.1,0
0,1.3,0|0
0,1,0
0,1.1,0
0,1,0
0,1.6,0
0,1,0
0,1.6,0
0,1,0
0,1.1,0|0
0,1.1,0|0
0,1.1,0
0,1.1,0
0,1.6,0
0,1.3,0|0
0,1.1,0
0,1.1,0|0
0,0.7,0
0,1,0
0,1.1,204|204
1.51;0.06,1.3,200
0,1.6,0
0,1.1,0
0,1.3,0|0
1.13,0.7,200
0,1.9,0
0,1.6,0
0,1.9,0
0,0.7,0
0,1.1,0
0,1,0
0,1.6,0
0,1.9,0
0,1.3,0|0
0,1,0
0,1.6,0
0,1.1,0|0
0,1,0
0,1.3,204|204
0,0.7,0
0.27;0.11;0.02;0.01,1.3,200|200
0,0.7,0
0,1.3,0|0
0,0.7,0
0,1.9,0
0,1,0
0.02,0.7,200
0,1,0
0,1,0
0,1,0
0,1,0
0,1.9,0
0,1.1,0|0
0,1.3,0|0
0,1.1,0|0
0,1.1,204|204
0.07,1.1,200|200
1.13;0.28;0.16;0.04,1.1,200|200
0,1.1,0
0.01,1,200
0,1.1,204
0,1.3,0|0
0,1.3,0|0
0,1.6,0
0,1,0
0,1,0
0,1.1,0|0
0.21;0.08;0.07;0.03,1.1,200|200
0,1.1,0|0
0,1.1,0|0
0,1.1,0|0
1.03;0.87;0.2;0.19;0.08,1.1,200
0.32;0.03,1,200
0.22;0.08;0.06;0.04;0.02,1.6,200
0.35;0.08;0.01,1.9,200
0,1.3,0|0
0,1.1,0|0
0,0.7,0
0,1.9,0
0,1.1,0
0,1.9,0
0,1,0
0,1.9,0
0.01,1.1,200
0,1,0
0,1,0
0,1.9,0
0,0.7,0
0,1,0
0,1.6,0
9.21;2.63;0.45;0.25;0.16,1.1,200|200
0,1.3,0|0
0.45;0.36;0.21,1,200
0,1.3,0|0
0,1.3,0|0
0,1,204
0,1,0
0,1,0
0,1,0
0,1.3,0|0
0,1.1,0|0
0,1.9,0
0,1.9,0
0,0.7,0
0,1,0
0,1.1,0
0,1.1,0|0
0,1.6,0
0,1.9,0
0,1.1,0
0.8;0.44;0.2;0.11;0.02,1.3,200|200
0,0.7,204
0,0.7,0
0,1.1,0
0.16;0.06,1,200
0.2,1,200
0.05,1.3,200|200
0,1.9,0
0,1,0
0,1.9,0
0,1,0
0,1,0
0.34;0.21;0.06;0.01,1,200
0,0.7,0
0,1,0
0,0.7,0
2.28;1.14;1.03;0.48;0.14,1.3,200
0,1.6,0
0,1.1,204
0,1,204
0,1.6,0
0,1.6,204
1.36;1.03;0.19;0.11;0.02,1.1,200
0,1.1,0
0,0.7,0
0,1.9,0
0,1.1,0|0
0,1.3,0|0
0,1.3,0|0
0,1,0
0,1.6,0
0,1.1,0|0
0,1,0
0,1.9,0
0,1,0
0,0.7,0
0,1.1,0|0
0,1.1,0
0,1.9,0
0,0.7,0
0,1,0
0,0.7,0
0,1.1,0
0.04,0.7,200
1.14;0.11;0.08;0.08,1.6,200
0,1.1,0
0.2,0.7,200
4;1.19;0.79;0.21;0.02,1.6,200
0,1.1,0
0,1,0
0,1,0
0,1.6,0
0,1.1,0|0
0,1.1,0
0,1.3,0|0
0.08;0.04,1,200
0,0.7,0
0,1.1,0|0
0,1.1,0|0
0,1,0
0,1.1,0
0,1.1,0|0
0.08;0.02,1,200
0.08;0.02,1,200
0,1.1,204
0,1,0
0,1.6,0
0,1.1,0
0,0.7,0
0,1.1,0|0
0,1.3,0|0
0,1.6,0
0.13;0.05,1,200
0,1.1,0|0
0,1.9,0
0,1.9,0
0,1.1,204|204
0,1.9,204
0,1.1,0
0.02,0.7,200
0,1.9,0
0,0.7,0
0.06;0.02,1.6,200
0,1.9,0
5.56;0.92;0.09;0.09;0.04,1.3,200
0,1.6,0
0,1,0
0,1,0
0,0.7,0
0.21;0.1;0.03,1.6,200
0,1.1,0
0.04,1,200
0.01,0.7,200
0,1.3,0|0
0,1.9,0
0.64;0.25;0.07,1.6,200
0,1.1,0
0,0.7,0
0,1.1,0|0
0,1.1,0|0
0,1,0
0.03;0.03;0.01,1.1,200|200
0,1,0
2.03;1.13;0.12;0.08;0.08,1.9,200
0,1.1,0|0
0,1.3,0|0
0,1.1,0|0
0,0.7,0
0,1.3,0|0
0,1.3,0|0
0.04,1,200
0.01,1.3,200|200
0.04,1.1,200
0,1.9,204
0.18;0.11;0.08;0.01,1.1,200
1.31;0.32;0.26;0.08;0.06,1.3,200
0,1,0
0,1.1,0
0,0.7,204
0,1.1,0|0
0,1.1,0
0.01,1.9,200
4.17;0.2;0.08;0.02,1.6,200
0.02,1.6,200
0,1.3,0|0
0,1.1,0|0
0,1.3,0|0
0,1,0
0.01,1,200
0.02,1,200
0,1.1,0
0,1.1,0
0,1.3,0|0
0,1,0
0.09;0.04,1.1,200
0.84;0.04,1,200
0,1.6,0
0.8;0.24;0.19;0.07;0.03,1.1,200
0,1.1,0|0
0,1.6,0
0,1.6,0
0.08,1.3,200|200
0,1.9,0
0,1.1,204
0.04,1.3,200|200
0,1.3,0|0
0,1.9,0
0,0.7,0
0,0.7,0
0.12;0.04,0.7,200
0,1,0
0.03,1.9,200
1.13;1.03;0.35;0.25;0.07,1.9,200
1.47;0.16;0.12;0.09;0.04,1.3,200
0,1,0
0,1.1,0
0,1,0
0.16;0.08;0.04,1.1,200|200
0,1.1,0|0
0.28,0.7,200
0,1.3,0|0
0,1,0
0.02,1.1,204|200
0,1,0
0,1.6,0
0,1.3,0|0
0.03,1.1,200|200
1.91;0.02,1,200
0,1.3,0|0
0,1.1,0|0
0,1.1,0
0,1.6,204
0,1.1,0|0
0,0.7,0
0,0.7,0
0,0.7,0
0,1.6,0
0.61;0.6;0.28,1,200
0,1,0
0,1.1,0
0.6;0.41;0.13;0.04,1.3,200|200
0,1.3,0|0
0,1.6,0
1.16;0.84;0.21;0.05,1.6,200
0,1.1,0
0,0.7,0
0,1,0
0,1.3,0|0
0,1,0
0.77;0.21,1.1,200|200
0,1.3,0|0
0,1.1,0
0,1,0
0.64,1.3,204|200
0,1.3,0|0
0,1,0
1.74;0.69;0.21;0.09;0.01,1.1,200
0,1,0
0,1.1,0|0
0.31;0.17;0.06;0.03,1.6,200
0.01,1.9,200
0,1.1,0
0,1.9,0
0,1,0
0,1,0
0,1.1,0|0
0,1,0
0,1.6,0
0,1,0
0,1,0
0,1,0
1.15;0.81;0.2;0.08;0.04,1.9,200
0.16;0.12;0.07;0.06;0.03,0.7,200
0,1.3,0|0
0,1.1,0|0
0,1,0
0,1.3,0|0
0,1.6,0
0,1.3,0|0
0,1.1,0
0,1.6,0
0,1.6,204
0,1.1,0|0
0,0.7,0
0.85;0.32;0.05;0.03,1.9,200
0,1.6,0
0,1,204
0,1.1,0
0,1.1,0
1.67;1.49;0.04;0.03,1.6,200
0,0.7,0
0,0.7,0
1.68;1.03;0.64;0.39;0.23,1.3,200
0.9;0.34;0.09;0.08;0.04,1.1,200|200
0,1.9,0
0.01,1.1,200
0,1.1,0|0
0,1.9,0
0,1,0
0,1.3,0|0
0.21,1.3,200|200
0,1.1,0|0
0,1.1,0|0
0,1.3,0|0
1.71;1.17;0.21;0.11;0.02,1.3,200
0,1.3,204|204
0,1.1,0
0,1.9,0
0,1.1,204
0,1.1,0|0
0,1.1,204|204
0,1.1,0|0
0,1.1,0
0,1.9,0
0.12;0.04,0.7,200
4.17;0.84;0.64;0.22;0.13,1.6,200
0,1,0
15.31;1.03;0.03;0.02,1.1,200
0,1.1,0|0
0,1.1,0
0,1.1,0|0
0.34;0.08,0.7,200
0,1.1,204
0.42;0.33;0.11;0.06;0.05,1.3,200|200
1.03;0.27;0.04,1.6,200
0,1.9,0
0,1.9,0
0,1.3,0|0
0,1,0
0,1,0
0,0.7,0
0,1.1,0
0,1.1,0|0
0,1.3,0|0
0,1,0
0.08,1,200
0,1.1,0
0.8;0.01,1.1,200|200
3.2;1.03;0.81;0.22;0.09,1.6,200
1.04;0.84;0.21;0.02,1.6,200
0,0.7,0
0,0.7,0
0,1.9,0
0.05,1,200
0,1,0
8.26;0.36;0.34;0.26;0.12,1.6,200
0.77;0.56;0.2;0.12;0.11,1.9,200
1.23;0.21,1.1,204|200
0,1.9,0
0,1.1,0
0,1.1,0|0
8;0.34;0.23;0.12;0.07,1.3,200
0,1.3,0|0
0.56;0.07;0.07;0.06,1.1,200|200
0,1.6,0
0,1.6,0
0,1.6,0
0,1.6,204
0,1,0
0,1.1,0
0,1.9,204
0,1.6,0
0,1.3,0|0
0,1.6,0
0,1.6,0
0,0.7,204
33.32;2.2;0.6;0.01,1.3,200
0,1.9,0
0,1.3,0|0
0,0.7,0
0,1.1,204|204
0,1.6,0
0.01,1.3,200|200
0,1.9,0
0,1.6,204
0,0.7,0
0,1.9,204
0.05,1.1,200
0,1.3,0|0
0.01,1.9,200
0,1.6,0
0,1.1,0|0
0,1.3,0|0
0,1.9,0
0,1,0
0,0.7,0
0.76;0.2;0.13;0.09;0.05,1.1,200|200
0.05;0.04,1.6,200
0,1.1,0|0
0,1.1,0|0
0,1.9,0
0,1.3,0|0
0,1.6,0
0,0.7,0
0,0.7,0
0,1,0
0,1.1,0
0,1.6,0
0,1,0
0.07,1,200
0.01;0.01,1.1,200
0.09;0.04;0.01,1.3,200|200
0,1.6,0
0.48;0.28;0.27;0.23;0.19,0.7,200
0,1.1,0
0,1.3,0|0
0,1.6,0
1.14;0.05;0.04,1,200
0,1.3,204|204
0,1.9,0
0,1.3,0|0
0,1.1,0|0
0,1.3,0|0
0.04,1.3,200|200
0,1.1,0|0
0,0.7,0
1.13;0.15,1.1,200
2.42;2.2;0.31;0.24;0.24,1.9,200
0,1.3,0|0
0,0.7,0
1.32;0.3;0.21;0.16;0.13,1.6,200
0,1.3,0|0
0.16,1.9,200
0,1.6,0
0.12;0.02,1,200
0,1.6,0
0,1.6,0
0,1.3,0|0
0,1.6,0
0,1,0
0,1,0
0,1.1,0
0.19;0.16;0.14;0.05,1,200
0,0.7,0
0,0.7,0
4.64;0.34;0.08;0.08,1,200
0,1,0
0,1.1,0
0,1.1,0
0.16;0.13;0.07;0.04,1,200
1.03;0.36;0.27;0.06;0.02,1.9,200
0.73;0.22;0.21;0.01,1.6,200
0,1.6,0
1.03;0.81;0.21;0.05;0.02,1,200
0,1.6,204
0,0.7,0
0,1.9,0
0.84,1.6,200
0,1.1,0|0
0,1.1,0|0
0.02,1.9,200
0,1.9,0
0,1.1,0|0
0,1.1,0
0,1,0
0,1.1,0
0,1.1,0|0
0,1.1,0
0,1.6,0
0.36;0.35;0.08;0.07,1,200
0,0.7,204
0.82;0.22;0.17;0.05,0.7,200
0,1.9,204
0,1.1,0
0.2,1.9,200
0,1.1,0
0,1,0
0.17;0.09;0.07,1.1,200|200
0,1.9,0
0.07;0.01,1.3,200|200
0.14,1,200
0,1,0
0,1.3,204|204
0,1.1,0
0,1.6,0
0,1.6,0
0,1.6,0
0,1.1,0|0
0,1.1,0|0
0,1.1,0
0,1.1,0|0
0.08,1.1,200|200
0,1.9,0
0,1,0
0,1.9,0
0,1.3,0|0
0,1.1,0|0
0,0.7,0
0.38;0.23;0.07,1,200
0.29;0.27;0.04;0.03,1.1,200
0.28;0.13;0.07,1.3,200|200
0,1.1,204|204
0,0.7,0
0,1.3,0|0
0,1,0
0,1.9,0
0,1.9,0
0,1,204
0.08;0.02,1,200
0.02,1.1,200
1.03;0.28;0.03,1,200
0,1.6,0
0,1.1,0
0,1.6,0
0,1,0
0.44;0.28;0.11;0.04;0.02,1.3,200|200
0,0.7,0
0.09;0.02;0.01,1.3,200|200
0,1.1,0|0
0,1.1,204
0,1,0
0.01,1,200
0,0.7,0
0,0.7,0
0,1,0
0,1.3,0|0
0,1.1,0
0,1.1,0|0
0,1.9,0
0,1,0
0,1.6,0
0,1,0
0,1,0
0,1.6,0
0,1.3,0|0
0,1.9,0
0,1,0
0.21;0.04;0.04,0.7,200
0,0.7,204
0,0.7,0
0,0.7,0
0.01,1.1,200
0,1.1,0
0,1.3,0|0
0,1,0
0.26;0.17;0.09,1,200
0,1,0
0,1,0
1.14;0.6;0.34;0.16;0.12,1.1,200
0,1.1,0
0,0.7,0
0,0.7,204
0,1.1,200|204
0,1.9,204
0,0.7,204
0.27;0.23;0.16;0.08;0.03,1.9,200
0.02,1.1,200
0,1.1,204|204
0,1,0
0,1,204
0,1.1,204
0,1.6,0
0,1.3,0|0
0,1.3,0|0
0,1.1,0
0.05,1,200
0,1.6,0
0,1.3,0|0
0,1.3,204|204
0,1.6,0
0,1.3,204|204
1.23;0.18;0.09;0.08;0.06,0.7,200
0,1,0
0,1.1,0
1.03;0.23;0.07,1,200
1;0.21;0.16;0.09;0.07,1,200
0,1.6,0
0,0.7,0
0,1,0
0,0.7,0
0,1.3,0|0
0,1.1,0|0
0.23;0.16;0.06;0.06,1,200
0,1.6,0
1.03;0.1;0.03,1.3,200|200
0,1.1,0|0
0,1,0
0,1.3,0|0
0.02,1.3,200|200
0.28;0.27;0.23;0.19;0.16,1.9,200
0,1,0
0.21;0.05;0.01,1.1,200
0,0.7,204
0,1.1,0
0,0.7,0
0,1.3,0|0
0,1.9,0
0,1,0
0.3;0.26;0.04,1.1,200
0,1.6,0
0.01,1.6,200
0,1.1,0
0,1.9,0
0,1.1,204|204
0.07,1,200
0,1.1,0|0
0,1.3,0|0
0,1.6,0
0,1.1,0|0
0,1.1,0|0
0,1,0
0,0.7,0
0,0.7,0
2.8;1.03;0.27;0.08;0.02,1.1,200
0,1.9,0
0,1.1,0
1.32;0.47;0.22,1.9,200
0,1.9,0
0,1.9,0
0,1.1,0
0.02,0.7,200
0.04,1,200
0,1.1,0
0,1.6,0
1.32;0.89;0.17;0.04;0.03,1.9,200
0,1.6,0
0,1.1,0|0
0,0.7,204
2.32;0.44;0.1;0.09;0.02,1.3,200
0.4;0.28;0.07,1,200
0.03,1.3,200|200
2.2;0.44;0.12;0.08;0.04,1.3,200|200
0,0.7,0
0,1,0
0,0.7,0
0,1,0
0,1.1,0
0,1.6,0
0,1.1,0|0
0,1.6,0
0.17;0.08;0.07;0.01,1,200
0,1.9,0
0,0.7,0
0.05,1.6,200
0,1,0
0,1,0
0,1.1,0|0
0,1,0
0,1.1,0
0.01,0.7,200
0,1.9,0
0,1.9,0
0,1.6,204
0.32;0.17;0.08,1,200
0,1,0
0.01,1.6,200
0,0.7,0
0,1.1,0
0,0.7,0
0,1.1,204|204
0,1,0
0,1.1,200|204
0,1.1,0
0,1.9,0
1.01;0.89;0.26;0.08,1.6,200
0,1,0
0,1.1,0
0,1.6,0
0,1.9,0
0,1.6,0
0.17;0.06;0.06;0.04,1,200
0.28;0.21;0.02,1.9,200
0.32;0.08,1.1,200|200
0,1.3,0|0
0,1,0
0,1.1,0
0,1.1,0|0
0,0.7,0
0,1,0
0,1.1,0
0,1.9,0
0,1.9,204
0,1.3,0|0
0,1.3,0|0
0,1,0
0,1.1,0|0
0,1.6,0
0,1.6,0
3.2;1.72;0.12;0.07;0.02,1,200
0.4;0.16;0.06;0.06;0.01,1,200
1.03;0.06;0.04;0.03;0.01,0.7,200
0,1,204
0,1.6,0
0,1.6,0
0,1.1,0
2.8;0.36;0.24;0.05;0.04,1.3,200
0.28,0.7,200
0,1.1,0
1.03;0.24;0.2;0.16;0.11,1.9,200
0,1.1,0|0
0,1.6,0
0,1,0
0.02,1.9,200
0,1.1,0
0,1,204
0,1.3,0|0
0,1.1,0|0
0,1.1,0|0
0,1.1,0
0,1.1,0
0,1.1,0
0,1.6,0
0,1.6,0
0,1.6,204
0,1.9,0
0,1.1,204
0.04,0.7,200
0,1.1,0
0,1.6,0
0,1,0
0.27;0.02,1.3,200|200
0,1,0
0,1.1,0|0
0,1.9,0
0,1.3,0|0
0,1.1,0
0,0.7,204
0,1.6,204
0,1.1,0|0
0.74;0.34;0.08;0.06,1,200
0.34;0.04;0.03,1.1,200|200
0,1.9,0
0,1.6,204
0,0.7,204
0,1.9,204
0,1.1,0|0
1.69;1.03;0.56;0.43;0.34,1.6,200
0,1.6,0
0,1.9,0
0,1.6,0
0,1.1,0|0
0.01;0.01,1,200
0,1.6,0
0,1.9,0
0,1.1,204|204
0.12;0.11,1,200
0,1,0
0,1.9,0
0,1.1,0|0
0,1.6,0
3.2;0.21,1.9,200
0,1.1,0|0
0.89;0.68;0.55;0.21;0.06,1.1,200
0,1.9,0
0.76;0.07;0.06,1.6,200
0,1,0
0,1.1,0|0
0.01,1.6,200
0,0.7,0
0,1,0
0,1,0
0,1,0
0,0.7,0
0,1.9,0
0.04,0.7,200
0,0.7,204
0.44;0.35;0.17;0.04;0.03,1.1,200|200
0,1.3,204|204
0,1.6,0
0,1.6,0
0,1.9,0
0,0.7,0
0,1,0
0,1,0
0,1.9,0
0,1.6,0
0,1,0
0,1.1,0|0
0,1.1,0|0
0,0.7,0
0,1,0
0,1,0
0,1.6,0
0,1.3,0|0
0.28;0.04,0.7,200
0,1.9,0
0,1.6,0
0.68,0.7,200
0,1.1,204|204
0.23;0.06;0.04;0.04,1.6,200
0,1.1,0|0
0,0.7,0
0,1.1,0
0,1.1,0
0,1.9,0
2.11;1.23;1.03;0.21;0.04,1.6,200
0,1.3,0|0
0,1.1,0
0,1,0
0,1,0
0,1.9,0
0,1.1,0
0.37,0.7,200
0,1,0
0,1.3,204|204
0,1.1,204
0,1.1,0
0,1.3,0|0
0,1.3,0|0
0,1.3,0|0
0.02,1,200
0,1.9,0
0,1.3,0|0
0,1.1,0
0,1.6,0
0,1.1,0|0
0,1.9,0
1.14;0.16;0.1;0.04;0.04,1.1,200|200
0,0.7,0
1.2;0.19;0.17;0.03,1.1,200|200
0,1,0
0,1.3,204|204
0,1.6,0
0,1.1,0|0
0,1.9,204
0,1.3,0|0
0,0.7,0
0.01,1.1,200
0,1.1,204|204
0,1.9,0
0,1.1,0|0
4.4;1.13;0.47;0.27;0.17,1,200
0,1.3,0|0
0,0.7,0
0,1.1,0|0
0,1.9,0
0.31;0.2;0.19;0.08;0.04,1.1,200
0,1.3,0|0
0,1.3,0|0
0,0.7,0
0,1.3,0|0
2.17;1.27;0.35;0.1,1.3,200
0,1.3,0|0
0,1,0
0,1.1,0
0,1,0
0.08,1.6,200
0,1.1,0
0,1,0
0,1.6,0
0,1,0
0.32;0.01,1.6,200
0,1.1,0|0
0,1.1,0|0
0,0.7,0
0,1.1,0|0
0,1.3,0|0
0,1.3,204|204
0,1.6,0
0.96,1.1,200|200
0,1,0
0,1.1,204|204
0,1,0
0,1.9,0
0,1.1,0|0
0,0.7,0
0,1.6,0
0,1.3,0|0
0,0.7,0
0,1.6,0
0,1.3,0|0
0,1.1,0|0
0,0.7,0
0,1.1,0
0,1.3,0|0
0.08,0.7,200
0,1.1,0
0.01,1.1,200
0,1.9,204
0.02,1.1,200
0,1,0
0,1.1,0
0,1.1,0|0
0.01,1.9,200
0,1.6,0
0,1.1,204
0,1,0
0,1.9,0
0,1.1,0
0,1.6,0
0,0.7,0
1.03;0.2;0.08;0.07;0.03,1,200
0,1.1,0|0
0,1,0
0.03,0.7,200
0.25;0.22;0.07;0.05,1.1,200|200
0,1.6,0
0,1.3,0|0
0,1.9,0
0,1,0
0,1.9,0
0,1.1,0
0,1.1,0
0,0.7,0
0,1.9,0
1.76;0.25;0.2;0.07;0.04,1.3,200
0,0.7,0
0,1.3,204|204
0,1,0
0,1.3,0|0
0,0.7,0
0,1.3,0|0
0,1.1,204
0,1.1,0
0,1.1,0|0
0,1,0
0,1.1,0|0
0,1.9,0
0,0.7,0
0,1,0
0,0.7,0
0,1.6,204
0,1.1,0|0
2.23;1;0.38;0.16;0.08,1.9,200
0,1,0
0,1.1,0
0,1.3,0|0
0,1,0
0,1.9,0
3.8;0.03,1.6,200
0,1.1,0|0
2.8;0.17;0.12;0.1;0.07,1.6,200
0,1.9,0
0,0.7,0
0.01,1.1,200
0,1.1,0
0,1.9,0
1.14;1.03;0.34;0.13;0.08,1.9,200
0,1.1,204|204
0,1.1,0|0
0,1.9,0
0,1.1,0
0,1,204
0,1.6,204
0,1.1,0|0
0,1,0
0.08,0.7,200
1.03;0.9;0.34;0.14;0.08,1,200
0.4;0.2;0.05,1,200
0,1.6,0
0.19;0.04,1,200
0,1.1,0|0
0,1,0
0,1,0
0,1.6,0
0,1.1,0|0
0,1.6,0
0.16;0.14;0.12;0.04,1.9,200
0,1,0
0,1.9,0
0,1.1,0|0
0,1.1,0|0
0,1.3,0|0
0,1,0
0,0.7,0
0.21;0.02;0.02;0.01,1.3,200|200
0,1.9,0
1.16;1.08;0.96;0.67;0.38,1.9,200
0,1.1,0|0
0.06,1.3,200|200
0,1,0
0,1.3,0|0
0,1.9,0
0,1.6,0
0,0.7,0
0,1.1,0|0
0,1.1,200|204
0,1.1,0
0,1.1,200|204
0,1.9,0
0,1.1,0|0
0.21;0.19;0.16;0.04,1.6,200
0,1.3,204|204
0,0.7,0
0,1.9,0
0,1.6,0
1.12;1.03;0.27;0.16;0.04,1.6,200
0,1.6,0
0,1.3,204|204
0,1,0
0.02;0.02,1.6,200
0.1;0.01,1.1,200
0.01,1.9,200
0,1.9,0
0,1.3,0|0
0.09;0.01,1.1,200|200
0,1,0
0,1.3,0|0
0,0.7,204
0,1,0
1.03;0.35;0.23;0.2;0.16,1.9,200
0,0.7,0
0,1.3,0|0
0.17,1.6,200
0,1,0
0,1.1,0
0,1.1,204
0,1.1,0|0
0,1.6,0
0,1.1,0|0
0,1.1,0|0
0.02,1.1,200
0,1.9,0
0,1.9,0
0,1,0
0,1.3,0|0
0,1,0
0,1.1,0|0
0,1,0
0,1.1,0|0
0,1.1,0
0,1.3,0|0
0,0.7,0
0,0.7,0
0,1,0
0,1.1,0|0
0.28;0.04;0.04;0.03,1.1,200|200
1.52;0.8;0.36;0.2;0.09,1.6,200
0,1.6,0
0,1.1,0
0,1,0
0,1,0
0,0.7,204
0,1.6,0
0.01,0.7,200
0,1.6,0
0,1.3,0|0
0,1,0
0.03,1.9,200
0,1,0
0,1.1,0
0,1.1,0
0,1.1,0
0,1.9,0
0,0.7,0
0,1.1,0
0,1,0
0,0.7,0
0,1.9,0
0.17;0.07;0.06,1,200
0,1.6,0
0,1.6,0
0.02,1.1,200
0,1,0
0,1,0
0,1.9,0
0,1.3,0|0
0.28;0.19,0.7,200
0.16;0.08;0.08;0.07;0.02,1.1,200|200
0,1.9,0
0,1,0
0.01,1.1,204|200
0,1,0
0,1.1,0
0,1,0
0,1.1,0
0,0.7,0
0,1.3,0|0
0,1,0
0,1.1,0|0
2.04;1.84;0.51;0.14;0.04,1.3,200
0,1,0
0,1.1,0|0
1.14;0.81;0.23;0.12;0.08,1,200
0,1.1,0
0.04,1.1,200
0,1.3,204|204
0,0.7,0
0,1.9,204
0,1.1,0
0,1.9,0
0,1,0
0,1.9,0
0,0.7,0
0,1.3,0|0
0,1.9,0
0,1,0
0,1.3,0|0
0.12;0.09;0.08,1.1,200|200
0,1.6,0
0.01;0.01,1.1,200
0,1.9,0
0,1.6,0
0.07,1.3,200|200
0,1.1,0
0,1.9,0
0.2;0.16;0.16;0.08;0.02,1.1,200
0.01,1.1,200|200
0,1,0
0,1.3,0|0
0,0.7,0
0,1.1,0|0
0,1.1,204|204
0,0.7,0
0.02,1.1,200
0,1.6,0
0,0.7,0
0,1.3,0|0
0,1.3,0|0
0.02;0.01,1.6,200
0,1.1,0|0
0,1.6,0
0,1.6,0
0,0.7,204
0,1.1,0|0
0.6;0.02;0.01,1.1,200|200
0,1.9,0
0,1.1,204
0.62;0.17;0.04,1.3,200|200
0,1.9,0
0.27;0.14;0.06;0.04,1,200
0.04,0.7,200
0,1.1,0|0
1.2;0.39;0.27;0.02,1.9,200
0,0.7,0
0,0.7,0
0,1.1,0|0
0,1.9,0
0,1.1,0|0
0,1.1,0|0
0,1.9,204
0,1.6,0
0,1.1,0|0
0,1.1,0
1.33;1.13;0.91;0.35;0.06,1.3,200
0,1.3,0|0
0,1.3,0|0
0,1,0
1.03;0.02,1.6,200
0.02,0.7,200
0,1.1,0|0
0,1,0
0,0.7,0
0,1,0
0.03,0.7,200
0,1.9,204
0,1.9,204
0,0.7,204
0,1,0
0.01;0.01,1.6,200
0,1.3,0|0
0,1.3,0|0
0.02,1.3,200|200
0,1.1,204
0,1.3,0|0
0,1.1,0|0
0,1.9,0
0,1,0
0,0.7,0
0,1.3,0|0
0,1.1,200|204
0,1.1,0|0
0.89;0.36;0.16,1.1,200|200
0,1.1,204
0,1.1,0|0
1.03;0.29;0.28;0.24;0.08,1.1,200
0,1,0
0,1,0
0,1.1,0|0
1.03;0.28;0.23;0.04;0.01,0.7,200
0,1.6,0
1.03;0.59;0.41;0.29;0.21,1.9,200
0,1,0
0,1,0
0,1.1,0|0
0,1.1,0|0
0,0.7,204
1.13;1.03;0.35;0.12;0.06,1.6,200
0,0.7,0
0,1.6,0
0.76;0.52;0.21;0.14,1.1,200
0,1.1,0
0,1,204
0,1.1,0
0,0.7,0
0,1.3,0|0
1.03;1.02;0.67;0.16;0.04,1.6,200
0,1,0
0,1.3,0|0
0,1.6,0
0,1.6,0
0,0.7,0
0,1.1,204|204
0,1.6,0
0,1.6,0
0,1.1,0
1.13;0.18;0.04;0.02;0.01,1.1,200|200
0,1,0
0.78;0.14;0.09;0.08;0.03,1.6,200
0,1,0
0,1.9,0
0,1.1,0|0
0,1.1,0|0
0,1.6,204
0,1.6,0
0,1,0
0,1.3,204|204
0,1.3,0|0
0,1.1,0
0,1.9,0
0,1.6,0
0,1.6,0
0,1.1,0
0,1.6,0
1.48;0.16;0.08;0.08,1,200
0.4;0.17;0.09,1.6,200
0,1.3,0|0
0,1,0
0,1.3,204|204
0.34;0.26;0.2;0.01,1.1,200|200
0,0.7,0
0.18;0.03;0.02,1.6,200
0,1.1,0|0
0,1.3,204|204
0,1.1,0
0,1.3,0|0
0,1,0
0,1,0
0,1.9,0
0,1.1,0|0
0,1.6,0
0,1.1,0|0
0,1.3,0|0
0,0.7,0
0,1.1,0
0,1.3,0|0
0.05,1.3,200|200
1.03;0.84;0.27;0.21;0.12,1.1,200
0,1.9,0
0,0.7,0
0,1.1,0
0,1.3,0|0
0,1.1,0|0
0,0.7,0
1.24;1.03;0.52;0.22;0.09,1.9,200
0,1,204
0,1.6,0
2.04;1.13;0.67;0.24;0.16,0.7,200
0,0.7,0
0,1.1,0|0
0,1.3,0|0
0,1.9,0
1.36;1.03;1.03;0.06;0.04,1.6,200
0,1.9,0
0,1,0
0,1.1,0|0
0,1.9,0
0,1.6,0
0,1.6,0
0,1,0
0,1.9,0
0.04;0.01,1,200
0,1.6,0
0.64,1.1,200|200
0,1,0
0,1.6,0
0,1.6,0
1.16;0.04;0.03;0.02,1.1,200
0,1.3,0|0
0,1,0
0,0.7,0
0,1.1,0|0
0,0.7,0
0,1,0
0,1,0
0,1.1,0|0
0,1.6,0
0,1.6,204
0,1.1,0|0
0,1.3,0|0
0,1,0
0,1.1,0|0
0,1,0
0,1.1,0
0,1.1,0|0
0,1,204
0,1.6,204
0,1.6,0
0,1.1,0
3.2;0.26;0.08,1.1,200
4,1,200
0,1.1,0|0
0,1.3,0|0
0,1.1,0
0,1,0
0,1.3,0|0
7.52;0.26;0.24,1.6,200
0.17;0.09;0.08;0.04;0.04,1.9,200
0,1,0
0,1,0
0,1.9,204
0,1,0
0,1.3,0|0
0,1.1,0
0,1.6,0
0,1.9,0
0,0.7,0
0,1.1,0|0
0.21,1.1,204|200
0,1.6,0
0.76;0.17;0.08;0.07;0.06,1.1,200
0,1.6,0
0,1.6,0
0,1.9,0
0,1.3,0|0
0.89;0.27;0.25;0.12,0.7,200
0,1.1,0|0
0.76;0.04,1.6,200
0,1,0
0,1,0
0.19;0.07;0.07;0.06,1.1,200
0.2,1,200
0,1,0
0.33;0.06;0.04,1,200
1;0.76;0.16;0.08;0.04,1.6,200
0,1.6,204
0.2,0.7,200
3.2;1.16;0.84;0.02,1.3,200
0,1.3,0|0
0,1.9,0
0,1.1,0
0,1.9,0
0,1.3,0|0
0,1.9,0
12.93;3.03;0.25;0.05,1.3,200
0,1,0
6.35;0.19;0.12,1.3,200
0.25;0.04,1.6,200
0,1.3,204|204
0,1.1,0|0
0,1.6,204
1.03;0.28;0.01;0.01,1.1,200
0,1,0
0,1.9,0
0.48;0.09;0.08;0.06;0.04,1,200
0.08;0.06;0.03,0.7,200
0,1.6,0
3.03;1.13;0.9;0.19;0.04,1.9,200
0.36;0.26;0.12;0.04,1.1,200|200
0,1.6,204
1.15;0.36;0.24,1.1,200
0,1.6,204
0,0.7,0
0,0.7,0
0.02,1.1,200|200
0.21;0.19;0.14;0.04,1.1,200
0,1,0
0.48;0.01,1.1,200
0,1.6,0
0,1.1,0|0
0,1.1,0
0.01,1.6,200
0.03,1.9,200
0,1.1,0
0,1.1,0
0,1.6,0
0,1.3,0|0
0,1.1,0
0,1.3,0|0
1.18;0.36;0.09;0.06,1.6,200
0,1.9,0
0.27;0.21;0.07,1.1,200|200
2.47;1.55;1.35;0.49;0.2,1.1,200
0,1.1,0|0
0,1.3,0|0
0,1.9,204
1.03;0.19,1.1,200
0.17;0.07;0.06,1.3,200|200
0.02,0.7,200
0,1.1,0
0,1,204
0,0.7,0
0,1,204
0,0.7,0
0,1.6,0
0,1.3,204|204
0,1.3,0|0
0,1,0
0,1.1,0
0,1,0
0,1.1,204
0,1.9,0
0,1,204
0.02,1.3,200|200
0,1.3,0|0
0,1.1,204
0.02,1.6,200
0,1.9,0
0,1.1,0
0,1,204
0,1,204
0,0.7,0
0.24;0.03;0.02,1.3,200|200
0,1.9,0
0,1.3,0|0
0,1,0
0,1.6,0
0,1,0
0,1.1,204
0,1.6,0
0,1.6,0
0,1.1,0|0
0,1,0
0,1.1,0
0,1,0
0,1,0
0,1,0
0,1.9,0
0,1.3,204|204
0.32;0.26,1.1,200|200
0,1.9,0
0,1.1,0|0
0,0.7,0
2.04;0.28,1.6,200
0,1,0
0.09;0.01,1.1,200|200
0,0.7,0
0,1.3,0|0
0,1.6,0
0.58;0.27;0.06,1.9,200
0.17,1.6,200
0,1.3,0|0
0,1.1,0
0,1.6,0
0,1,204
0,1.3,0|0
1.16;0.23;0.14,1.3,200|200
0,1.9,0
0,1,0
0.01;0.01,1,200
0,1.6,0
0.01,1.1,200
0,1.6,0
0,1.6,204
0,1.3,0|0
0.06,1,200
0,0.7,0
0.21;0.17;0.16,1.6,200
0,1.9,204
0,1,0
0,1.1,0|0
0,1.9,0
1.2;0.29,1.1,200|200
0,1.1,0
0,1.1,0
0,0.7,0
0,1.6,0
0,1.9,0
0,1.9,204
0,1,0
0,1.1,204|204
2.04;1.03,1.3,200
0.08,1.6,200
0,1.1,0
0,1.9,0
0,1.9,0
0,1.9,0
0,0.7,0
0,1.1,0|0
0,0.7,0
0.28;0.09,1,200
0,1,0
0,1.3,0|0
0,1,204
0,1.6,0
0,1,0
0,1.3,0|0
0.35;0.19;0.16,1.6,200
0,0.7,0
0,1.9,0
3.2;0.89;0.64;0.27;0.06,1.9,200
0,1.9,0
0.89;0.16;0.07;0.04;0.03,0.7,200
0,1.1,0|0
0,1.9,0
0.69;0.27;0.02,1,200
0,1.1,0
0.24;0.08;0.01,1.9,200
0,1,204
0,1.3,0|0
0,1,204
0,1.6,204
0,1,204
0,1.6,204
1.16;1.03;0.11;0.07;0.05,1.1,200
0,0.7,0
0,1.9,0
0,1.1,0
0,0.7,204
0,1,0
1.36;1.03;1.02;0.89;0.42,1.3,200
0,1.1,0
0,1.1,0
0,1.6,0
0.84;0.17,1,200
0,0.7,0
0,1,0
0.18;0.05;0.04;0.03,1.1,200
0,1,0
0,1,0
2.08;1.2;0.67;0.18,0.7,200
0,1.6,204
0,1,0
0,1,0
0,1.1,204
0,1.1,0
0,1.3,0|0
3.2;1.03;0.32;0.28;0.12,1.6,200
0.25;0.12;0.02;0.02,0.7,200
0,1.1,0
0,1,204
0,1.9,0
0,1.9,0
0,1.9,0
0,1,204
0,1.6,0
0,1.3,0|0
0.17;0.11;0.07;0.06;0.03,1.9,200
0,1.1,0
0,1.6,0
0.02,1.6,200
0,1.9,0
0,1.1,0|0
0,1.6,0
0,1.3,0|0
0,1.1,0|0
0,1.3,200|204
0,1.9,0
0.18;0.01,1,200
0,1.3,0|0
0.28;0.09;0.08,1,200
0,1.1,0|0
0,0.7,0
0,1,0
0,1.9,0
0,1.1,204|204
0,1.6,0
0,1.9,0
0,1,0
0.28;0.07;0.04;0.01,1.9,200
0.01,1,200
0,1.6,0
0.06,1.9,200
0.64;0.18;0.04,0.7,200
0,1.1,204|204
0,1.1,0
0,1.9,0
1.03;0.28;0.02;0.01,1.1,200
0,0.7,0
0,1.3,204|204
0,1,0
0.02,1.3,200|200
0,1.6,0
0,1.3,0|0
1.03;0.21;0.07,0.7,200
0.17;0.08,0.7,200
0,0.7,0
0,1.9,0
0.23;0.21;0.04,1.6,200
0.35;0.03,1.9,200
0,1.1,0
0,1.9,0
0,1.3,0|0
0,1.3,0|0
0,1,0
0,1.6,0
0,1.9,0
0,1.1,0
0.01,1.1,200
0,1.9,0
1.03;0.06;0.03;0.02,1.6,200
0.01,0.7,200
0,1.1,0
0,1,0
0,1.1,0
0,1.1,0
0,1.3,0|0
0,0.7,0
0,1,0
0,1.9,0
0,1.3,204|204
0,1.6,0
0,1.1,0|0
0,1.1,0|0
0,1,204
0,1.1,204|204
0,1,0
0,1,0
0,0.7,0
0,0.7,0
0,1,0
0,1.6,0
